frame,node,parent,type,name,geometry,layout,bindings,reactions,review_scope
12:82,12:82,12:81,FRAME,Style Guide — Brand,"[0, 0, 1280, 706]","[""VERTICAL"", ""FIXED"", ""HUG"", ""NO_WRAP"", 0, 0, 0, 0, 0, true, ""AUTO"", {""horizontal"": ""MIN"", ""vertical"": ""MIN""}, null, null]",null,null,Structural inventory; findings and text review identify assessed defects
12:82,12:83,12:82,FRAME,Frame,"[0, 0, 1280, 64]","[""HORIZONTAL"", ""FIXED"", ""FIXED"", ""NO_WRAP"", 0, 32, 0, 32, 0, true, ""AUTO"", {""horizontal"": ""MIN"", ""vertical"": ""MIN""}, null, null]",null,null,Structural inventory; findings and text review identify assessed defects
12:82,12:84,12:83,TEXT,MIND LEVER X · WEB FOUNDATIONS,"[32, 23.5, 210, 17]",null,null,null,Structural inventory; findings and text review identify assessed defects
12:82,12:85,12:83,TEXT,VERSION 1 · SEP 2026,"[1121, 23.5, 127, 17]",null,null,null,Structural inventory; findings and text review identify assessed defects
12:82,12:86,12:82,FRAME,Frame,"[0, 64, 1280, 199]","[""VERTICAL"", ""FIXED"", ""HUG"", ""NO_WRAP"", 56, 64, 48, 64, 14, true, ""AUTO"", {""horizontal"": ""MIN"", ""vertical"": ""MIN""}, null, null]",null,null,Structural inventory; findings and text review identify assessed defects
12:82,12:87,12:86,TEXT,Brand foundation,"[64, 56, 314, 55]",null,null,null,Structural inventory; findings and text review identify assessed defects
12:82,12:88,12:86,TEXT,"The core identity: confident, clear, evidence-led, and recognizably Mind Lever X.","[64, 125, 700, 26]",null,null,null,Structural inventory; findings and text review identify assessed defects
12:82,12:89,12:82,FRAME,Frame,"[0, 263, 1280, 191]","[""HORIZONTAL"", ""FIXED"", ""HUG"", ""NO_WRAP"", 32, 64, 32, 64, 72, true, ""AUTO"", {""horizontal"": ""MIN"", ""vertical"": ""MIN""}, null, null]",null,null,Structural inventory; findings and text review identify assessed defects
12:82,12:90,12:89,FRAME,Frame,"[64, 32, 300, 72]","[""VERTICAL"", ""FIXED"", ""HUG"", ""NO_WRAP"", 0, 0, 0, 0, 8, true, ""AUTO"", {""horizontal"": ""MIN"", ""vertical"": ""MIN""}, null, null]",null,null,Structural inventory; findings and text review identify assessed defects
12:82,12:91,12:90,TEXT,Primary logo,"[0, 0, 300, 26]",null,null,null,Structural inventory; findings and text review identify assessed defects
12:82,12:92,12:90,TEXT,Use the full mark and wordmark on spacious brand moments. Preserve clear space around it.,"[0, 34, 300, 38]",null,null,null,Structural inventory; findings and text review identify assessed defects
12:82,12:93,12:89,FRAME,Frame,"[436, 32, 780, 127]","[""VERTICAL"", ""FIXED"", ""HUG"", ""NO_WRAP"", 28, 28, 28, 28, 20, true, ""AUTO"", {""horizontal"": ""MIN"", ""vertical"": ""MIN""}, null, null]",null,null,Structural inventory; findings and text review identify assessed defects
12:82,12:94,12:93,FRAME,Primary logo — cloned from hero,"[28, 28, 179, 32]","[""HORIZONTAL"", ""HUG"", ""HUG"", ""NO_WRAP"", 0, 0, 0, 0, 12, false, ""AUTO"", {""horizontal"": ""MIN"", ""vertical"": ""MIN""}, null, null]",null,null,Structural inventory; findings and text review identify assessed defects
12:82,12:95,12:94,FRAME,Logo Mark,"[0, 0, 32, 32]","[""HORIZONTAL"", ""FIXED"", ""FIXED"", ""NO_WRAP"", 0, 0, 0, 0, 0, false, ""AUTO"", {""horizontal"": ""MIN"", ""vertical"": ""MIN""}, null, null]",null,null,Structural inventory; findings and text review identify assessed defects
12:82,12:96,12:95,FRAME,cross,"[7, 7, 18, 18]","[""NONE"", ""FIXED"", ""FIXED"", ""NO_WRAP"", 0, 0, 0, 0, 0, true, ""AUTO"", {""horizontal"": ""MIN"", ""vertical"": ""MIN""}, null, null]",null,null,Structural inventory; findings and text review identify assessed defects
12:82,12:97,12:96,VECTOR,Vector,"[1.499400019645691, 1.499400019645691, 15.001199722290039, 15.001199722290039]",null,null,null,Structural inventory; findings and text review identify assessed defects
12:82,12:98,12:94,TEXT,Wordmark,"[44, 2.5, 135, 27]",null,null,null,Structural inventory; findings and text review identify assessed defects
12:82,12:99,12:93,TEXT,Clear space: at least the height of the X mark,"[28, 80, 271, 19]",null,null,null,Structural inventory; findings and text review identify assessed defects
12:82,12:100,12:82,FRAME,Frame,"[0, 454, 1280, 252]","[""HORIZONTAL"", ""FIXED"", ""HUG"", ""NO_WRAP"", 32, 64, 32, 64, 72, true, ""AUTO"", {""horizontal"": ""MIN"", ""vertical"": ""MIN""}, null, null]",null,null,Structural inventory; findings and text review identify assessed defects
12:82,12:101,12:100,FRAME,Frame,"[64, 32, 300, 91]","[""VERTICAL"", ""FIXED"", ""HUG"", ""NO_WRAP"", 0, 0, 0, 0, 8, true, ""AUTO"", {""horizontal"": ""MIN"", ""vertical"": ""MIN""}, null, null]",null,null,Structural inventory; findings and text review identify assessed defects
12:82,12:102,12:101,TEXT,Brand voice,"[0, 0, 300, 26]",null,null,null,Structural inventory; findings and text review identify assessed defects
12:82,12:103,12:101,TEXT,"Short, direct statements. Lead with the buyer problem, support with evidence, and end with a concrete next step.","[0, 34, 300, 57]",null,null,null,Structural inventory; findings and text review identify assessed defects
12:82,12:104,12:100,FRAME,Frame,"[436, 32, 780, 188]","[""VERTICAL"", ""FIXED"", ""HUG"", ""NO_WRAP"", 28, 28, 28, 28, 20, true, ""AUTO"", {""horizontal"": ""MIN"", ""vertical"": ""MIN""}, null, null]",null,null,Structural inventory; findings and text review identify assessed defects
12:82,12:105,12:104,TEXT,CLEAR · CREDIBLE · USEFUL · FORWARD-LOOKING,"[28, 28, 334, 20]",null,null,null,Structural inventory; findings and text review identify assessed defects
12:82,12:106,12:104,TEXT,“Be found in the new era of search.”,"[28, 68, 700, 49]",null,null,null,Structural inventory; findings and text review identify assessed defects
12:82,12:107,12:104,TEXT,Prefer plain language over hype. Make every claim specific enough to trust.,"[28, 137, 700, 23]",null,null,null,Structural inventory; findings and text review identify assessed defects
13:893,13:893,0:1,FRAME,MindLeverX — About,"[14730, 876, 1440, 2451]","[""VERTICAL"", ""FIXED"", ""HUG"", ""NO_WRAP"", 0, 0, 0, 0, 0, true, ""AUTO"", {""horizontal"": ""MIN"", ""vertical"": ""MIN""}, null, null]","{""fills"": [{""type"": ""VARIABLE_ALIAS"", ""id"": ""VariableID:2:3""}]}",null,Structural inventory; findings and text review identify assessed defects
13:893,13:894,13:893,INSTANCE,Header / Desktop,"[0, 0, 1440, 80]","[""HORIZONTAL"", ""FIXED"", ""HUG"", ""NO_WRAP"", 24, 96, 24, 96, 0, false, ""AUTO"", {""horizontal"": ""MIN"", ""vertical"": ""MIN""}, null, null]",null,null,Structural inventory; findings and text review identify assessed defects
13:893,I13:894;13:169,13:894,FRAME,Brand Identity,"[96, 24, 179, 32]","[""HORIZONTAL"", ""HUG"", ""HUG"", ""NO_WRAP"", 0, 0, 0, 0, 12, false, ""AUTO"", {""horizontal"": ""MIN"", ""vertical"": ""MIN""}, null, null]",null,"[{""action"": {""type"": ""NODE"", ""destinationId"": ""13:167"", ""navigation"": ""NAVIGATE"", ""transition"": null, ""resetVideoPosition"": false}, ""actions"": [{""type"": ""NODE"", ""destinationId"": ""13:167"", ""navigation"": ""NAVIGATE"", ""transition"": null, ""resetVideoPosition"": false}], ""trigger"": {""type"": ""ON_CLICK""}}]",Structural inventory; findings and text review identify assessed defects
13:893,I13:894;13:170,I13:894;13:169,FRAME,Logo Mark,"[0, 0, 32, 32]","[""HORIZONTAL"", ""FIXED"", ""FIXED"", ""NO_WRAP"", 0, 0, 0, 0, 0, false, ""AUTO"", {""horizontal"": ""MIN"", ""vertical"": ""MIN""}, null, null]",null,null,Structural inventory; findings and text review identify assessed defects
13:893,I13:894;13:171,I13:894;13:170,FRAME,cross,"[7, 7, 18, 18]","[""NONE"", ""FIXED"", ""FIXED"", ""NO_WRAP"", 0, 0, 0, 0, 0, true, ""AUTO"", {""horizontal"": ""MIN"", ""vertical"": ""MIN""}, null, null]",null,null,Structural inventory; findings and text review identify assessed defects
13:893,I13:894;13:172,I13:894;13:171,VECTOR,Vector,"[1.499400019645691, 1.499400019645691, 15.001199722290039, 15.001199722290039]",null,null,null,Structural inventory; findings and text review identify assessed defects
13:893,I13:894;13:173,I13:894;13:169,TEXT,Wordmark,"[44, 2.5, 135, 27]",null,null,null,Structural inventory; findings and text review identify assessed defects
13:893,I13:894;13:174,13:894,FRAME,Navigation Links,"[780, 29, 564, 22]","[""HORIZONTAL"", ""HUG"", ""HUG"", ""NO_WRAP"", 0, 0, 0, 0, 32, false, ""AUTO"", {""horizontal"": ""MIN"", ""vertical"": ""MIN""}, null, null]",null,null,Structural inventory; findings and text review identify assessed defects
13:893,I13:894;13:175,I13:894;13:174,TEXT,Nav Link 1,"[0, 0, 39, 22]",null,null,"[{""action"": {""type"": ""NODE"", ""destinationId"": ""13:167"", ""navigation"": ""NAVIGATE"", ""transition"": null, ""resetVideoPosition"": false}, ""actions"": [{""type"": ""NODE"", ""destinationId"": ""13:167"", ""navigation"": ""NAVIGATE"", ""transition"": null, ""resetVideoPosition"": false}], ""trigger"": {""type"": ""ON_CLICK""}}]",Structural inventory; findings and text review identify assessed defects
13:893,I13:894;13:176,I13:894;13:174,TEXT,Nav Link 2,"[71, 0, 51, 22]",null,null,"[{""action"": {""type"": ""NODE"", ""destinationId"": ""13:480"", ""navigation"": ""NAVIGATE"", ""transition"": null, ""resetVideoPosition"": false}, ""actions"": [{""type"": ""NODE"", ""destinationId"": ""13:480"", ""navigation"": ""NAVIGATE"", ""transition"": null, ""resetVideoPosition"": false}], ""trigger"": {""type"": ""ON_CLICK""}}]",Structural inventory; findings and text review identify assessed defects
13:893,I13:894;13:177,I13:894;13:174,TEXT,Nav Link 3,"[154, 0, 82, 22]",null,null,"[{""action"": {""type"": ""NODE"", ""destinationId"": ""13:602"", ""navigation"": ""NAVIGATE"", ""transition"": null, ""resetVideoPosition"": false}, ""actions"": [{""type"": ""NODE"", ""destinationId"": ""13:602"", ""navigation"": ""NAVIGATE"", ""transition"": null, ""resetVideoPosition"": false}], ""trigger"": {""type"": ""ON_CLICK""}}]",Structural inventory; findings and text review identify assessed defects
13:893,I13:894;13:178,I13:894;13:174,TEXT,Nav Link 4,"[268, 0, 103, 22]",null,null,"[{""action"": {""type"": ""NODE"", ""destinationId"": ""13:682"", ""navigation"": ""NAVIGATE"", ""transition"": null, ""resetVideoPosition"": false}, ""actions"": [{""type"": ""NODE"", ""destinationId"": ""13:682"", ""navigation"": ""NAVIGATE"", ""transition"": null, ""resetVideoPosition"": false}], ""trigger"": {""type"": ""ON_CLICK""}}]",Structural inventory; findings and text review identify assessed defects
13:893,I13:894;13:179,I13:894;13:174,TEXT,Nav Link 5,"[403, 0, 43, 22]",null,"{""fills"": [{""type"": ""VARIABLE_ALIAS"", ""id"": ""VariableID:2:10""}]}","[{""action"": {""type"": ""NODE"", ""destinationId"": ""13:893"", ""navigation"": ""NAVIGATE"", ""transition"": null, ""resetVideoPosition"": false}, ""actions"": [{""type"": ""NODE"", ""destinationId"": ""13:893"", ""navigation"": ""NAVIGATE"", ""transition"": null, ""resetVideoPosition"": false}], ""trigger"": {""type"": ""ON_CLICK""}}]",Structural inventory; findings and text review identify assessed defects
13:893,I13:894;13:180,I13:894;13:174,FRAME,Nav Link 6 Wrap,"[478, 0, 86, 22]","[""HORIZONTAL"", ""HUG"", ""HUG"", ""NO_WRAP"", 0, 0, 0, 0, 8, false, ""AUTO"", {""horizontal"": ""MIN"", ""vertical"": ""MIN""}, null, null]",null,"[{""action"": {""type"": ""NODE"", ""destinationId"": ""13:966"", ""navigation"": ""NAVIGATE"", ""transition"": null, ""resetVideoPosition"": false}, ""actions"": [{""type"": ""NODE"", ""destinationId"": ""13:966"", ""navigation"": ""NAVIGATE"", ""transition"": null, ""resetVideoPosition"": false}], ""trigger"": {""type"": ""ON_CLICK""}}]",Structural inventory; findings and text review identify assessed defects
13:893,I13:894;13:181,I13:894;13:180,ELLIPSE,Ellipse,"[0, 7, 8, 8]",null,null,null,Structural inventory; findings and text review identify assessed defects
13:893,I13:894;13:182,I13:894;13:180,TEXT,Nav Link 6,"[16, 0, 70, 22]",null,null,null,Structural inventory; findings and text review identify assessed defects
13:893,13:909,13:893,FRAME,Hero,"[0, 80, 1440, 418]","[""VERTICAL"", ""FILL"", ""HUG"", ""NO_WRAP"", 96, 96, 96, 96, 32, false, ""AUTO"", {""horizontal"": ""MIN"", ""vertical"": ""MIN""}, null, null]","{""itemSpacing"": {""type"": ""VARIABLE_ALIAS"", ""id"": ""VariableID:2:14""}, ""paddingLeft"": {""type"": ""VARIABLE_ALIAS"", ""id"": ""VariableID:2:17""}, ""paddingTop"": {""type"": ""VARIABLE_ALIAS"", ""id"": ""VariableID:2:17""}, ""paddingRight"": {""type"": ""VARIABLE_ALIAS"", ""id"": ""VariableID:2:17""}, ""paddingBottom"": {""type"": ""VARIABLE_ALIAS"", ""id"": ""VariableID:2:17""}}",null,Structural inventory; findings and text review identify assessed defects
13:893,13:910,13:909,TEXT,Eyebrow,"[96, 96, 105, 18]",null,"{""fills"": [{""type"": ""VARIABLE_ALIAS"", ""id"": ""VariableID:2:10""}]}",null,Structural inventory; findings and text review identify assessed defects
13:893,13:911,13:909,TEXT,Title,"[96, 146, 1248, 57]",null,"{""fills"": [{""type"": ""VARIABLE_ALIAS"", ""id"": ""VariableID:2:7""}]}",null,Structural inventory; findings and text review identify assessed defects
13:893,13:912,13:909,TEXT,Description,"[96, 235, 800, 87]",null,"{""fills"": [{""type"": ""VARIABLE_ALIAS"", ""id"": ""VariableID:2:8""}]}",null,Structural inventory; findings and text review identify assessed defects
13:893,13:913,13:893,FRAME,Principles Section,"[0, 498, 1440, 657]","[""VERTICAL"", ""FILL"", ""HUG"", ""NO_WRAP"", 96, 96, 96, 96, 48, false, ""AUTO"", {""horizontal"": ""MIN"", ""vertical"": ""MIN""}, null, null]","{""itemSpacing"": {""type"": ""VARIABLE_ALIAS"", ""id"": ""VariableID:2:15""}, ""paddingLeft"": {""type"": ""VARIABLE_ALIAS"", ""id"": ""VariableID:2:17""}, ""paddingTop"": {""type"": ""VARIABLE_ALIAS"", ""id"": ""VariableID:2:17""}, ""paddingRight"": {""type"": ""VARIABLE_ALIAS"", ""id"": ""VariableID:2:17""}, ""paddingBottom"": {""type"": ""VARIABLE_ALIAS"", ""id"": ""VariableID:2:17""}, ""fills"": [{""type"": ""VARIABLE_ALIAS"", ""id"": ""VariableID:2:4""}], ""strokes"": [{""type"": ""VARIABLE_ALIAS"", ""id"": ""VariableID:2:6""}]}",null,Structural inventory; findings and text review identify assessed defects
13:893,13:914,13:913,TEXT,Our foundational perspective,"[96, 96, 681, 57]",null,"{""fills"": [{""type"": ""VARIABLE_ALIAS"", ""id"": ""VariableID:2:7""}]}",null,Structural inventory; findings and text review identify assessed defects
13:893,13:915,13:913,FRAME,Principles Grid,"[96, 201, 1248, 360]","[""GRID"", ""FILL"", ""FIXED"", ""NO_WRAP"", 0, 0, 0, 0, 0, false, ""AUTO"", {""horizontal"": ""MIN"", ""vertical"": ""MIN""}, null, null]",null,null,Structural inventory; findings and text review identify assessed defects
13:893,13:916,13:915,FRAME,Frame,"[0, 0, 426, 157]","[""VERTICAL"", ""HUG"", ""HUG"", ""NO_WRAP"", 24, 24, 24, 24, 12, false, ""AUTO"", {""horizontal"": ""MIN"", ""vertical"": ""MIN""}, null, null]","{""paddingLeft"": {""type"": ""VARIABLE_ALIAS"", ""id"": ""VariableID:2:13""}, ""paddingTop"": {""type"": ""VARIABLE_ALIAS"", ""id"": ""VariableID:2:13""}, ""paddingRight"": {""type"": ""VARIABLE_ALIAS"", ""id"": ""VariableID:2:13""}, ""paddingBottom"": {""type"": ""VARIABLE_ALIAS"", ""id"": ""VariableID:2:13""}, ""fills"": [{""type"": ""VARIABLE_ALIAS"", ""id"": ""VariableID:2:5""}]}",null,Structural inventory; findings and text review identify assessed defects
13:893,13:917,13:916,TEXT,"Clear Findings, No Mystery Scores","[24, 24, 378, 31]",null,"{""fills"": [{""type"": ""VARIABLE_ALIAS"", ""id"": ""VariableID:2:7""}]}",null,Structural inventory; findings and text review identify assessed defects
13:893,13:918,13:916,TEXT,We focus on mapping raw observed outputs instead of generating abstract proprietary readiness grades or scores.,"[24, 67, 378, 66]",null,"{""fills"": [{""type"": ""VARIABLE_ALIAS"", ""id"": ""VariableID:2:8""}]}",null,Structural inventory; findings and text review identify assessed defects
13:893,13:919,13:915,FRAME,Frame,"[424, 0, 385, 157]","[""VERTICAL"", ""HUG"", ""HUG"", ""NO_WRAP"", 24, 24, 24, 24, 12, false, ""AUTO"", {""horizontal"": ""MIN"", ""vertical"": ""MIN""}, null, null]","{""paddingLeft"": {""type"": ""VARIABLE_ALIAS"", ""id"": ""VariableID:2:13""}, ""paddingTop"": {""type"": ""VARIABLE_ALIAS"", ""id"": ""VariableID:2:13""}, ""paddingRight"": {""type"": ""VARIABLE_ALIAS"", ""id"": ""VariableID:2:13""}, ""paddingBottom"": {""type"": ""VARIABLE_ALIAS"", ""id"": ""VariableID:2:13""}, ""fills"": [{""type"": ""VARIABLE_ALIAS"", ""id"": ""VariableID:2:5""}]}",null,Structural inventory; findings and text review identify assessed defects
13:893,13:920,13:919,TEXT,Evidence & Context Combined,"[24, 24, 337, 31]",null,"{""fills"": [{""type"": ""VARIABLE_ALIAS"", ""id"": ""VariableID:2:7""}]}",null,Structural inventory; findings and text review identify assessed defects
13:893,13:921,13:919,TEXT,"Every documented answer is presented alongside exact prompts, model parameters, regional contexts, and timestamps.","[24, 67, 337, 66]",null,"{""fills"": [{""type"": ""VARIABLE_ALIAS"", ""id"": ""VariableID:2:8""}]}",null,Structural inventory; findings and text review identify assessed defects
13:893,13:922,13:915,FRAME,Frame,"[848, 0, 354, 157]","[""VERTICAL"", ""HUG"", ""HUG"", ""NO_WRAP"", 24, 24, 24, 24, 12, false, ""AUTO"", {""horizontal"": ""MIN"", ""vertical"": ""MIN""}, null, null]","{""paddingLeft"": {""type"": ""VARIABLE_ALIAS"", ""id"": ""VariableID:2:13""}, ""paddingTop"": {""type"": ""VARIABLE_ALIAS"", ""id"": ""VariableID:2:13""}, ""paddingRight"": {""type"": ""VARIABLE_ALIAS"", ""id"": ""VariableID:2:13""}, ""paddingBottom"": {""type"": ""VARIABLE_ALIAS"", ""id"": ""VariableID:2:13""}, ""fills"": [{""type"": ""VARIABLE_ALIAS"", ""id"": ""VariableID:2:5""}]}",null,Structural inventory; findings and text review identify assessed defects
13:893,13:923,13:922,TEXT,Stating the Limits Explicitly,"[24, 24, 306, 31]",null,"{""fills"": [{""type"": ""VARIABLE_ALIAS"", ""id"": ""VariableID:2:7""}]}",null,Structural inventory; findings and text review identify assessed defects
13:893,13:924,13:922,TEXT,"We explicitly highlight non-deterministic behavior, lack of API access, and temporal margins in all diagnostics.","[24, 67, 306, 66]",null,"{""fills"": [{""type"": ""VARIABLE_ALIAS"", ""id"": ""VariableID:2:8""}]}",null,Structural inventory; findings and text review identify assessed defects
13:893,13:925,13:915,FRAME,Frame,"[0, 181, 266, 179]","[""VERTICAL"", ""HUG"", ""HUG"", ""NO_WRAP"", 24, 24, 24, 24, 12, false, ""AUTO"", {""horizontal"": ""MIN"", ""vertical"": ""MIN""}, null, null]","{""paddingLeft"": {""type"": ""VARIABLE_ALIAS"", ""id"": ""VariableID:2:13""}, ""paddingTop"": {""type"": ""VARIABLE_ALIAS"", ""id"": ""VariableID:2:13""}, ""paddingRight"": {""type"": ""VARIABLE_ALIAS"", ""id"": ""VariableID:2:13""}, ""paddingBottom"": {""type"": ""VARIABLE_ALIAS"", ""id"": ""VariableID:2:13""}, ""fills"": [{""type"": ""VARIABLE_ALIAS"", ""id"": ""VariableID:2:5""}]}",null,Structural inventory; findings and text review identify assessed defects
13:893,13:926,13:925,TEXT,Human Review First,"[24, 24, 218, 31]",null,"{""fills"": [{""type"": ""VARIABLE_ALIAS"", ""id"": ""VariableID:2:7""}]}",null,Structural inventory; findings and text review identify assessed defects
13:893,13:927,13:925,TEXT,AI answer traces must be interpreted by experienced data reviewers before recommending technical changes.,"[24, 67, 218, 88]",null,"{""fills"": [{""type"": ""VARIABLE_ALIAS"", ""id"": ""VariableID:2:8""}]}",null,Structural inventory; findings and text review identify assessed defects
13:893,13:928,13:915,FRAME,Frame,"[424, 181, 301, 179]","[""VERTICAL"", ""HUG"", ""HUG"", ""NO_WRAP"", 24, 24, 24, 24, 12, false, ""AUTO"", {""horizontal"": ""MIN"", ""vertical"": ""MIN""}, null, null]","{""paddingLeft"": {""type"": ""VARIABLE_ALIAS"", ""id"": ""VariableID:2:13""}, ""paddingTop"": {""type"": ""VARIABLE_ALIAS"", ""id"": ""VariableID:2:13""}, ""paddingRight"": {""type"": ""VARIABLE_ALIAS"", ""id"": ""VariableID:2:13""}, ""paddingBottom"": {""type"": ""VARIABLE_ALIAS"", ""id"": ""VariableID:2:13""}, ""fills"": [{""type"": ""VARIABLE_ALIAS"", ""id"": ""VariableID:2:5""}]}",null,Structural inventory; findings and text review identify assessed defects
13:893,13:929,13:928,TEXT,No Implied Guarantees,"[24, 24, 253, 31]",null,"{""fills"": [{""type"": ""VARIABLE_ALIAS"", ""id"": ""VariableID:2:7""}]}",null,Structural inventory; findings and text review identify assessed defects
13:893,13:930,13:928,TEXT,"We never promise visibility lift, automated citation placements, rankings, indexation speed, or commercial revenue growth.","[24, 67, 253, 88]",null,"{""fills"": [{""type"": ""VARIABLE_ALIAS"", ""id"": ""VariableID:2:8""}]}",null,Structural inventory; findings and text review identify assessed defects
13:893,13:931,13:893,FRAME,Scope Boundaries,"[0, 1155, 1440, 504]","[""VERTICAL"", ""FILL"", ""HUG"", ""NO_WRAP"", 96, 96, 96, 96, 48, false, ""AUTO"", {""horizontal"": ""MIN"", ""vertical"": ""MIN""}, null, null]","{""itemSpacing"": {""type"": ""VARIABLE_ALIAS"", ""id"": ""VariableID:2:15""}, ""paddingLeft"": {""type"": ""VARIABLE_ALIAS"", ""id"": ""VariableID:2:17""}, ""paddingTop"": {""type"": ""VARIABLE_ALIAS"", ""id"": ""VariableID:2:17""}, ""paddingRight"": {""type"": ""VARIABLE_ALIAS"", ""id"": ""VariableID:2:17""}, ""paddingBottom"": {""type"": ""VARIABLE_ALIAS"", ""id"": ""VariableID:2:17""}}",null,Structural inventory; findings and text review identify assessed defects
13:893,13:932,13:931,FRAME,Boundary Header,"[96, 96, 1248, 165]","[""VERTICAL"", ""FILL"", ""HUG"", ""NO_WRAP"", 0, 0, 0, 0, 16, false, ""AUTO"", {""horizontal"": ""MIN"", ""vertical"": ""MIN""}, null, null]",null,null,Structural inventory; findings and text review identify assessed defects
13:893,13:933,13:932,TEXT,DEVELOPMENT TRANSPARENCY,"[0, 0, 185, 18]",null,null,null,Structural inventory; findings and text review identify assessed defects
13:893,13:934,13:932,TEXT,What we are not claiming,"[0, 34, 584, 57]",null,"{""fills"": [{""type"": ""VARIABLE_ALIAS"", ""id"": ""VariableID:2:7""}]}",null,Structural inventory; findings and text review identify assessed defects
13:893,13:935,13:932,TEXT,"This platform is an early design proposal. For complete clarity, we publish no fabricated team details, imaginary clients, proprietary advantages, or automated platform capabilities.","[0, 107, 800, 58]",null,"{""fills"": [{""type"": ""VARIABLE_ALIAS"", ""id"": ""VariableID:2:8""}]}",null,Structural inventory; findings and text review identify assessed defects
13:893,13:936,13:931,FRAME,Boundary Splits,"[96, 309, 1248, 99]","[""HORIZONTAL"", ""FILL"", ""HUG"", ""NO_WRAP"", 0, 0, 0, 0, 48, false, ""AUTO"", {""horizontal"": ""MIN"", ""vertical"": ""MIN""}, null, null]","{""itemSpacing"": {""type"": ""VARIABLE_ALIAS"", ""id"": ""VariableID:2:15""}}",null,Structural inventory; findings and text review identify assessed defects
13:893,13:937,13:936,FRAME,Boundary Left,"[0, 0, 600, 99]","[""VERTICAL"", ""FILL"", ""HUG"", ""NO_WRAP"", 0, 0, 0, 0, 24, false, ""AUTO"", {""horizontal"": ""MIN"", ""vertical"": ""MIN""}, null, null]","{""itemSpacing"": {""type"": ""VARIABLE_ALIAS"", ""id"": ""VariableID:2:13""}}",null,Structural inventory; findings and text review identify assessed defects
13:893,13:938,13:937,TEXT,No Fictional Team Size or Bios,"[0, 0, 328, 31]",null,"{""fills"": [{""type"": ""VARIABLE_ALIAS"", ""id"": ""VariableID:2:7""}]}",null,Structural inventory; findings and text review identify assessed defects
13:893,13:939,13:937,TEXT,"This concept does not state a team size, founder biography, credentials, staff roster, or ownership structure. Those details remain unspecified.","[0, 55, 600, 44]",null,"{""fills"": [{""type"": ""VARIABLE_ALIAS"", ""id"": ""VariableID:2:8""}]}",null,Structural inventory; findings and text review identify assessed defects
13:893,13:940,13:936,FRAME,Boundary Right,"[648, 0, 600, 99]","[""VERTICAL"", ""FILL"", ""HUG"", ""NO_WRAP"", 0, 0, 0, 0, 24, false, ""AUTO"", {""horizontal"": ""MIN"", ""vertical"": ""MIN""}, null, null]","{""itemSpacing"": {""type"": ""VARIABLE_ALIAS"", ""id"": ""VariableID:2:13""}}",null,Structural inventory; findings and text review identify assessed defects
13:893,13:941,13:940,TEXT,No Pretend Partners or Testimonials,"[0, 0, 400, 31]",null,"{""fills"": [{""type"": ""VARIABLE_ALIAS"", ""id"": ""VariableID:2:7""}]}",null,Structural inventory; findings and text review identify assessed defects
13:893,13:942,13:940,TEXT,"You will not find simulated client logos, unverified success metrics, or automated recommendation endorsements.","[0, 55, 600, 44]",null,"{""fills"": [{""type"": ""VARIABLE_ALIAS"", ""id"": ""VariableID:2:8""}]}",null,Structural inventory; findings and text review identify assessed defects
13:893,13:943,13:893,FRAME,Current Status,"[0, 1659, 1440, 520]","[""VERTICAL"", ""FILL"", ""HUG"", ""NO_WRAP"", 96, 96, 96, 96, 32, false, ""AUTO"", {""horizontal"": ""MIN"", ""vertical"": ""MIN""}, null, null]","{""itemSpacing"": {""type"": ""VARIABLE_ALIAS"", ""id"": ""VariableID:2:14""}, ""paddingLeft"": {""type"": ""VARIABLE_ALIAS"", ""id"": ""VariableID:2:17""}, ""paddingTop"": {""type"": ""VARIABLE_ALIAS"", ""id"": ""VariableID:2:17""}, ""paddingRight"": {""type"": ""VARIABLE_ALIAS"", ""id"": ""VariableID:2:17""}, ""paddingBottom"": {""type"": ""VARIABLE_ALIAS"", ""id"": ""VariableID:2:17""}, ""fills"": [{""type"": ""VARIABLE_ALIAS"", ""id"": ""VariableID:2:5""}], ""strokes"": [{""type"": ""VARIABLE_ALIAS"", ""id"": ""VariableID:2:6""}]}",null,Structural inventory; findings and text review identify assessed defects
13:893,13:944,13:943,TEXT,PROPOSAL STATUS,"[96, 96, 111, 18]",null,"{""fills"": [{""type"": ""VARIABLE_ALIAS"", ""id"": ""VariableID:2:10""}]}",null,Structural inventory; findings and text review identify assessed defects
13:893,13:945,13:943,TEXT,Early Conceptual Stage,"[96, 146, 545, 57]",null,"{""fills"": [{""type"": ""VARIABLE_ALIAS"", ""id"": ""VariableID:2:7""}]}",null,Structural inventory; findings and text review identify assessed defects
13:893,13:946,13:943,TEXT,"The site interface, research templates, and general method remain concepts. The final operational models, offer scopes, exact user targets, and timing boundaries are subject to owner decisions. No working submission pipelines, paid models, or public waitlists are currently open.","[96, 235, 900, 87]",null,"{""fills"": [{""type"": ""VARIABLE_ALIAS"", ""id"": ""VariableID:2:8""}]}",null,Structural inventory; findings and text review identify assessed defects
13:893,13:947,13:943,FRAME,Status Navigation,"[96, 354, 372, 70]","[""HORIZONTAL"", ""HUG"", ""HUG"", ""NO_WRAP"", 16, 0, 0, 0, 24, false, ""AUTO"", {""horizontal"": ""MIN"", ""vertical"": ""MIN""}, null, null]","{""itemSpacing"": {""type"": ""VARIABLE_ALIAS"", ""id"": ""VariableID:2:13""}}",null,Structural inventory; findings and text review identify assessed defects
13:893,13:948,13:947,INSTANCE,Button / Primary,"[0, 16, 252, 54]","[""VERTICAL"", ""FIXED"", ""HUG"", ""NO_WRAP"", 16, 16, 16, 16, 16, false, ""AUTO"", {""horizontal"": ""MIN"", ""vertical"": ""MIN""}, null, null]","{""itemSpacing"": {""type"": ""VARIABLE_ALIAS"", ""id"": ""VariableID:2:12""}, ""paddingLeft"": {""type"": ""VARIABLE_ALIAS"", ""id"": ""VariableID:2:12""}, ""paddingTop"": {""type"": ""VARIABLE_ALIAS"", ""id"": ""VariableID:2:12""}, ""paddingRight"": {""type"": ""VARIABLE_ALIAS"", ""id"": ""VariableID:2:12""}, ""paddingBottom"": {""type"": ""VARIABLE_ALIAS"", ""id"": ""VariableID:2:12""}, ""fills"": [{""type"": ""VARIABLE_ALIAS"", ""id"": ""VariableID:2:9""}]}","[{""action"": {""type"": ""NODE"", ""destinationId"": ""13:480"", ""navigation"": ""NAVIGATE"", ""transition"": null, ""resetVideoPosition"": false}, ""actions"": [{""type"": ""NODE"", ""destinationId"": ""13:480"", ""navigation"": ""NAVIGATE"", ""transition"": null, ""resetVideoPosition"": false}], ""trigger"": {""type"": ""ON_CLICK""}}]",Structural inventory; findings and text review identify assessed defects
13:893,I13:948;3:8,13:948,TEXT,Label,"[16, 16, 220, 22]",null,"{""fills"": [{""type"": ""VARIABLE_ALIAS"", ""id"": ""VariableID:2:3""}]}",null,Structural inventory; findings and text review identify assessed defects
13:893,13:950,13:947,TEXT,View availability,"[276, 34, 96, 18]",null,"{""fills"": [{""type"": ""VARIABLE_ALIAS"", ""id"": ""VariableID:2:10""}]}","[{""action"": {""type"": ""NODE"", ""destinationId"": ""13:966"", ""navigation"": ""NAVIGATE"", ""transition"": null, ""resetVideoPosition"": false}, ""actions"": [{""type"": ""NODE"", ""destinationId"": ""13:966"", ""navigation"": ""NAVIGATE"", ""transition"": null, ""resetVideoPosition"": false}], ""trigger"": {""type"": ""ON_CLICK""}}]",Structural inventory; findings and text review identify assessed defects
13:893,13:951,13:893,INSTANCE,Footer / Desktop,"[0, 2179, 1440, 272]","[""VERTICAL"", ""FIXED"", ""HUG"", ""NO_WRAP"", 64, 96, 64, 96, 48, false, ""AUTO"", {""horizontal"": ""MIN"", ""vertical"": ""MIN""}, null, null]",null,null,Structural inventory; findings and text review identify assessed defects
13:893,I13:951;13:305,13:951,FRAME,Footer Top,"[96, 64, 1248, 57]","[""HORIZONTAL"", ""FILL"", ""HUG"", ""NO_WRAP"", 0, 0, 0, 0, 0, false, ""AUTO"", {""horizontal"": ""MIN"", ""vertical"": ""MIN""}, null, null]",null,null,Structural inventory; findings and text review identify assessed defects
13:893,I13:951;13:306,I13:951;13:305,FRAME,Footer Brand,"[0, 0, 481, 57]","[""VERTICAL"", ""HUG"", ""HUG"", ""NO_WRAP"", 0, 0, 0, 0, 8, false, ""AUTO"", {""horizontal"": ""MIN"", ""vertical"": ""MIN""}, null, null]",null,null,Structural inventory; findings and text review identify assessed defects
13:893,I13:951;13:307,I13:951;13:306,TEXT,Footer Wordmark,"[0, 0, 122, 27]",null,null,null,Structural inventory; findings and text review identify assessed defects
13:893,I13:951;13:308,I13:951;13:306,TEXT,A proposed evidence-led Generative Engine Optimization review concept.,"[0, 35, 481, 22]",null,null,null,Structural inventory; findings and text review identify assessed defects
13:893,I13:951;13:309,I13:951;13:305,FRAME,Footer Links,"[837, 0, 411, 22]","[""HORIZONTAL"", ""HUG"", ""HUG"", ""NO_WRAP"", 0, 0, 0, 0, 24, false, ""AUTO"", {""horizontal"": ""MIN"", ""vertical"": ""MIN""}, null, null]",null,null,Structural inventory; findings and text review identify assessed defects
13:893,I13:951;13:310,I13:951;13:309,TEXT,Home,"[0, 0, 39, 22]",null,null,"[{""action"": {""type"": ""NODE"", ""destinationId"": ""13:167"", ""navigation"": ""NAVIGATE"", ""transition"": null, ""resetVideoPosition"": false}, ""actions"": [{""type"": ""NODE"", ""destinationId"": ""13:167"", ""navigation"": ""NAVIGATE"", ""transition"": null, ""resetVideoPosition"": false}], ""trigger"": {""type"": ""ON_CLICK""}}]",Structural inventory; findings and text review identify assessed defects
13:893,I13:951;13:311,I13:951;13:309,TEXT,Method,"[63, 0, 51, 22]",null,null,"[{""action"": {""type"": ""NODE"", ""destinationId"": ""13:480"", ""navigation"": ""NAVIGATE"", ""transition"": null, ""resetVideoPosition"": false}, ""actions"": [{""type"": ""NODE"", ""destinationId"": ""13:480"", ""navigation"": ""NAVIGATE"", ""transition"": null, ""resetVideoPosition"": false}], ""trigger"": {""type"": ""ON_CLICK""}}]",Structural inventory; findings and text review identify assessed defects
13:893,I13:951;13:312,I13:951;13:309,TEXT,What is GEO,"[138, 0, 82, 22]",null,null,"[{""action"": {""type"": ""NODE"", ""destinationId"": ""13:602"", ""navigation"": ""NAVIGATE"", ""transition"": null, ""resetVideoPosition"": false}, ""actions"": [{""type"": ""NODE"", ""destinationId"": ""13:602"", ""navigation"": ""NAVIGATE"", ""transition"": null, ""resetVideoPosition"": false}], ""trigger"": {""type"": ""ON_CLICK""}}]",Structural inventory; findings and text review identify assessed defects
13:893,I13:951;13:313,I13:951;13:309,TEXT,Example Report,"[244, 0, 103, 22]",null,null,"[{""action"": {""type"": ""NODE"", ""destinationId"": ""13:682"", ""navigation"": ""NAVIGATE"", ""transition"": null, ""resetVideoPosition"": false}, ""actions"": [{""type"": ""NODE"", ""destinationId"": ""13:682"", ""navigation"": ""NAVIGATE"", ""transition"": null, ""resetVideoPosition"": false}], ""trigger"": {""type"": ""ON_CLICK""}}]",Structural inventory; findings and text review identify assessed defects
13:893,I13:951;13:314,I13:951;13:309,TEXT,About,"[371, 0, 40, 22]",null,null,"[{""action"": {""type"": ""NODE"", ""destinationId"": ""13:893"", ""navigation"": ""NAVIGATE"", ""transition"": null, ""resetVideoPosition"": false}, ""actions"": [{""type"": ""NODE"", ""destinationId"": ""13:893"", ""navigation"": ""NAVIGATE"", ""transition"": null, ""resetVideoPosition"": false}], ""trigger"": {""type"": ""ON_CLICK""}}]",Structural inventory; findings and text review identify assessed defects
13:893,I13:951;13:315,13:951,FRAME,Footer Bottom,"[96, 169, 1248, 39]","[""VERTICAL"", ""FILL"", ""HUG"", ""NO_WRAP"", 0, 0, 0, 0, 16, false, ""AUTO"", {""horizontal"": ""MIN"", ""vertical"": ""MIN""}, null, null]",null,null,Structural inventory; findings and text review identify assessed defects
13:893,I13:951;13:316,I13:951;13:315,RECTANGLE,Rectangle,"[0, 0, 1248, 1]",null,null,null,Structural inventory; findings and text review identify assessed defects
13:893,I13:951;13:317,I13:951;13:315,TEXT,"DESIGN CONCEPT · SEP 2026 — Offer, pricing, timing, collection, delivery, and availability remain subject to owner decisions.","[0, 17, 1248, 22]",null,null,null,Structural inventory; findings and text review identify assessed defects
12:153,12:153,12:81,FRAME,Style Guide — Typography,"[2752, 0, 1280, 853]","[""VERTICAL"", ""FIXED"", ""HUG"", ""NO_WRAP"", 0, 0, 0, 0, 0, true, ""AUTO"", {""horizontal"": ""MIN"", ""vertical"": ""MIN""}, null, null]",null,null,Structural inventory; findings and text review identify assessed defects
12:153,12:154,12:153,FRAME,Frame,"[0, 0, 1280, 64]","[""HORIZONTAL"", ""FIXED"", ""FIXED"", ""NO_WRAP"", 0, 32, 0, 32, 0, true, ""AUTO"", {""horizontal"": ""MIN"", ""vertical"": ""MIN""}, null, null]",null,null,Structural inventory; findings and text review identify assessed defects
12:153,12:155,12:154,TEXT,MIND LEVER X · WEB FOUNDATIONS,"[32, 23.5, 210, 17]",null,null,null,Structural inventory; findings and text review identify assessed defects
12:153,12:156,12:154,TEXT,VERSION 1 · SEP 2026,"[1121, 23.5, 127, 17]",null,null,null,Structural inventory; findings and text review identify assessed defects
12:153,12:157,12:153,FRAME,Frame,"[0, 64, 1280, 225]","[""VERTICAL"", ""FIXED"", ""HUG"", ""NO_WRAP"", 56, 64, 48, 64, 14, true, ""AUTO"", {""horizontal"": ""MIN"", ""vertical"": ""MIN""}, null, null]",null,null,Structural inventory; findings and text review identify assessed defects
12:153,12:158,12:157,TEXT,Typography,"[64, 56, 217, 55]",null,null,null,Structural inventory; findings and text review identify assessed defects
12:153,12:159,12:157,TEXT,Manrope creates authority in headlines; DM Sans keeps supporting content highly readable.,"[64, 125, 700, 52]",null,null,null,Structural inventory; findings and text review identify assessed defects
12:153,12:160,12:153,FRAME,Frame,"[0, 289, 1280, 307]","[""HORIZONTAL"", ""FIXED"", ""HUG"", ""NO_WRAP"", 32, 64, 32, 64, 72, true, ""AUTO"", {""horizontal"": ""MIN"", ""vertical"": ""MIN""}, null, null]",null,null,Structural inventory; findings and text review identify assessed defects
12:153,12:161,12:160,FRAME,Frame,"[64, 32, 300, 91]","[""VERTICAL"", ""FIXED"", ""HUG"", ""NO_WRAP"", 0, 0, 0, 0, 8, true, ""AUTO"", {""horizontal"": ""MIN"", ""vertical"": ""MIN""}, null, null]",null,null,Structural inventory; findings and text review identify assessed defects
12:153,12:162,12:161,TEXT,Display & headings,"[0, 0, 300, 26]",null,null,null,Structural inventory; findings and text review identify assessed defects
12:153,12:163,12:161,TEXT,"Use Manrope Bold for decisive, compact statements. Keep line lengths controlled and hierarchy obvious.","[0, 34, 300, 57]",null,null,null,Structural inventory; findings and text review identify assessed defects
12:153,12:164,12:160,FRAME,Frame,"[436, 32, 780, 243]","[""VERTICAL"", ""FIXED"", ""HUG"", ""NO_WRAP"", 28, 28, 28, 28, 20, true, ""AUTO"", {""horizontal"": ""MIN"", ""vertical"": ""MIN""}, null, null]",null,null,Structural inventory; findings and text review identify assessed defects
12:153,12:165,12:164,TEXT,Be found in the new era of search.,"[28, 28, 720, 150]",null,null,null,Structural inventory; findings and text review identify assessed defects
12:153,12:166,12:164,TEXT,"Display · Manrope Bold · 82/92 desktop, 46/52 mobile","[28, 198, 305, 17]",null,null,null,Structural inventory; findings and text review identify assessed defects
12:153,12:167,12:153,FRAME,Frame,"[0, 596, 1280, 257]","[""HORIZONTAL"", ""FIXED"", ""HUG"", ""NO_WRAP"", 32, 64, 32, 64, 72, true, ""AUTO"", {""horizontal"": ""MIN"", ""vertical"": ""MIN""}, null, null]",null,null,Structural inventory; findings and text review identify assessed defects
12:153,12:168,12:167,FRAME,Frame,"[64, 32, 300, 72]","[""VERTICAL"", ""FIXED"", ""HUG"", ""NO_WRAP"", 0, 0, 0, 0, 8, true, ""AUTO"", {""horizontal"": ""MIN"", ""vertical"": ""MIN""}, null, null]",null,null,Structural inventory; findings and text review identify assessed defects
12:153,12:169,12:168,TEXT,Body & utility,"[0, 0, 300, 26]",null,null,null,Structural inventory; findings and text review identify assessed defects
12:153,12:170,12:168,TEXT,"Use DM Sans for paragraphs, labels, navigation, and controls.","[0, 34, 300, 38]",null,null,null,Structural inventory; findings and text review identify assessed defects
12:153,12:171,12:167,FRAME,Frame,"[436, 32, 780, 193]","[""VERTICAL"", ""FIXED"", ""HUG"", ""NO_WRAP"", 28, 28, 28, 28, 20, true, ""AUTO"", {""horizontal"": ""MIN"", ""vertical"": ""MIN""}, null, null]",null,null,Structural inventory; findings and text review identify assessed defects
12:153,12:172,12:171,TEXT,"When buyers ask AI for recommendations, will your business be part of the answer?","[28, 28, 720, 26]",null,null,null,Structural inventory; findings and text review identify assessed defects
12:153,12:173,12:171,TEXT,Body · DM Sans Regular · 18/29,"[28, 74, 178, 17]",null,null,null,Structural inventory; findings and text review identify assessed defects
12:153,12:174,12:171,TEXT,AI VISIBILITY FOR BUSINESSES,"[28, 111, 174, 17]",null,null,null,Structural inventory; findings and text review identify assessed defects
12:153,12:175,12:171,TEXT,Label · DM Sans Bold · 12/18,"[28, 148, 161, 17]",null,null,null,Structural inventory; findings and text review identify assessed defects
12:108,12:108,12:81,FRAME,Style Guide — Color,"[1376, 0, 1280, 853]","[""VERTICAL"", ""FIXED"", ""HUG"", ""NO_WRAP"", 0, 0, 0, 0, 0, true, ""AUTO"", {""horizontal"": ""MIN"", ""vertical"": ""MIN""}, null, null]",null,null,Structural inventory; findings and text review identify assessed defects
12:108,12:109,12:108,FRAME,Frame,"[0, 0, 1280, 64]","[""HORIZONTAL"", ""FIXED"", ""FIXED"", ""NO_WRAP"", 0, 32, 0, 32, 0, true, ""AUTO"", {""horizontal"": ""MIN"", ""vertical"": ""MIN""}, null, null]",null,null,Structural inventory; findings and text review identify assessed defects
12:108,12:110,12:109,TEXT,MIND LEVER X · WEB FOUNDATIONS,"[32, 23.5, 210, 17]",null,null,null,Structural inventory; findings and text review identify assessed defects
12:108,12:111,12:109,TEXT,VERSION 1 · SEP 2026,"[1121, 23.5, 127, 17]",null,null,null,Structural inventory; findings and text review identify assessed defects
12:108,12:112,12:108,FRAME,Frame,"[0, 64, 1280, 225]","[""VERTICAL"", ""FIXED"", ""HUG"", ""NO_WRAP"", 56, 64, 48, 64, 14, true, ""AUTO"", {""horizontal"": ""MIN"", ""vertical"": ""MIN""}, null, null]",null,null,Structural inventory; findings and text review identify assessed defects
12:108,12:113,12:112,TEXT,Color system,"[64, 56, 240, 55]",null,null,null,Structural inventory; findings and text review identify assessed defects
12:108,12:114,12:112,TEXT,"A dark, high-trust base with rust reserved for brand moments and important actions.","[64, 125, 700, 52]",null,null,null,Structural inventory; findings and text review identify assessed defects
12:108,12:115,12:108,FRAME,Frame,"[0, 289, 1280, 324]","[""HORIZONTAL"", ""FIXED"", ""HUG"", ""NO_WRAP"", 32, 64, 32, 64, 72, true, ""AUTO"", {""horizontal"": ""MIN"", ""vertical"": ""MIN""}, null, null]",null,null,Structural inventory; findings and text review identify assessed defects
12:108,12:116,12:115,FRAME,Frame,"[64, 32, 300, 72]","[""VERTICAL"", ""FIXED"", ""HUG"", ""NO_WRAP"", 0, 0, 0, 0, 8, true, ""AUTO"", {""horizontal"": ""MIN"", ""vertical"": ""MIN""}, null, null]",null,null,Structural inventory; findings and text review identify assessed defects
12:108,12:117,12:116,TEXT,Core palette,"[0, 0, 300, 26]",null,null,null,Structural inventory; findings and text review identify assessed defects
12:108,12:118,12:116,TEXT,"Use navy for depth, white for clarity, and rust selectively for identity and conversion.","[0, 34, 300, 38]",null,null,null,Structural inventory; findings and text review identify assessed defects
12:108,12:119,12:115,FRAME,Frame,"[436, 32, 780, 260]","[""HORIZONTAL"", ""FIXED"", ""FIXED"", ""NO_WRAP"", 28, 28, 28, 28, 12, true, ""AUTO"", {""horizontal"": ""MIN"", ""vertical"": ""MIN""}, null, null]",null,null,Structural inventory; findings and text review identify assessed defects
12:108,12:120,12:119,FRAME,Frame,"[28, 28, 94, 204]","[""VERTICAL"", ""FIXED"", ""FIXED"", ""NO_WRAP"", 136, 10, 10, 10, 0, true, ""AUTO"", {""horizontal"": ""MIN"", ""vertical"": ""MIN""}, null, null]",null,null,Structural inventory; findings and text review identify assessed defects
12:108,12:121,12:120,TEXT,Rust,"[10, 163, 74, 16]",null,null,null,Structural inventory; findings and text review identify assessed defects
12:108,12:122,12:120,TEXT,#C05621,"[10, 179, 74, 15]",null,null,null,Structural inventory; findings and text review identify assessed defects
12:108,12:123,12:119,FRAME,Frame,"[134, 28, 94, 204]","[""VERTICAL"", ""FIXED"", ""FIXED"", ""NO_WRAP"", 136, 10, 10, 10, 0, true, ""AUTO"", {""horizontal"": ""MIN"", ""vertical"": ""MIN""}, null, null]",null,null,Structural inventory; findings and text review identify assessed defects
12:108,12:124,12:123,TEXT,Rust hover,"[10, 163, 74, 16]",null,null,null,Structural inventory; findings and text review identify assessed defects
12:108,12:125,12:123,TEXT,#9D431D,"[10, 179, 74, 15]",null,null,null,Structural inventory; findings and text review identify assessed defects
12:108,12:126,12:119,FRAME,Frame,"[240, 28, 94, 204]","[""VERTICAL"", ""FIXED"", ""FIXED"", ""NO_WRAP"", 136, 10, 10, 10, 0, true, ""AUTO"", {""horizontal"": ""MIN"", ""vertical"": ""MIN""}, null, null]",null,null,Structural inventory; findings and text review identify assessed defects
12:108,12:127,12:126,TEXT,Rust tint,"[10, 163, 74, 16]",null,null,null,Structural inventory; findings and text review identify assessed defects
12:108,12:128,12:126,TEXT,#F2D7C8,"[10, 179, 74, 15]",null,null,null,Structural inventory; findings and text review identify assessed defects
12:108,12:129,12:119,FRAME,Frame,"[346, 28, 94, 204]","[""VERTICAL"", ""FIXED"", ""FIXED"", ""NO_WRAP"", 136, 10, 10, 10, 0, true, ""AUTO"", {""horizontal"": ""MIN"", ""vertical"": ""MIN""}, null, null]",null,null,Structural inventory; findings and text review identify assessed defects
12:108,12:130,12:129,TEXT,Navy,"[10, 163, 74, 16]",null,null,null,Structural inventory; findings and text review identify assessed defects
12:108,12:131,12:129,TEXT,#08111F,"[10, 179, 74, 15]",null,null,null,Structural inventory; findings and text review identify assessed defects
12:108,12:132,12:119,FRAME,Frame,"[452, 28, 94, 204]","[""VERTICAL"", ""FIXED"", ""FIXED"", ""NO_WRAP"", 136, 10, 10, 10, 0, true, ""AUTO"", {""horizontal"": ""MIN"", ""vertical"": ""MIN""}, null, null]",null,null,Structural inventory; findings and text review identify assessed defects
12:108,12:133,12:132,TEXT,Surface,"[10, 163, 74, 16]",null,null,null,Structural inventory; findings and text review identify assessed defects
12:108,12:134,12:132,TEXT,#0E1D31,"[10, 179, 74, 15]",null,null,null,Structural inventory; findings and text review identify assessed defects
12:108,12:135,12:119,FRAME,Frame,"[558, 28, 94, 204]","[""VERTICAL"", ""FIXED"", ""FIXED"", ""NO_WRAP"", 136, 10, 10, 10, 0, true, ""AUTO"", {""horizontal"": ""MIN"", ""vertical"": ""MIN""}, null, null]",null,null,Structural inventory; findings and text review identify assessed defects
12:108,12:136,12:135,TEXT,Text,"[10, 163, 74, 16]",null,null,null,Structural inventory; findings and text review identify assessed defects
12:108,12:137,12:135,TEXT,#F7FAFF,"[10, 179, 74, 15]",null,null,null,Structural inventory; findings and text review identify assessed defects
12:108,12:138,12:119,FRAME,Frame,"[664, 28, 94, 204]","[""VERTICAL"", ""FIXED"", ""FIXED"", ""NO_WRAP"", 136, 10, 10, 10, 0, true, ""AUTO"", {""horizontal"": ""MIN"", ""vertical"": ""MIN""}, null, null]",null,null,Structural inventory; findings and text review identify assessed defects
12:108,12:139,12:138,TEXT,Muted,"[10, 163, 74, 16]",null,null,null,Structural inventory; findings and text review identify assessed defects
12:108,12:140,12:138,TEXT,#B6C6D9,"[10, 179, 74, 15]",null,null,null,Structural inventory; findings and text review identify assessed defects
12:108,12:141,12:108,FRAME,Frame,"[0, 613, 1280, 240]","[""HORIZONTAL"", ""FIXED"", ""HUG"", ""NO_WRAP"", 32, 64, 32, 64, 72, true, ""AUTO"", {""horizontal"": ""MIN"", ""vertical"": ""MIN""}, null, null]",null,null,Structural inventory; findings and text review identify assessed defects
12:108,12:142,12:141,FRAME,Frame,"[64, 32, 300, 91]","[""VERTICAL"", ""FIXED"", ""HUG"", ""NO_WRAP"", 0, 0, 0, 0, 8, true, ""AUTO"", {""horizontal"": ""MIN"", ""vertical"": ""MIN""}, null, null]",null,null,Structural inventory; findings and text review identify assessed defects
12:108,12:143,12:142,TEXT,Usage rule,"[0, 0, 300, 26]",null,null,null,Structural inventory; findings and text review identify assessed defects
12:108,12:144,12:142,TEXT,"Rust should signal brand, emphasis, or action—not decorate every surface. This keeps the interface premium and focused.","[0, 34, 300, 57]",null,null,null,Structural inventory; findings and text review identify assessed defects
12:108,12:145,12:141,FRAME,Frame,"[436, 32, 780, 176]","[""VERTICAL"", ""FIXED"", ""HUG"", ""NO_WRAP"", 28, 28, 28, 28, 20, true, ""AUTO"", {""horizontal"": ""MIN"", ""vertical"": ""MIN""}, null, null]",null,null,Structural inventory; findings and text review identify assessed defects
12:108,12:146,12:145,FRAME,Frame,"[28, 28, 724, 120]","[""HORIZONTAL"", ""FIXED"", ""FIXED"", ""NO_WRAP"", 0, 0, 0, 0, 16, true, ""AUTO"", {""horizontal"": ""MIN"", ""vertical"": ""MIN""}, null, null]",null,null,Structural inventory; findings and text review identify assessed defects
12:108,12:147,12:146,FRAME,Frame,"[0, 0, 230, 96]","[""HORIZONTAL"", ""FIXED"", ""FIXED"", ""NO_WRAP"", 0, 0, 0, 0, 0, true, ""AUTO"", {""horizontal"": ""MIN"", ""vertical"": ""MIN""}, null, null]",null,null,Structural inventory; findings and text review identify assessed defects
12:108,12:148,12:147,TEXT,Primary action,"[70, 38.5, 90, 19]",null,null,null,Structural inventory; findings and text review identify assessed defects
12:108,12:149,12:146,FRAME,Frame,"[246, 0, 230, 96]","[""HORIZONTAL"", ""FIXED"", ""FIXED"", ""NO_WRAP"", 0, 0, 0, 0, 0, true, ""AUTO"", {""horizontal"": ""MIN"", ""vertical"": ""MIN""}, null, null]",null,null,Structural inventory; findings and text review identify assessed defects
12:108,12:150,12:149,TEXT,Dark surface,"[75, 38.5, 80, 19]",null,null,null,Structural inventory; findings and text review identify assessed defects
12:108,12:151,12:146,FRAME,Frame,"[492, 0, 230, 96]","[""HORIZONTAL"", ""FIXED"", ""FIXED"", ""NO_WRAP"", 0, 0, 0, 0, 0, true, ""AUTO"", {""horizontal"": ""MIN"", ""vertical"": ""MIN""}, null, null]",null,null,Structural inventory; findings and text review identify assessed defects
12:108,12:152,12:151,TEXT,Quiet surface,"[73, 38.5, 84, 19]",null,null,null,Structural inventory; findings and text review identify assessed defects
14:266,14:266,0:1,FRAME,MindLeverX — Method / Mobile,"[8178, 876, 390, 5057]","[""VERTICAL"", ""FIXED"", ""HUG"", ""NO_WRAP"", 0, 0, 0, 0, 0, true, ""AUTO"", {""horizontal"": ""MIN"", ""vertical"": ""MIN""}, null, null]","{""fills"": [{""type"": ""VARIABLE_ALIAS"", ""id"": ""VariableID:2:3""}]}",null,Structural inventory; findings and text review identify assessed defects
14:266,14:267,14:266,FRAME,Mobile Status Bar Simulator,"[0, 0, 390, 34]","[""HORIZONTAL"", ""FILL"", ""HUG"", ""NO_WRAP"", 12, 24, 4, 24, 0, false, ""AUTO"", {""horizontal"": ""MIN"", ""vertical"": ""MIN""}, null, null]",null,null,Structural inventory; findings and text review identify assessed defects
14:266,14:268,14:267,TEXT,9:41,"[24, 12, 27, 18]",null,"{""fills"": [{""type"": ""VARIABLE_ALIAS"", ""id"": ""VariableID:2:7""}]}",null,Structural inventory; findings and text review identify assessed defects
14:266,14:269,14:267,FRAME,Frame,"[297, 12, 69, 11]","[""HORIZONTAL"", ""HUG"", ""HUG"", ""NO_WRAP"", 0, 0, 0, 0, 6, false, ""AUTO"", {""horizontal"": ""MIN"", ""vertical"": ""MIN""}, null, null]",null,null,Structural inventory; findings and text review identify assessed defects
14:266,14:270,14:269,FRAME,ios-signal,"[0, 0, 17, 11]","[""NONE"", ""FIXED"", ""FIXED"", ""NO_WRAP"", 0, 0, 0, 0, 0, true, ""AUTO"", {""horizontal"": ""MIN"", ""vertical"": ""MIN""}, null, null]",null,null,Structural inventory; findings and text review identify assessed defects
14:266,14:271,14:270,VECTOR,Vector,"[0, 2.4123001098632812, 16.31999969482422, 6.725399971008301]",null,"{""fills"": [{""type"": ""VARIABLE_ALIAS"", ""id"": ""VariableID:2:7""}]}",null,Structural inventory; findings and text review identify assessed defects
14:266,14:272,14:269,FRAME,ios-wifi-signal,"[23, 0, 15, 11]","[""NONE"", ""FIXED"", ""FIXED"", ""NO_WRAP"", 0, 0, 0, 0, 0, true, ""AUTO"", {""horizontal"": ""MIN"", ""vertical"": ""MIN""}, null, null]",null,null,Structural inventory; findings and text review identify assessed defects
14:266,14:273,14:272,VECTOR,Vector,"[0.75, 1.8348000049591064, 12.856277465820312, 6.780544281005859]",null,"{""fills"": [{""type"": ""VARIABLE_ALIAS"", ""id"": ""VariableID:2:7""}]}",null,Structural inventory; findings and text review identify assessed defects
14:266,14:274,14:269,FRAME,ios-battery-full,"[44, 0, 25, 11]","[""NONE"", ""FIXED"", ""FIXED"", ""NO_WRAP"", 0, 0, 0, 0, 0, true, ""AUTO"", {""horizontal"": ""MIN"", ""vertical"": ""MIN""}, null, null]",null,null,Structural inventory; findings and text review identify assessed defects
14:266,14:275,14:274,VECTOR,Vector,"[0, 2.200000047683716, 24.400089263916016, 7.150000095367432]",null,"{""fills"": [{""type"": ""VARIABLE_ALIAS"", ""id"": ""VariableID:2:7""}]}",null,Structural inventory; findings and text review identify assessed defects
14:266,14:276,14:266,INSTANCE,Header / Mobile,"[0, 34, 390, 62]","[""HORIZONTAL"", ""FIXED"", ""HUG"", ""NO_WRAP"", 16, 24, 16, 24, 0, false, ""AUTO"", {""horizontal"": ""MIN"", ""vertical"": ""MIN""}, null, null]","{""strokes"": [{""type"": ""VARIABLE_ALIAS"", ""id"": ""VariableID:2:6""}]}",null,Structural inventory; findings and text review identify assessed defects
14:266,I14:276;13:330,14:276,FRAME,Brand Identity,"[24, 17, 146, 28]","[""HORIZONTAL"", ""HUG"", ""HUG"", ""NO_WRAP"", 0, 0, 0, 0, 10, false, ""AUTO"", {""horizontal"": ""MIN"", ""vertical"": ""MIN""}, null, null]",null,null,Structural inventory; findings and text review identify assessed defects
14:266,I14:276;13:331,I14:276;13:330,FRAME,Logo Mark,"[0, 0, 28, 28]","[""HORIZONTAL"", ""FIXED"", ""FIXED"", ""NO_WRAP"", 0, 0, 0, 0, 0, false, ""AUTO"", {""horizontal"": ""MIN"", ""vertical"": ""MIN""}, null, null]",null,null,Structural inventory; findings and text review identify assessed defects
14:266,I14:276;13:332,I14:276;13:331,FRAME,cross,"[6, 5, 16, 18]","[""HORIZONTAL"", ""FIXED"", ""FIXED"", ""NO_WRAP"", 0, 0, 0, 0, 0, true, ""AUTO"", {""horizontal"": ""MIN"", ""vertical"": ""MIN""}, null, null]",null,null,Structural inventory; findings and text review identify assessed defects
14:266,I14:276;13:333,I14:276;13:332,VECTOR,Vector,"[2, 3, 12, 12]",null,null,null,Structural inventory; findings and text review identify assessed defects
14:266,I14:276;13:334,I14:276;13:330,TEXT,Wordmark,"[38, 3, 108, 22]",null,"{""fills"": [{""type"": ""VARIABLE_ALIAS"", ""id"": ""VariableID:2:7""}]}",null,Structural inventory; findings and text review identify assessed defects
14:266,I14:276;13:335,14:276,FRAME,Menu Control,"[307, 16, 59, 30]","[""HORIZONTAL"", ""HUG"", ""HUG"", ""NO_WRAP"", 6, 12, 6, 12, 0, false, ""AUTO"", {""horizontal"": ""MIN"", ""vertical"": ""MIN""}, null, null]","{""strokes"": [{""type"": ""VARIABLE_ALIAS"", ""id"": ""VariableID:2:6""}]}","[{""action"": {""type"": ""NODE"", ""destinationId"": ""14:873"", ""navigation"": ""NAVIGATE"", ""transition"": null, ""resetVideoPosition"": false}, ""actions"": [{""type"": ""NODE"", ""destinationId"": ""14:873"", ""navigation"": ""NAVIGATE"", ""transition"": null, ""resetVideoPosition"": false}], ""trigger"": {""type"": ""ON_CLICK""}}]",Structural inventory; findings and text review identify assessed defects
14:266,I14:276;13:336,I14:276;13:335,TEXT,MENU,"[12, 6, 35, 18]",null,"{""fills"": [{""type"": ""VARIABLE_ALIAS"", ""id"": ""VariableID:2:8""}]}",null,Structural inventory; findings and text review identify assessed defects
14:266,14:284,14:266,FRAME,Hero,"[0, 96, 390, 445]","[""VERTICAL"", ""FILL"", ""HUG"", ""NO_WRAP"", 48, 24, 48, 24, 24, false, ""AUTO"", {""horizontal"": ""MIN"", ""vertical"": ""MIN""}, null, null]","{""itemSpacing"": {""type"": ""VARIABLE_ALIAS"", ""id"": ""VariableID:2:13""}, ""paddingLeft"": {""type"": ""VARIABLE_ALIAS"", ""id"": ""VariableID:2:13""}, ""paddingTop"": {""type"": ""VARIABLE_ALIAS"", ""id"": ""VariableID:2:15""}, ""paddingRight"": {""type"": ""VARIABLE_ALIAS"", ""id"": ""VariableID:2:13""}, ""paddingBottom"": {""type"": ""VARIABLE_ALIAS"", ""id"": ""VariableID:2:15""}}",null,Structural inventory; findings and text review identify assessed defects
14:266,14:285,14:284,TEXT,PROPOSED SERVICE DESIGN,"[24, 48, 342, 18]",null,"{""fills"": [{""type"": ""VARIABLE_ALIAS"", ""id"": ""VariableID:2:10""}]}",null,Structural inventory; findings and text review identify assessed defects
14:266,14:286,14:284,TEXT,A careful method for observing AI answers,"[24, 90, 342, 80]",null,"{""fills"": [{""type"": ""VARIABLE_ALIAS"", ""id"": ""VariableID:2:7""}]}",null,Structural inventory; findings and text review identify assessed defects
14:266,14:287,14:284,TEXT,"Our proposed framework separates foundational search readiness from observed real-world AI engine answers. By documenting qualified evidence alongside clear context and platform limitations, we replace speculative optimization scores with verifiable facts.","[24, 194, 342, 203]",null,"{""fills"": [{""type"": ""VARIABLE_ALIAS"", ""id"": ""VariableID:2:8""}]}",null,Structural inventory; findings and text review identify assessed defects
14:266,14:288,14:266,FRAME,Track Comparison,"[0, 541, 390, 698]","[""VERTICAL"", ""FILL"", ""HUG"", ""NO_WRAP"", 48, 24, 48, 24, 32, false, ""AUTO"", {""horizontal"": ""MIN"", ""vertical"": ""MIN""}, null, null]","{""itemSpacing"": {""type"": ""VARIABLE_ALIAS"", ""id"": ""VariableID:2:14""}, ""paddingLeft"": {""type"": ""VARIABLE_ALIAS"", ""id"": ""VariableID:2:13""}, ""paddingTop"": {""type"": ""VARIABLE_ALIAS"", ""id"": ""VariableID:2:15""}, ""paddingRight"": {""type"": ""VARIABLE_ALIAS"", ""id"": ""VariableID:2:13""}, ""paddingBottom"": {""type"": ""VARIABLE_ALIAS"", ""id"": ""VariableID:2:15""}, ""fills"": [{""type"": ""VARIABLE_ALIAS"", ""id"": ""VariableID:2:4""}], ""strokes"": [{""type"": ""VARIABLE_ALIAS"", ""id"": ""VariableID:2:6""}]}",null,Structural inventory; findings and text review identify assessed defects
14:266,14:289,14:288,FRAME,Frame,"[24, 48, 342, 88]","[""VERTICAL"", ""FILL"", ""HUG"", ""NO_WRAP"", 0, 0, 0, 0, 8, false, ""AUTO"", {""horizontal"": ""MIN"", ""vertical"": ""MIN""}, null, null]",null,null,Structural inventory; findings and text review identify assessed defects
14:266,14:290,14:289,TEXT,THE TWO-TRACK BOUNDARY,"[0, 0, 342, 18]",null,"{""fills"": [{""type"": ""VARIABLE_ALIAS"", ""id"": ""VariableID:2:10""}]}",null,Structural inventory; findings and text review identify assessed defects
14:266,14:291,14:289,TEXT,Separating site readiness from observed AI answers,"[0, 26, 342, 62]",null,"{""fills"": [{""type"": ""VARIABLE_ALIAS"", ""id"": ""VariableID:2:7""}]}",null,Structural inventory; findings and text review identify assessed defects
14:266,14:292,14:288,FRAME,Frame,"[24, 168, 342, 482]","[""VERTICAL"", ""FILL"", ""HUG"", ""NO_WRAP"", 0, 0, 0, 0, 20, false, ""AUTO"", {""horizontal"": ""MIN"", ""vertical"": ""MIN""}, null, null]",null,null,Structural inventory; findings and text review identify assessed defects
14:266,14:293,14:292,FRAME,Frame,"[0, 0, 342, 231]","[""VERTICAL"", ""FILL"", ""HUG"", ""NO_WRAP"", 24, 24, 24, 24, 12, false, ""AUTO"", {""horizontal"": ""MIN"", ""vertical"": ""MIN""}, null, null]","{""paddingLeft"": {""type"": ""VARIABLE_ALIAS"", ""id"": ""VariableID:2:13""}, ""paddingTop"": {""type"": ""VARIABLE_ALIAS"", ""id"": ""VariableID:2:13""}, ""paddingRight"": {""type"": ""VARIABLE_ALIAS"", ""id"": ""VariableID:2:13""}, ""paddingBottom"": {""type"": ""VARIABLE_ALIAS"", ""id"": ""VariableID:2:13""}, ""fills"": [{""type"": ""VARIABLE_ALIAS"", ""id"": ""VariableID:2:3""}], ""strokes"": [{""type"": ""VARIABLE_ALIAS"", ""id"": ""VariableID:2:6""}]}",null,Structural inventory; findings and text review identify assessed defects
14:266,14:294,14:293,TEXT,TRACK 01,"[24, 24, 294, 18]",null,"{""fills"": [{""type"": ""VARIABLE_ALIAS"", ""id"": ""VariableID:2:9""}]}",null,Structural inventory; findings and text review identify assessed defects
14:266,14:295,14:293,TEXT,Site & Search Readiness,"[24, 54, 294, 31]",null,"{""fills"": [{""type"": ""VARIABLE_ALIAS"", ""id"": ""VariableID:2:7""}]}",null,Structural inventory; findings and text review identify assessed defects
14:266,14:296,14:293,TEXT,"Asks whether your digital estate is clean, structured, crawlable, and authoritative. This covers traditional schema, plain-language copy, and indexable resources. Essential but passive.","[24, 97, 294, 110]",null,"{""fills"": [{""type"": ""VARIABLE_ALIAS"", ""id"": ""VariableID:2:8""}]}",null,Structural inventory; findings and text review identify assessed defects
14:266,14:297,14:292,FRAME,Frame,"[0, 251, 342, 231]","[""VERTICAL"", ""FILL"", ""HUG"", ""NO_WRAP"", 24, 24, 24, 24, 12, false, ""AUTO"", {""horizontal"": ""MIN"", ""vertical"": ""MIN""}, null, null]","{""paddingLeft"": {""type"": ""VARIABLE_ALIAS"", ""id"": ""VariableID:2:13""}, ""paddingTop"": {""type"": ""VARIABLE_ALIAS"", ""id"": ""VariableID:2:13""}, ""paddingRight"": {""type"": ""VARIABLE_ALIAS"", ""id"": ""VariableID:2:13""}, ""paddingBottom"": {""type"": ""VARIABLE_ALIAS"", ""id"": ""VariableID:2:13""}, ""fills"": [{""type"": ""VARIABLE_ALIAS"", ""id"": ""VariableID:2:3""}], ""strokes"": [{""type"": ""VARIABLE_ALIAS"", ""id"": ""VariableID:2:6""}]}",null,Structural inventory; findings and text review identify assessed defects
14:266,14:298,14:297,TEXT,TRACK 02,"[24, 24, 294, 18]",null,null,null,Structural inventory; findings and text review identify assessed defects
14:266,14:299,14:297,TEXT,Observed AI Answers,"[24, 54, 294, 31]",null,"{""fills"": [{""type"": ""VARIABLE_ALIAS"", ""id"": ""VariableID:2:7""}]}",null,Structural inventory; findings and text review identify assessed defects
14:266,14:300,14:297,TEXT,"Asks what a specific generative engine returned in response to exact queries under defined parameters. This is verified, snapshots-retained empirical evidence from consumer-facing layers.","[24, 97, 294, 110]",null,"{""fills"": [{""type"": ""VARIABLE_ALIAS"", ""id"": ""VariableID:2:8""}]}",null,Structural inventory; findings and text review identify assessed defects
14:266,14:301,14:266,FRAME,Proposed Journey,"[0, 1239, 390, 1912]","[""VERTICAL"", ""FILL"", ""HUG"", ""NO_WRAP"", 48, 24, 48, 24, 32, false, ""AUTO"", {""horizontal"": ""MIN"", ""vertical"": ""MIN""}, null, null]","{""itemSpacing"": {""type"": ""VARIABLE_ALIAS"", ""id"": ""VariableID:2:14""}, ""paddingLeft"": {""type"": ""VARIABLE_ALIAS"", ""id"": ""VariableID:2:13""}, ""paddingTop"": {""type"": ""VARIABLE_ALIAS"", ""id"": ""VariableID:2:15""}, ""paddingRight"": {""type"": ""VARIABLE_ALIAS"", ""id"": ""VariableID:2:13""}, ""paddingBottom"": {""type"": ""VARIABLE_ALIAS"", ""id"": ""VariableID:2:15""}}",null,Structural inventory; findings and text review identify assessed defects
14:266,14:302,14:301,FRAME,Frame,"[24, 48, 342, 106]","[""VERTICAL"", ""FILL"", ""HUG"", ""NO_WRAP"", 0, 0, 0, 0, 8, false, ""AUTO"", {""horizontal"": ""MIN"", ""vertical"": ""MIN""}, null, null]",null,null,Structural inventory; findings and text review identify assessed defects
14:266,14:303,14:302,TEXT,PROPOSED ROADMAP,"[0, 0, 342, 18]",null,"{""fills"": [{""type"": ""VARIABLE_ALIAS"", ""id"": ""VariableID:2:10""}]}",null,Structural inventory; findings and text review identify assessed defects
14:266,14:304,14:302,TEXT,The Seven-Step Evidence Lifecycle,"[0, 26, 342, 80]",null,"{""fills"": [{""type"": ""VARIABLE_ALIAS"", ""id"": ""VariableID:2:7""}]}",null,Structural inventory; findings and text review identify assessed defects
14:266,14:305,14:301,FRAME,Frame,"[24, 186, 342, 1678]","[""VERTICAL"", ""FILL"", ""HUG"", ""NO_WRAP"", 0, 0, 0, 0, 16, false, ""AUTO"", {""horizontal"": ""MIN"", ""vertical"": ""MIN""}, null, null]",null,null,Structural inventory; findings and text review identify assessed defects
14:266,14:306,14:305,FRAME,Frame,"[0, 0, 342, 238]","[""VERTICAL"", ""FILL"", ""HUG"", ""NO_WRAP"", 24, 24, 24, 24, 16, false, ""AUTO"", {""horizontal"": ""MIN"", ""vertical"": ""MIN""}, null, null]","{""itemSpacing"": {""type"": ""VARIABLE_ALIAS"", ""id"": ""VariableID:2:12""}, ""paddingLeft"": {""type"": ""VARIABLE_ALIAS"", ""id"": ""VariableID:2:13""}, ""paddingTop"": {""type"": ""VARIABLE_ALIAS"", ""id"": ""VariableID:2:13""}, ""paddingRight"": {""type"": ""VARIABLE_ALIAS"", ""id"": ""VariableID:2:13""}, ""paddingBottom"": {""type"": ""VARIABLE_ALIAS"", ""id"": ""VariableID:2:13""}, ""fills"": [{""type"": ""VARIABLE_ALIAS"", ""id"": ""VariableID:2:4""}], ""strokes"": [{""type"": ""VARIABLE_ALIAS"", ""id"": ""VariableID:2:6""}]}",null,Structural inventory; findings and text review identify assessed defects
14:266,14:307,14:306,FRAME,Frame,"[24, 24, 294, 38]","[""HORIZONTAL"", ""FILL"", ""HUG"", ""NO_WRAP"", 0, 0, 0, 0, 0, false, ""AUTO"", {""horizontal"": ""MIN"", ""vertical"": ""MIN""}, null, null]",null,null,Structural inventory; findings and text review identify assessed defects
14:266,14:308,14:307,TEXT,01,"[0, 0, 31, 38]",null,"{""fills"": [{""type"": ""VARIABLE_ALIAS"", ""id"": ""VariableID:2:10""}]}",null,Structural inventory; findings and text review identify assessed defects
14:266,14:309,14:307,FRAME,Frame,"[201, 8.5, 93, 21]","[""HORIZONTAL"", ""HUG"", ""HUG"", ""NO_WRAP"", 4, 8, 4, 8, 0, false, ""AUTO"", {""horizontal"": ""MIN"", ""vertical"": ""MIN""}, null, null]","{""fills"": [{""type"": ""VARIABLE_ALIAS"", ""id"": ""VariableID:2:5""}]}",null,Structural inventory; findings and text review identify assessed defects
14:266,14:310,14:309,TEXT,CONCEPT ONLY,"[8, 4, 77, 13]",null,null,null,Structural inventory; findings and text review identify assessed defects
14:266,14:311,14:306,FRAME,Frame,"[24, 78, 294, 136]","[""VERTICAL"", ""FILL"", ""HUG"", ""NO_WRAP"", 0, 0, 0, 0, 8, false, ""AUTO"", {""horizontal"": ""MIN"", ""vertical"": ""MIN""}, null, null]",null,null,Structural inventory; findings and text review identify assessed defects
14:266,14:312,14:311,TEXT,Agree scope and authorization,"[0, 0, 294, 62]",null,"{""fills"": [{""type"": ""VARIABLE_ALIAS"", ""id"": ""VariableID:2:7""}]}",null,Structural inventory; findings and text review identify assessed defects
14:266,14:313,14:311,TEXT,Identify the critical business segments and core services to evaluate. Establish target parameters.,"[0, 70, 294, 66]",null,"{""fills"": [{""type"": ""VARIABLE_ALIAS"", ""id"": ""VariableID:2:8""}]}",null,Structural inventory; findings and text review identify assessed defects
14:266,14:314,14:305,FRAME,Frame,"[0, 254, 342, 216]","[""VERTICAL"", ""FILL"", ""HUG"", ""NO_WRAP"", 24, 24, 24, 24, 16, false, ""AUTO"", {""horizontal"": ""MIN"", ""vertical"": ""MIN""}, null, null]","{""itemSpacing"": {""type"": ""VARIABLE_ALIAS"", ""id"": ""VariableID:2:12""}, ""paddingLeft"": {""type"": ""VARIABLE_ALIAS"", ""id"": ""VariableID:2:13""}, ""paddingTop"": {""type"": ""VARIABLE_ALIAS"", ""id"": ""VariableID:2:13""}, ""paddingRight"": {""type"": ""VARIABLE_ALIAS"", ""id"": ""VariableID:2:13""}, ""paddingBottom"": {""type"": ""VARIABLE_ALIAS"", ""id"": ""VariableID:2:13""}, ""fills"": [{""type"": ""VARIABLE_ALIAS"", ""id"": ""VariableID:2:4""}], ""strokes"": [{""type"": ""VARIABLE_ALIAS"", ""id"": ""VariableID:2:6""}]}",null,Structural inventory; findings and text review identify assessed defects
14:266,14:315,14:314,FRAME,Frame,"[24, 24, 294, 38]","[""HORIZONTAL"", ""FILL"", ""HUG"", ""NO_WRAP"", 0, 0, 0, 0, 0, false, ""AUTO"", {""horizontal"": ""MIN"", ""vertical"": ""MIN""}, null, null]",null,null,Structural inventory; findings and text review identify assessed defects
14:266,14:316,14:315,TEXT,02,"[0, 0, 36, 38]",null,"{""fills"": [{""type"": ""VARIABLE_ALIAS"", ""id"": ""VariableID:2:10""}]}",null,Structural inventory; findings and text review identify assessed defects
14:266,14:317,14:315,FRAME,Frame,"[201, 8.5, 93, 21]","[""HORIZONTAL"", ""HUG"", ""HUG"", ""NO_WRAP"", 4, 8, 4, 8, 0, false, ""AUTO"", {""horizontal"": ""MIN"", ""vertical"": ""MIN""}, null, null]","{""fills"": [{""type"": ""VARIABLE_ALIAS"", ""id"": ""VariableID:2:5""}]}",null,Structural inventory; findings and text review identify assessed defects
14:266,14:318,14:317,TEXT,CONCEPT ONLY,"[8, 4, 77, 13]",null,null,null,Structural inventory; findings and text review identify assessed defects
14:266,14:319,14:314,FRAME,Frame,"[24, 78, 294, 114]","[""VERTICAL"", ""FILL"", ""HUG"", ""NO_WRAP"", 0, 0, 0, 0, 8, false, ""AUTO"", {""horizontal"": ""MIN"", ""vertical"": ""MIN""}, null, null]",null,null,Structural inventory; findings and text review identify assessed defects
14:266,14:320,14:319,TEXT,Choose and version the questions,"[0, 0, 294, 62]",null,"{""fills"": [{""type"": ""VARIABLE_ALIAS"", ""id"": ""VariableID:2:7""}]}",null,Structural inventory; findings and text review identify assessed defects
14:266,14:321,14:319,TEXT,Formulate a versioned dataset of exact buyer questions reflecting real-world intent.,"[0, 70, 294, 44]",null,"{""fills"": [{""type"": ""VARIABLE_ALIAS"", ""id"": ""VariableID:2:8""}]}",null,Structural inventory; findings and text review identify assessed defects
14:266,14:322,14:305,FRAME,Frame,"[0, 486, 342, 238]","[""VERTICAL"", ""FILL"", ""HUG"", ""NO_WRAP"", 24, 24, 24, 24, 16, false, ""AUTO"", {""horizontal"": ""MIN"", ""vertical"": ""MIN""}, null, null]","{""itemSpacing"": {""type"": ""VARIABLE_ALIAS"", ""id"": ""VariableID:2:12""}, ""paddingLeft"": {""type"": ""VARIABLE_ALIAS"", ""id"": ""VariableID:2:13""}, ""paddingTop"": {""type"": ""VARIABLE_ALIAS"", ""id"": ""VariableID:2:13""}, ""paddingRight"": {""type"": ""VARIABLE_ALIAS"", ""id"": ""VariableID:2:13""}, ""paddingBottom"": {""type"": ""VARIABLE_ALIAS"", ""id"": ""VariableID:2:13""}, ""fills"": [{""type"": ""VARIABLE_ALIAS"", ""id"": ""VariableID:2:4""}], ""strokes"": [{""type"": ""VARIABLE_ALIAS"", ""id"": ""VariableID:2:6""}]}",null,Structural inventory; findings and text review identify assessed defects
14:266,14:323,14:322,FRAME,Frame,"[24, 24, 294, 38]","[""HORIZONTAL"", ""FILL"", ""HUG"", ""NO_WRAP"", 0, 0, 0, 0, 0, false, ""AUTO"", {""horizontal"": ""MIN"", ""vertical"": ""MIN""}, null, null]",null,null,Structural inventory; findings and text review identify assessed defects
14:266,14:324,14:323,TEXT,03,"[0, 0, 35, 38]",null,"{""fills"": [{""type"": ""VARIABLE_ALIAS"", ""id"": ""VariableID:2:10""}]}",null,Structural inventory; findings and text review identify assessed defects
14:266,14:325,14:323,FRAME,Frame,"[150, 8.5, 144, 21]","[""HORIZONTAL"", ""HUG"", ""HUG"", ""NO_WRAP"", 4, 8, 4, 8, 0, false, ""AUTO"", {""horizontal"": ""MIN"", ""vertical"": ""MIN""}, null, null]","{""fills"": [{""type"": ""VARIABLE_ALIAS"", ""id"": ""VariableID:2:5""}]}",null,Structural inventory; findings and text review identify assessed defects
14:266,14:326,14:325,TEXT,PROPOSED / NOT YET LIVE,"[8, 4, 128, 13]",null,null,null,Structural inventory; findings and text review identify assessed defects
14:266,14:327,14:322,FRAME,Frame,"[24, 78, 294, 136]","[""VERTICAL"", ""FILL"", ""HUG"", ""NO_WRAP"", 0, 0, 0, 0, 8, false, ""AUTO"", {""horizontal"": ""MIN"", ""vertical"": ""MIN""}, null, null]",null,null,Structural inventory; findings and text review identify assessed defects
14:266,14:328,14:327,TEXT,Collect and retain qualified evidence,"[0, 0, 294, 62]",null,"{""fills"": [{""type"": ""VARIABLE_ALIAS"", ""id"": ""VariableID:2:7""}]}",null,Structural inventory; findings and text review identify assessed defects
14:266,14:329,14:327,TEXT,"Proposed qualified collection of answer evidence for versioned questions, with context retained. NOT YET LIVE.","[0, 70, 294, 66]",null,"{""fills"": [{""type"": ""VARIABLE_ALIAS"", ""id"": ""VariableID:2:8""}]}",null,Structural inventory; findings and text review identify assessed defects
14:266,14:330,14:305,FRAME,Frame,"[0, 740, 342, 238]","[""VERTICAL"", ""FILL"", ""HUG"", ""NO_WRAP"", 24, 24, 24, 24, 16, false, ""AUTO"", {""horizontal"": ""MIN"", ""vertical"": ""MIN""}, null, null]","{""itemSpacing"": {""type"": ""VARIABLE_ALIAS"", ""id"": ""VariableID:2:12""}, ""paddingLeft"": {""type"": ""VARIABLE_ALIAS"", ""id"": ""VariableID:2:13""}, ""paddingTop"": {""type"": ""VARIABLE_ALIAS"", ""id"": ""VariableID:2:13""}, ""paddingRight"": {""type"": ""VARIABLE_ALIAS"", ""id"": ""VariableID:2:13""}, ""paddingBottom"": {""type"": ""VARIABLE_ALIAS"", ""id"": ""VariableID:2:13""}, ""fills"": [{""type"": ""VARIABLE_ALIAS"", ""id"": ""VariableID:2:4""}], ""strokes"": [{""type"": ""VARIABLE_ALIAS"", ""id"": ""VariableID:2:6""}]}",null,Structural inventory; findings and text review identify assessed defects
14:266,14:331,14:330,FRAME,Frame,"[24, 24, 294, 38]","[""HORIZONTAL"", ""FILL"", ""HUG"", ""NO_WRAP"", 0, 0, 0, 0, 0, false, ""AUTO"", {""horizontal"": ""MIN"", ""vertical"": ""MIN""}, null, null]",null,null,Structural inventory; findings and text review identify assessed defects
14:266,14:332,14:331,TEXT,04,"[0, 0, 36, 38]",null,"{""fills"": [{""type"": ""VARIABLE_ALIAS"", ""id"": ""VariableID:2:10""}]}",null,Structural inventory; findings and text review identify assessed defects
14:266,14:333,14:331,FRAME,Frame,"[225, 8.5, 69, 21]","[""HORIZONTAL"", ""HUG"", ""HUG"", ""NO_WRAP"", 4, 8, 4, 8, 0, false, ""AUTO"", {""horizontal"": ""MIN"", ""vertical"": ""MIN""}, null, null]","{""fills"": [{""type"": ""VARIABLE_ALIAS"", ""id"": ""VariableID:2:5""}]}",null,Structural inventory; findings and text review identify assessed defects
14:266,14:334,14:333,TEXT,PROPOSED,"[8, 4, 53, 13]",null,null,null,Structural inventory; findings and text review identify assessed defects
14:266,14:335,14:330,FRAME,Frame,"[24, 78, 294, 136]","[""VERTICAL"", ""FILL"", ""HUG"", ""NO_WRAP"", 0, 0, 0, 0, 8, false, ""AUTO"", {""horizontal"": ""MIN"", ""vertical"": ""MIN""}, null, null]",null,null,Structural inventory; findings and text review identify assessed defects
14:266,14:336,14:335,TEXT,Interpret findings with limits,"[0, 0, 294, 62]",null,"{""fills"": [{""type"": ""VARIABLE_ALIAS"", ""id"": ""VariableID:2:7""}]}",null,Structural inventory; findings and text review identify assessed defects
14:266,14:337,14:335,TEXT,"Examine returned citations and brand presence while documenting regional, temporal, and model variation limits.","[0, 70, 294, 66]",null,"{""fills"": [{""type"": ""VARIABLE_ALIAS"", ""id"": ""VariableID:2:8""}]}",null,Structural inventory; findings and text review identify assessed defects
14:266,14:338,14:305,FRAME,Frame,"[0, 994, 342, 238]","[""VERTICAL"", ""FILL"", ""HUG"", ""NO_WRAP"", 24, 24, 24, 24, 16, false, ""AUTO"", {""horizontal"": ""MIN"", ""vertical"": ""MIN""}, null, null]","{""itemSpacing"": {""type"": ""VARIABLE_ALIAS"", ""id"": ""VariableID:2:12""}, ""paddingLeft"": {""type"": ""VARIABLE_ALIAS"", ""id"": ""VariableID:2:13""}, ""paddingTop"": {""type"": ""VARIABLE_ALIAS"", ""id"": ""VariableID:2:13""}, ""paddingRight"": {""type"": ""VARIABLE_ALIAS"", ""id"": ""VariableID:2:13""}, ""paddingBottom"": {""type"": ""VARIABLE_ALIAS"", ""id"": ""VariableID:2:13""}, ""fills"": [{""type"": ""VARIABLE_ALIAS"", ""id"": ""VariableID:2:4""}], ""strokes"": [{""type"": ""VARIABLE_ALIAS"", ""id"": ""VariableID:2:6""}]}",null,Structural inventory; findings and text review identify assessed defects
14:266,14:339,14:338,FRAME,Frame,"[24, 24, 294, 38]","[""HORIZONTAL"", ""FILL"", ""HUG"", ""NO_WRAP"", 0, 0, 0, 0, 0, false, ""AUTO"", {""horizontal"": ""MIN"", ""vertical"": ""MIN""}, null, null]",null,null,Structural inventory; findings and text review identify assessed defects
14:266,14:340,14:339,TEXT,05,"[0, 0, 35, 38]",null,"{""fills"": [{""type"": ""VARIABLE_ALIAS"", ""id"": ""VariableID:2:10""}]}",null,Structural inventory; findings and text review identify assessed defects
14:266,14:341,14:339,FRAME,Frame,"[225, 8.5, 69, 21]","[""HORIZONTAL"", ""HUG"", ""HUG"", ""NO_WRAP"", 4, 8, 4, 8, 0, false, ""AUTO"", {""horizontal"": ""MIN"", ""vertical"": ""MIN""}, null, null]","{""fills"": [{""type"": ""VARIABLE_ALIAS"", ""id"": ""VariableID:2:5""}]}",null,Structural inventory; findings and text review identify assessed defects
14:266,14:342,14:341,TEXT,PROPOSED,"[8, 4, 53, 13]",null,null,null,Structural inventory; findings and text review identify assessed defects
14:266,14:343,14:338,FRAME,Frame,"[24, 78, 294, 136]","[""VERTICAL"", ""FILL"", ""HUG"", ""NO_WRAP"", 0, 0, 0, 0, 8, false, ""AUTO"", {""horizontal"": ""MIN"", ""vertical"": ""MIN""}, null, null]",null,null,Structural inventory; findings and text review identify assessed defects
14:266,14:344,14:343,TEXT,Human review before recommendations,"[0, 0, 294, 62]",null,"{""fills"": [{""type"": ""VARIABLE_ALIAS"", ""id"": ""VariableID:2:7""}]}",null,Structural inventory; findings and text review identify assessed defects
14:266,14:345,14:343,TEXT,Contextualize observations with real human analysts to avoid synthetic automated 'SEO score' fallacies.,"[0, 70, 294, 66]",null,"{""fills"": [{""type"": ""VARIABLE_ALIAS"", ""id"": ""VariableID:2:8""}]}",null,Structural inventory; findings and text review identify assessed defects
14:266,14:346,14:305,FRAME,Frame,"[0, 1248, 342, 207]","[""VERTICAL"", ""FILL"", ""HUG"", ""NO_WRAP"", 24, 24, 24, 24, 16, false, ""AUTO"", {""horizontal"": ""MIN"", ""vertical"": ""MIN""}, null, null]","{""itemSpacing"": {""type"": ""VARIABLE_ALIAS"", ""id"": ""VariableID:2:12""}, ""paddingLeft"": {""type"": ""VARIABLE_ALIAS"", ""id"": ""VariableID:2:13""}, ""paddingTop"": {""type"": ""VARIABLE_ALIAS"", ""id"": ""VariableID:2:13""}, ""paddingRight"": {""type"": ""VARIABLE_ALIAS"", ""id"": ""VariableID:2:13""}, ""paddingBottom"": {""type"": ""VARIABLE_ALIAS"", ""id"": ""VariableID:2:13""}, ""fills"": [{""type"": ""VARIABLE_ALIAS"", ""id"": ""VariableID:2:4""}], ""strokes"": [{""type"": ""VARIABLE_ALIAS"", ""id"": ""VariableID:2:6""}]}",null,Structural inventory; findings and text review identify assessed defects
14:266,14:347,14:346,FRAME,Frame,"[24, 24, 294, 38]","[""HORIZONTAL"", ""FILL"", ""HUG"", ""NO_WRAP"", 0, 0, 0, 0, 0, false, ""AUTO"", {""horizontal"": ""MIN"", ""vertical"": ""MIN""}, null, null]",null,null,Structural inventory; findings and text review identify assessed defects
14:266,14:348,14:347,TEXT,06,"[0, 0, 36, 38]",null,"{""fills"": [{""type"": ""VARIABLE_ALIAS"", ""id"": ""VariableID:2:10""}]}",null,Structural inventory; findings and text review identify assessed defects
14:266,14:349,14:347,FRAME,Frame,"[231, 8.5, 63, 21]","[""HORIZONTAL"", ""HUG"", ""HUG"", ""NO_WRAP"", 4, 8, 4, 8, 0, false, ""AUTO"", {""horizontal"": ""MIN"", ""vertical"": ""MIN""}, null, null]","{""fills"": [{""type"": ""VARIABLE_ALIAS"", ""id"": ""VariableID:2:5""}]}",null,Structural inventory; findings and text review identify assessed defects
14:266,14:350,14:349,TEXT,PLANNED,"[8, 4, 47, 13]",null,null,null,Structural inventory; findings and text review identify assessed defects
14:266,14:351,14:346,FRAME,Frame,"[24, 78, 294, 105]","[""VERTICAL"", ""FILL"", ""HUG"", ""NO_WRAP"", 0, 0, 0, 0, 8, false, ""AUTO"", {""horizontal"": ""MIN"", ""vertical"": ""MIN""}, null, null]",null,null,Structural inventory; findings and text review identify assessed defects
14:266,14:352,14:351,TEXT,Private report delivery,"[0, 0, 294, 31]",null,"{""fills"": [{""type"": ""VARIABLE_ALIAS"", ""id"": ""VariableID:2:7""}]}",null,Structural inventory; findings and text review identify assessed defects
14:266,14:353,14:351,TEXT,Securely package empirical evidence alongside actionable content structural edits.,"[0, 39, 294, 66]",null,"{""fills"": [{""type"": ""VARIABLE_ALIAS"", ""id"": ""VariableID:2:8""}]}",null,Structural inventory; findings and text review identify assessed defects
14:266,14:354,14:305,FRAME,Frame,"[0, 1471, 342, 207]","[""VERTICAL"", ""FILL"", ""HUG"", ""NO_WRAP"", 24, 24, 24, 24, 16, false, ""AUTO"", {""horizontal"": ""MIN"", ""vertical"": ""MIN""}, null, null]","{""itemSpacing"": {""type"": ""VARIABLE_ALIAS"", ""id"": ""VariableID:2:12""}, ""paddingLeft"": {""type"": ""VARIABLE_ALIAS"", ""id"": ""VariableID:2:13""}, ""paddingTop"": {""type"": ""VARIABLE_ALIAS"", ""id"": ""VariableID:2:13""}, ""paddingRight"": {""type"": ""VARIABLE_ALIAS"", ""id"": ""VariableID:2:13""}, ""paddingBottom"": {""type"": ""VARIABLE_ALIAS"", ""id"": ""VariableID:2:13""}, ""fills"": [{""type"": ""VARIABLE_ALIAS"", ""id"": ""VariableID:2:4""}], ""strokes"": [{""type"": ""VARIABLE_ALIAS"", ""id"": ""VariableID:2:6""}]}",null,Structural inventory; findings and text review identify assessed defects
14:266,14:355,14:354,FRAME,Frame,"[24, 24, 294, 38]","[""HORIZONTAL"", ""FILL"", ""HUG"", ""NO_WRAP"", 0, 0, 0, 0, 0, false, ""AUTO"", {""horizontal"": ""MIN"", ""vertical"": ""MIN""}, null, null]",null,null,Structural inventory; findings and text review identify assessed defects
14:266,14:356,14:355,TEXT,07,"[0, 0, 34, 38]",null,"{""fills"": [{""type"": ""VARIABLE_ALIAS"", ""id"": ""VariableID:2:10""}]}",null,Structural inventory; findings and text review identify assessed defects
14:266,14:357,14:355,FRAME,Frame,"[231, 8.5, 63, 21]","[""HORIZONTAL"", ""HUG"", ""HUG"", ""NO_WRAP"", 4, 8, 4, 8, 0, false, ""AUTO"", {""horizontal"": ""MIN"", ""vertical"": ""MIN""}, null, null]","{""fills"": [{""type"": ""VARIABLE_ALIAS"", ""id"": ""VariableID:2:5""}]}",null,Structural inventory; findings and text review identify assessed defects
14:266,14:358,14:357,TEXT,PLANNED,"[8, 4, 47, 13]",null,null,null,Structural inventory; findings and text review identify assessed defects
14:266,14:359,14:354,FRAME,Frame,"[24, 78, 294, 105]","[""VERTICAL"", ""FILL"", ""HUG"", ""NO_WRAP"", 0, 0, 0, 0, 8, false, ""AUTO"", {""horizontal"": ""MIN"", ""vertical"": ""MIN""}, null, null]",null,null,Structural inventory; findings and text review identify assessed defects
14:266,14:360,14:359,TEXT,Revisit after changes,"[0, 0, 294, 31]",null,"{""fills"": [{""type"": ""VARIABLE_ALIAS"", ""id"": ""VariableID:2:7""}]}",null,Structural inventory; findings and text review identify assessed defects
14:266,14:361,14:359,TEXT,Re-observe answers after technical or copy implementations to log empirical evolution over time.,"[0, 39, 294, 66]",null,"{""fills"": [{""type"": ""VARIABLE_ALIAS"", ""id"": ""VariableID:2:8""}]}",null,Structural inventory; findings and text review identify assessed defects
14:266,14:362,14:266,FRAME,Limits Section,"[0, 3151, 390, 821]","[""VERTICAL"", ""FILL"", ""HUG"", ""NO_WRAP"", 48, 24, 48, 24, 32, false, ""AUTO"", {""horizontal"": ""MIN"", ""vertical"": ""MIN""}, null, null]","{""itemSpacing"": {""type"": ""VARIABLE_ALIAS"", ""id"": ""VariableID:2:14""}, ""paddingLeft"": {""type"": ""VARIABLE_ALIAS"", ""id"": ""VariableID:2:13""}, ""paddingTop"": {""type"": ""VARIABLE_ALIAS"", ""id"": ""VariableID:2:15""}, ""paddingRight"": {""type"": ""VARIABLE_ALIAS"", ""id"": ""VariableID:2:13""}, ""paddingBottom"": {""type"": ""VARIABLE_ALIAS"", ""id"": ""VariableID:2:15""}, ""fills"": [{""type"": ""VARIABLE_ALIAS"", ""id"": ""VariableID:2:5""}], ""strokes"": [{""type"": ""VARIABLE_ALIAS"", ""id"": ""VariableID:2:6""}]}",null,Structural inventory; findings and text review identify assessed defects
14:266,14:363,14:362,FRAME,Frame,"[24, 48, 342, 146]","[""VERTICAL"", ""FILL"", ""HUG"", ""NO_WRAP"", 0, 0, 0, 0, 8, false, ""AUTO"", {""horizontal"": ""MIN"", ""vertical"": ""MIN""}, null, null]",null,null,Structural inventory; findings and text review identify assessed defects
14:266,14:364,14:363,TEXT,BOUNDARY DIRECTIVES,"[0, 0, 342, 18]",null,null,null,Structural inventory; findings and text review identify assessed defects
14:266,14:365,14:363,TEXT,What the proposed method does not promise,"[0, 26, 342, 120]",null,"{""fills"": [{""type"": ""VARIABLE_ALIAS"", ""id"": ""VariableID:2:7""}]}",null,Structural inventory; findings and text review identify assessed defects
14:266,14:366,14:362,FRAME,Frame,"[24, 226, 342, 547]","[""VERTICAL"", ""FILL"", ""HUG"", ""NO_WRAP"", 0, 0, 0, 0, 16, false, ""AUTO"", {""horizontal"": ""MIN"", ""vertical"": ""MIN""}, null, null]",null,null,Structural inventory; findings and text review identify assessed defects
14:266,14:367,14:366,FRAME,Frame,"[0, 0, 342, 157]","[""VERTICAL"", ""FILL"", ""HUG"", ""NO_WRAP"", 24, 24, 24, 24, 12, false, ""AUTO"", {""horizontal"": ""MIN"", ""vertical"": ""MIN""}, null, null]","{""paddingLeft"": {""type"": ""VARIABLE_ALIAS"", ""id"": ""VariableID:2:13""}, ""paddingTop"": {""type"": ""VARIABLE_ALIAS"", ""id"": ""VariableID:2:13""}, ""paddingRight"": {""type"": ""VARIABLE_ALIAS"", ""id"": ""VariableID:2:13""}, ""paddingBottom"": {""type"": ""VARIABLE_ALIAS"", ""id"": ""VariableID:2:13""}, ""fills"": [{""type"": ""VARIABLE_ALIAS"", ""id"": ""VariableID:2:4""}], ""strokes"": [{""type"": ""VARIABLE_ALIAS"", ""id"": ""VariableID:2:6""}]}",null,Structural inventory; findings and text review identify assessed defects
14:266,14:368,14:367,TEXT,No Guaranteed Inclusion,"[24, 24, 294, 31]",null,"{""fills"": [{""type"": ""VARIABLE_ALIAS"", ""id"": ""VariableID:2:7""}]}",null,Structural inventory; findings and text review identify assessed defects
14:266,14:369,14:367,TEXT,"We cannot alter, force, or guarantee how independent LLMs decide to summarize or display your business information.","[24, 67, 294, 66]",null,"{""fills"": [{""type"": ""VARIABLE_ALIAS"", ""id"": ""VariableID:2:8""}]}",null,Structural inventory; findings and text review identify assessed defects
14:266,14:370,14:366,FRAME,Frame,"[0, 173, 342, 179]","[""VERTICAL"", ""FILL"", ""HUG"", ""NO_WRAP"", 24, 24, 24, 24, 12, false, ""AUTO"", {""horizontal"": ""MIN"", ""vertical"": ""MIN""}, null, null]","{""paddingLeft"": {""type"": ""VARIABLE_ALIAS"", ""id"": ""VariableID:2:13""}, ""paddingTop"": {""type"": ""VARIABLE_ALIAS"", ""id"": ""VariableID:2:13""}, ""paddingRight"": {""type"": ""VARIABLE_ALIAS"", ""id"": ""VariableID:2:13""}, ""paddingBottom"": {""type"": ""VARIABLE_ALIAS"", ""id"": ""VariableID:2:13""}, ""fills"": [{""type"": ""VARIABLE_ALIAS"", ""id"": ""VariableID:2:4""}], ""strokes"": [{""type"": ""VARIABLE_ALIAS"", ""id"": ""VariableID:2:6""}]}",null,Structural inventory; findings and text review identify assessed defects
14:266,14:371,14:370,TEXT,No Arbitrary Scoring,"[24, 24, 294, 31]",null,"{""fills"": [{""type"": ""VARIABLE_ALIAS"", ""id"": ""VariableID:2:7""}]}",null,Structural inventory; findings and text review identify assessed defects
14:266,14:372,14:370,TEXT,"The proposed report format avoids proprietary synthetic “GEO scores” and instead centers reviewable answer captures, context, and source-reference states.","[24, 67, 294, 88]",null,"{""fills"": [{""type"": ""VARIABLE_ALIAS"", ""id"": ""VariableID:2:8""}]}",null,Structural inventory; findings and text review identify assessed defects
14:266,14:373,14:366,FRAME,Frame,"[0, 368, 342, 179]","[""VERTICAL"", ""FILL"", ""HUG"", ""NO_WRAP"", 24, 24, 24, 24, 12, false, ""AUTO"", {""horizontal"": ""MIN"", ""vertical"": ""MIN""}, null, null]","{""paddingLeft"": {""type"": ""VARIABLE_ALIAS"", ""id"": ""VariableID:2:13""}, ""paddingTop"": {""type"": ""VARIABLE_ALIAS"", ""id"": ""VariableID:2:13""}, ""paddingRight"": {""type"": ""VARIABLE_ALIAS"", ""id"": ""VariableID:2:13""}, ""paddingBottom"": {""type"": ""VARIABLE_ALIAS"", ""id"": ""VariableID:2:13""}, ""fills"": [{""type"": ""VARIABLE_ALIAS"", ""id"": ""VariableID:2:4""}], ""strokes"": [{""type"": ""VARIABLE_ALIAS"", ""id"": ""VariableID:2:6""}]}",null,Structural inventory; findings and text review identify assessed defects
14:266,14:374,14:373,TEXT,No Automated Intake,"[24, 24, 294, 31]",null,"{""fills"": [{""type"": ""VARIABLE_ALIAS"", ""id"": ""VariableID:2:7""}]}",null,Structural inventory; findings and text review identify assessed defects
14:266,14:375,14:373,TEXT,"The operating process remains under development. Active subscriptions, billing, private delivery, and recurring review are unfinished.","[24, 67, 294, 88]",null,"{""fills"": [{""type"": ""VARIABLE_ALIAS"", ""id"": ""VariableID:2:8""}]}",null,Structural inventory; findings and text review identify assessed defects
14:266,14:376,14:266,FRAME,Action Area,"[0, 3972, 390, 495]","[""VERTICAL"", ""FILL"", ""HUG"", ""NO_WRAP"", 48, 24, 48, 24, 24, false, ""AUTO"", {""horizontal"": ""MIN"", ""vertical"": ""MIN""}, null, null]","{""paddingLeft"": {""type"": ""VARIABLE_ALIAS"", ""id"": ""VariableID:2:13""}, ""paddingTop"": {""type"": ""VARIABLE_ALIAS"", ""id"": ""VariableID:2:15""}, ""paddingRight"": {""type"": ""VARIABLE_ALIAS"", ""id"": ""VariableID:2:13""}, ""paddingBottom"": {""type"": ""VARIABLE_ALIAS"", ""id"": ""VariableID:2:15""}}",null,Structural inventory; findings and text review identify assessed defects
14:266,14:377,14:376,FRAME,Frame,"[24, 48, 342, 119]","[""VERTICAL"", ""FILL"", ""HUG"", ""NO_WRAP"", 0, 0, 0, 0, 8, false, ""AUTO"", {""horizontal"": ""MIN"", ""vertical"": ""MIN""}, null, null]",null,null,Structural inventory; findings and text review identify assessed defects
14:266,14:378,14:377,TEXT,CURRENT STATUS,"[0, 0, 342, 18]",null,null,null,Structural inventory; findings and text review identify assessed defects
14:266,14:379,14:377,TEXT,New audit requests and subscriptions are not currently open.,"[0, 26, 342, 93]",null,"{""fills"": [{""type"": ""VARIABLE_ALIAS"", ""id"": ""VariableID:2:7""}]}",null,Structural inventory; findings and text review identify assessed defects
14:266,14:380,14:376,TEXT,MindLeverX is an early conceptual proposal. Explore related materials to understand the mechanics of generative search.,"[24, 191, 342, 116]",null,"{""fills"": [{""type"": ""VARIABLE_ALIAS"", ""id"": ""VariableID:2:8""}]}",null,Structural inventory; findings and text review identify assessed defects
14:266,14:381,14:376,FRAME,Frame,"[24, 331, 342, 116]","[""VERTICAL"", ""FILL"", ""HUG"", ""NO_WRAP"", 0, 0, 0, 0, 12, false, ""AUTO"", {""horizontal"": ""MIN"", ""vertical"": ""MIN""}, null, null]",null,null,Structural inventory; findings and text review identify assessed defects
14:266,14:382,14:381,INSTANCE,Button / Primary,"[0, 0, 342, 54]","[""VERTICAL"", ""FILL"", ""HUG"", ""NO_WRAP"", 16, 16, 16, 16, 16, false, ""AUTO"", {""horizontal"": ""MIN"", ""vertical"": ""MIN""}, null, null]","{""itemSpacing"": {""type"": ""VARIABLE_ALIAS"", ""id"": ""VariableID:2:12""}, ""paddingLeft"": {""type"": ""VARIABLE_ALIAS"", ""id"": ""VariableID:2:12""}, ""paddingTop"": {""type"": ""VARIABLE_ALIAS"", ""id"": ""VariableID:2:12""}, ""paddingRight"": {""type"": ""VARIABLE_ALIAS"", ""id"": ""VariableID:2:12""}, ""paddingBottom"": {""type"": ""VARIABLE_ALIAS"", ""id"": ""VariableID:2:12""}, ""fills"": [{""type"": ""VARIABLE_ALIAS"", ""id"": ""VariableID:2:9""}]}","[{""action"": {""type"": ""NODE"", ""destinationId"": ""14:489"", ""navigation"": ""NAVIGATE"", ""transition"": null, ""resetVideoPosition"": false}, ""actions"": [{""type"": ""NODE"", ""destinationId"": ""14:489"", ""navigation"": ""NAVIGATE"", ""transition"": null, ""resetVideoPosition"": false}], ""trigger"": {""type"": ""ON_CLICK""}}]",Structural inventory; findings and text review identify assessed defects
14:266,I14:382;3:8,14:382,TEXT,Label,"[16, 16, 310, 22]",null,"{""fills"": [{""type"": ""VARIABLE_ALIAS"", ""id"": ""VariableID:2:3""}]}",null,Structural inventory; findings and text review identify assessed defects
14:266,14:384,14:381,FRAME,Secondary Action,"[0, 66, 342, 50]","[""VERTICAL"", ""FILL"", ""HUG"", ""NO_WRAP"", 16, 16, 16, 16, 0, false, ""AUTO"", {""horizontal"": ""MIN"", ""vertical"": ""MIN""}, null, null]","{""paddingLeft"": {""type"": ""VARIABLE_ALIAS"", ""id"": ""VariableID:2:12""}, ""paddingTop"": {""type"": ""VARIABLE_ALIAS"", ""id"": ""VariableID:2:12""}, ""paddingRight"": {""type"": ""VARIABLE_ALIAS"", ""id"": ""VariableID:2:12""}, ""paddingBottom"": {""type"": ""VARIABLE_ALIAS"", ""id"": ""VariableID:2:12""}, ""strokes"": [{""type"": ""VARIABLE_ALIAS"", ""id"": ""VariableID:2:6""}]}","[{""action"": {""type"": ""NODE"", ""destinationId"": ""14:403"", ""navigation"": ""NAVIGATE"", ""transition"": null, ""resetVideoPosition"": false}, ""actions"": [{""type"": ""NODE"", ""destinationId"": ""14:403"", ""navigation"": ""NAVIGATE"", ""transition"": null, ""resetVideoPosition"": false}], ""trigger"": {""type"": ""ON_CLICK""}}]",Structural inventory; findings and text review identify assessed defects
14:266,14:385,14:384,TEXT,Learn what GEO means,"[102.5, 16, 137, 18]",null,"{""fills"": [{""type"": ""VARIABLE_ALIAS"", ""id"": ""VariableID:2:10""}]}",null,Structural inventory; findings and text review identify assessed defects
14:266,14:386,14:266,INSTANCE,Footer / Mobile,"[0, 4467, 390, 557]","[""VERTICAL"", ""FIXED"", ""HUG"", ""NO_WRAP"", 48, 24, 48, 24, 32, false, ""AUTO"", {""horizontal"": ""MIN"", ""vertical"": ""MIN""}, null, null]","{""paddingLeft"": {""type"": ""VARIABLE_ALIAS"", ""id"": ""VariableID:2:13""}, ""paddingTop"": {""type"": ""VARIABLE_ALIAS"", ""id"": ""VariableID:2:15""}, ""paddingRight"": {""type"": ""VARIABLE_ALIAS"", ""id"": ""VariableID:2:13""}, ""paddingBottom"": {""type"": ""VARIABLE_ALIAS"", ""id"": ""VariableID:2:15""}, ""strokes"": [{""type"": ""VARIABLE_ALIAS"", ""id"": ""VariableID:2:6""}]}",null,Structural inventory; findings and text review identify assessed defects
14:266,I14:386;13:451,14:386,FRAME,Frame,"[24, 48, 342, 86]","[""VERTICAL"", ""FILL"", ""HUG"", ""NO_WRAP"", 0, 0, 0, 0, 12, false, ""AUTO"", {""horizontal"": ""MIN"", ""vertical"": ""MIN""}, null, null]",null,null,Structural inventory; findings and text review identify assessed defects
14:266,I14:386;13:452,I14:386;13:451,TEXT,MindLeverX.,"[0, 0, 135, 30]",null,"{""fills"": [{""type"": ""VARIABLE_ALIAS"", ""id"": ""VariableID:2:7""}]}",null,Structural inventory; findings and text review identify assessed defects
14:266,I14:386;13:453,I14:386;13:451,TEXT,A proposed evidence-led Generative Engine Optimization review concept.,"[0, 42, 342, 44]",null,"{""fills"": [{""type"": ""VARIABLE_ALIAS"", ""id"": ""VariableID:2:8""}]}",null,Structural inventory; findings and text review identify assessed defects
14:266,I14:386;13:454,14:386,FRAME,Frame,"[24, 166, 342, 212]","[""VERTICAL"", ""FILL"", ""HUG"", ""NO_WRAP"", 0, 0, 0, 0, 16, false, ""AUTO"", {""horizontal"": ""MIN"", ""vertical"": ""MIN""}, null, null]",null,null,Structural inventory; findings and text review identify assessed defects
14:266,I14:386;13:455,I14:386;13:454,TEXT,Home,"[0, 0, 39, 22]",null,"{""fills"": [{""type"": ""VARIABLE_ALIAS"", ""id"": ""VariableID:2:8""}]}","[{""action"": {""type"": ""NODE"", ""destinationId"": ""13:322"", ""navigation"": ""NAVIGATE"", ""transition"": null, ""resetVideoPosition"": false}, ""actions"": [{""type"": ""NODE"", ""destinationId"": ""13:322"", ""navigation"": ""NAVIGATE"", ""transition"": null, ""resetVideoPosition"": false}], ""trigger"": {""type"": ""ON_CLICK""}}]",Structural inventory; findings and text review identify assessed defects
14:266,I14:386;13:456,I14:386;13:454,TEXT,Method,"[0, 38, 51, 22]",null,"{""fills"": [{""type"": ""VARIABLE_ALIAS"", ""id"": ""VariableID:2:8""}]}","[{""action"": {""type"": ""NODE"", ""destinationId"": ""14:266"", ""navigation"": ""NAVIGATE"", ""transition"": null, ""resetVideoPosition"": false}, ""actions"": [{""type"": ""NODE"", ""destinationId"": ""14:266"", ""navigation"": ""NAVIGATE"", ""transition"": null, ""resetVideoPosition"": false}], ""trigger"": {""type"": ""ON_CLICK""}}]",Structural inventory; findings and text review identify assessed defects
14:266,I14:386;13:457,I14:386;13:454,TEXT,What is GEO,"[0, 76, 82, 22]",null,"{""fills"": [{""type"": ""VARIABLE_ALIAS"", ""id"": ""VariableID:2:8""}]}","[{""action"": {""type"": ""NODE"", ""destinationId"": ""14:403"", ""navigation"": ""NAVIGATE"", ""transition"": null, ""resetVideoPosition"": false}, ""actions"": [{""type"": ""NODE"", ""destinationId"": ""14:403"", ""navigation"": ""NAVIGATE"", ""transition"": null, ""resetVideoPosition"": false}], ""trigger"": {""type"": ""ON_CLICK""}}]",Structural inventory; findings and text review identify assessed defects
14:266,I14:386;13:458,I14:386;13:454,TEXT,Example Report,"[0, 114, 103, 22]",null,"{""fills"": [{""type"": ""VARIABLE_ALIAS"", ""id"": ""VariableID:2:8""}]}","[{""action"": {""type"": ""NODE"", ""destinationId"": ""14:489"", ""navigation"": ""NAVIGATE"", ""transition"": null, ""resetVideoPosition"": false}, ""actions"": [{""type"": ""NODE"", ""destinationId"": ""14:489"", ""navigation"": ""NAVIGATE"", ""transition"": null, ""resetVideoPosition"": false}], ""trigger"": {""type"": ""ON_CLICK""}}]",Structural inventory; findings and text review identify assessed defects
14:266,I14:386;13:459,I14:386;13:454,TEXT,About,"[0, 152, 40, 22]",null,"{""fills"": [{""type"": ""VARIABLE_ALIAS"", ""id"": ""VariableID:2:8""}]}","[{""action"": {""type"": ""NODE"", ""destinationId"": ""14:701"", ""navigation"": ""NAVIGATE"", ""transition"": null, ""resetVideoPosition"": false}, ""actions"": [{""type"": ""NODE"", ""destinationId"": ""14:701"", ""navigation"": ""NAVIGATE"", ""transition"": null, ""resetVideoPosition"": false}], ""trigger"": {""type"": ""ON_CLICK""}}]",Structural inventory; findings and text review identify assessed defects
14:266,I14:386;13:460,I14:386;13:454,TEXT,Availability,"[0, 190, 70, 22]",null,"{""fills"": [{""type"": ""VARIABLE_ALIAS"", ""id"": ""VariableID:2:10""}]}","[{""action"": {""type"": ""NODE"", ""destinationId"": ""14:785"", ""navigation"": ""NAVIGATE"", ""transition"": null, ""resetVideoPosition"": false}, ""actions"": [{""type"": ""NODE"", ""destinationId"": ""14:785"", ""navigation"": ""NAVIGATE"", ""transition"": null, ""resetVideoPosition"": false}], ""trigger"": {""type"": ""ON_CLICK""}}]",Structural inventory; findings and text review identify assessed defects
14:266,I14:386;13:461,14:386,RECTANGLE,Rectangle,"[24, 410, 342, 1]",null,"{""fills"": [{""type"": ""VARIABLE_ALIAS"", ""id"": ""VariableID:2:6""}]}",null,Structural inventory; findings and text review identify assessed defects
14:266,I14:386;13:462,14:386,TEXT,"DESIGN CONCEPT · SEP 2026 — Offer, pricing, timing, collection, delivery, and availability remain subject to owner decisions.","[24, 443, 342, 66]",null,"{""fills"": [{""type"": ""VARIABLE_ALIAS"", ""id"": ""VariableID:2:8""}]}",null,Structural inventory; findings and text review identify assessed defects
14:266,14:399,14:266,FRAME,Home Indicator Bar,"[0, 5024, 390, 33]","[""VERTICAL"", ""FILL"", ""HUG"", ""NO_WRAP"", 20, 0, 8, 0, 0, false, ""AUTO"", {""horizontal"": ""MIN"", ""vertical"": ""MIN""}, null, null]",null,null,Structural inventory; findings and text review identify assessed defects
14:266,14:400,14:399,RECTANGLE,Indicator,"[125, 20, 140, 5]",null,"{""fills"": [{""type"": ""VARIABLE_ALIAS"", ""id"": ""VariableID:2:6""}]}",null,Structural inventory; findings and text review identify assessed defects
13:682,13:682,0:1,FRAME,MindLeverX — Illustrative Report,"[10686, 876, 1440, 1697]","[""VERTICAL"", ""FIXED"", ""HUG"", ""NO_WRAP"", 0, 0, 0, 0, 0, true, ""AUTO"", {""horizontal"": ""MIN"", ""vertical"": ""MIN""}, null, null]",null,null,Structural inventory; findings and text review identify assessed defects
13:682,13:683,13:682,INSTANCE,Header / Desktop,"[0, 0, 1440, 80]","[""HORIZONTAL"", ""FIXED"", ""HUG"", ""NO_WRAP"", 24, 96, 24, 96, 0, false, ""AUTO"", {""horizontal"": ""MIN"", ""vertical"": ""MIN""}, null, null]",null,null,Structural inventory; findings and text review identify assessed defects
13:682,I13:683;13:169,13:683,FRAME,Brand Identity,"[96, 24, 179, 32]","[""HORIZONTAL"", ""HUG"", ""HUG"", ""NO_WRAP"", 0, 0, 0, 0, 12, false, ""AUTO"", {""horizontal"": ""MIN"", ""vertical"": ""MIN""}, null, null]",null,"[{""action"": {""type"": ""NODE"", ""destinationId"": ""13:167"", ""navigation"": ""NAVIGATE"", ""transition"": null, ""resetVideoPosition"": false}, ""actions"": [{""type"": ""NODE"", ""destinationId"": ""13:167"", ""navigation"": ""NAVIGATE"", ""transition"": null, ""resetVideoPosition"": false}], ""trigger"": {""type"": ""ON_CLICK""}}]",Structural inventory; findings and text review identify assessed defects
13:682,I13:683;13:170,I13:683;13:169,FRAME,Logo Mark,"[0, 0, 32, 32]","[""HORIZONTAL"", ""FIXED"", ""FIXED"", ""NO_WRAP"", 0, 0, 0, 0, 0, false, ""AUTO"", {""horizontal"": ""MIN"", ""vertical"": ""MIN""}, null, null]",null,null,Structural inventory; findings and text review identify assessed defects
13:682,I13:683;13:171,I13:683;13:170,FRAME,cross,"[7, 7, 18, 18]","[""NONE"", ""FIXED"", ""FIXED"", ""NO_WRAP"", 0, 0, 0, 0, 0, true, ""AUTO"", {""horizontal"": ""MIN"", ""vertical"": ""MIN""}, null, null]",null,null,Structural inventory; findings and text review identify assessed defects
13:682,I13:683;13:172,I13:683;13:171,VECTOR,Vector,"[1.499400019645691, 1.499400019645691, 15.001199722290039, 15.001199722290039]",null,null,null,Structural inventory; findings and text review identify assessed defects
13:682,I13:683;13:173,I13:683;13:169,TEXT,Wordmark,"[44, 2.5, 135, 27]",null,null,null,Structural inventory; findings and text review identify assessed defects
13:682,I13:683;13:174,13:683,FRAME,Navigation Links,"[783, 29, 561, 22]","[""HORIZONTAL"", ""HUG"", ""HUG"", ""NO_WRAP"", 0, 0, 0, 0, 32, false, ""AUTO"", {""horizontal"": ""MIN"", ""vertical"": ""MIN""}, null, null]",null,null,Structural inventory; findings and text review identify assessed defects
13:682,I13:683;13:175,I13:683;13:174,TEXT,Nav Link 1,"[0, 0, 39, 22]",null,null,"[{""action"": {""type"": ""NODE"", ""destinationId"": ""13:167"", ""navigation"": ""NAVIGATE"", ""transition"": null, ""resetVideoPosition"": false}, ""actions"": [{""type"": ""NODE"", ""destinationId"": ""13:167"", ""navigation"": ""NAVIGATE"", ""transition"": null, ""resetVideoPosition"": false}], ""trigger"": {""type"": ""ON_CLICK""}}]",Structural inventory; findings and text review identify assessed defects
13:682,I13:683;13:176,I13:683;13:174,TEXT,Nav Link 2,"[71, 0, 51, 22]",null,null,"[{""action"": {""type"": ""NODE"", ""destinationId"": ""13:480"", ""navigation"": ""NAVIGATE"", ""transition"": null, ""resetVideoPosition"": false}, ""actions"": [{""type"": ""NODE"", ""destinationId"": ""13:480"", ""navigation"": ""NAVIGATE"", ""transition"": null, ""resetVideoPosition"": false}], ""trigger"": {""type"": ""ON_CLICK""}}]",Structural inventory; findings and text review identify assessed defects
13:682,I13:683;13:177,I13:683;13:174,TEXT,Nav Link 3,"[154, 0, 82, 22]",null,null,"[{""action"": {""type"": ""NODE"", ""destinationId"": ""13:602"", ""navigation"": ""NAVIGATE"", ""transition"": null, ""resetVideoPosition"": false}, ""actions"": [{""type"": ""NODE"", ""destinationId"": ""13:602"", ""navigation"": ""NAVIGATE"", ""transition"": null, ""resetVideoPosition"": false}], ""trigger"": {""type"": ""ON_CLICK""}}]",Structural inventory; findings and text review identify assessed defects
13:682,I13:683;13:178,I13:683;13:174,TEXT,Nav Link 4,"[268, 0, 103, 22]",null,null,"[{""action"": {""type"": ""NODE"", ""destinationId"": ""13:682"", ""navigation"": ""NAVIGATE"", ""transition"": null, ""resetVideoPosition"": false}, ""actions"": [{""type"": ""NODE"", ""destinationId"": ""13:682"", ""navigation"": ""NAVIGATE"", ""transition"": null, ""resetVideoPosition"": false}], ""trigger"": {""type"": ""ON_CLICK""}}]",Structural inventory; findings and text review identify assessed defects
13:682,I13:683;13:179,I13:683;13:174,TEXT,Nav Link 5,"[403, 0, 40, 22]",null,null,"[{""action"": {""type"": ""NODE"", ""destinationId"": ""13:893"", ""navigation"": ""NAVIGATE"", ""transition"": null, ""resetVideoPosition"": false}, ""actions"": [{""type"": ""NODE"", ""destinationId"": ""13:893"", ""navigation"": ""NAVIGATE"", ""transition"": null, ""resetVideoPosition"": false}], ""trigger"": {""type"": ""ON_CLICK""}}]",Structural inventory; findings and text review identify assessed defects
13:682,I13:683;13:180,I13:683;13:174,FRAME,Nav Link 6 Wrap,"[475, 0, 86, 22]","[""HORIZONTAL"", ""HUG"", ""HUG"", ""NO_WRAP"", 0, 0, 0, 0, 8, false, ""AUTO"", {""horizontal"": ""MIN"", ""vertical"": ""MIN""}, null, null]",null,"[{""action"": {""type"": ""NODE"", ""destinationId"": ""13:966"", ""navigation"": ""NAVIGATE"", ""transition"": null, ""resetVideoPosition"": false}, ""actions"": [{""type"": ""NODE"", ""destinationId"": ""13:966"", ""navigation"": ""NAVIGATE"", ""transition"": null, ""resetVideoPosition"": false}], ""trigger"": {""type"": ""ON_CLICK""}}]",Structural inventory; findings and text review identify assessed defects
13:682,I13:683;13:181,I13:683;13:180,ELLIPSE,Ellipse,"[0, 7, 8, 8]",null,null,null,Structural inventory; findings and text review identify assessed defects
13:682,I13:683;13:182,I13:683;13:180,TEXT,Nav Link 6,"[16, 0, 70, 22]",null,null,null,Structural inventory; findings and text review identify assessed defects
13:682,13:698,13:682,FRAME,Disclaimer Strip,"[0, 80, 1440, 50]","[""HORIZONTAL"", ""FILL"", ""HUG"", ""NO_WRAP"", 12, 96, 12, 96, 16, false, ""AUTO"", {""horizontal"": ""MIN"", ""vertical"": ""MIN""}, null, null]",null,null,Structural inventory; findings and text review identify assessed defects
13:682,13:699,13:698,FRAME,Frame,"[96, 12, 370, 26]","[""HORIZONTAL"", ""HUG"", ""HUG"", ""NO_WRAP"", 6, 12, 6, 12, 0, false, ""AUTO"", {""horizontal"": ""MIN"", ""vertical"": ""MIN""}, null, null]",null,null,Structural inventory; findings and text review identify assessed defects
13:682,13:700,13:699,TEXT,ILLUSTRATIVE EXAMPLE ONLY — NOT A REAL CUSTOMER REPORT,"[12, 6, 346, 14]",null,null,null,Structural inventory; findings and text review identify assessed defects
13:682,13:701,13:698,TEXT,This is a mock structure to showcase future report layout parameters. No collection has occurred.,"[482, 12, 633, 22]",null,null,null,Structural inventory; findings and text review identify assessed defects
13:682,13:702,13:682,FRAME,Hero,"[0, 130, 1440, 203]","[""VERTICAL"", ""FILL"", ""HUG"", ""NO_WRAP"", 64, 96, 48, 96, 16, false, ""AUTO"", {""horizontal"": ""MIN"", ""vertical"": ""MIN""}, null, null]",null,null,Structural inventory; findings and text review identify assessed defects
13:682,13:703,13:702,TEXT,DELIVERABLE BLUEPRINT,"[96, 64, 146, 18]",null,null,null,Structural inventory; findings and text review identify assessed defects
13:682,13:704,13:702,TEXT,Illustrative Report Specimen,"[96, 98, 662, 57]",null,null,null,Structural inventory; findings and text review identify assessed defects
13:682,13:705,13:682,FRAME,Main Content,"[0, 333, 1440, 882]","[""HORIZONTAL"", ""FILL"", ""HUG"", ""NO_WRAP"", 24, 96, 96, 96, 48, false, ""AUTO"", {""horizontal"": ""MIN"", ""vertical"": ""MIN""}, null, null]",null,null,Structural inventory; findings and text review identify assessed defects
13:682,13:706,13:705,FRAME,Left Column,"[96, 24, 720, 762]","[""VERTICAL"", ""FILL"", ""HUG"", ""NO_WRAP"", 0, 0, 0, 0, 40, false, ""AUTO"", {""horizontal"": ""MIN"", ""vertical"": ""MIN""}, null, null]",null,null,Structural inventory; findings and text review identify assessed defects
13:682,13:707,13:706,FRAME,Finding Card,"[0, 0, 720, 271]","[""VERTICAL"", ""FILL"", ""HUG"", ""NO_WRAP"", 32, 32, 32, 32, 20, false, ""AUTO"", {""horizontal"": ""MIN"", ""vertical"": ""MIN""}, null, null]",null,null,Structural inventory; findings and text review identify assessed defects
13:682,13:708,13:707,FRAME,Frame,"[32, 32, 656, 18]","[""HORIZONTAL"", ""FILL"", ""HUG"", ""NO_WRAP"", 0, 0, 0, 0, 0, false, ""AUTO"", {""horizontal"": ""MIN"", ""vertical"": ""MIN""}, null, null]",null,null,Structural inventory; findings and text review identify assessed defects
13:682,13:709,13:708,TEXT,SAMPLE STRUCTURE FINDING,"[0, 0, 172, 18]",null,null,null,Structural inventory; findings and text review identify assessed defects
13:682,13:710,13:708,TEXT,ILLUSTRATIVE EXAMPLE,"[517, 0, 139, 18]",null,null,null,Structural inventory; findings and text review identify assessed defects
13:682,13:711,13:707,TEXT,"""The observed answer did not clearly distinguish the example business's core focus.""","[32, 70, 656, 62]",null,null,null,Structural inventory; findings and text review identify assessed defects
13:682,13:712,13:707,TEXT,Limitation: this is a fictional demonstration. No real questions were evaluated and no qualified collection occurred. The evidence pattern shown here is proposed.,"[32, 152, 656, 87]",null,null,null,Structural inventory; findings and text review identify assessed defects
13:682,13:713,13:706,FRAME,Query Context,"[0, 311, 720, 230]","[""VERTICAL"", ""FILL"", ""HUG"", ""NO_WRAP"", 32, 32, 32, 32, 16, false, ""AUTO"", {""horizontal"": ""MIN"", ""vertical"": ""MIN""}, null, null]",null,null,Structural inventory; findings and text review identify assessed defects
13:682,13:714,13:713,FRAME,Frame,"[32, 32, 656, 22]","[""HORIZONTAL"", ""FILL"", ""HUG"", ""NO_WRAP"", 0, 0, 0, 0, 0, false, ""AUTO"", {""horizontal"": ""MIN"", ""vertical"": ""MIN""}, null, null]",null,null,Structural inventory; findings and text review identify assessed defects
13:682,13:715,13:714,TEXT,EXAMPLE QUERY & OUTPUT TRACE,"[0, 2, 202, 18]",null,null,null,Structural inventory; findings and text review identify assessed defects
13:682,13:716,13:714,TEXT,ILLUSTRATIVE EXAMPLE,"[503, 0, 153, 22]",null,null,null,Structural inventory; findings and text review identify assessed defects
13:682,13:717,13:713,FRAME,Frame,"[32, 70, 444, 38]","[""VERTICAL"", ""HUG"", ""HUG"", ""NO_WRAP"", 0, 0, 0, 0, 8, false, ""AUTO"", {""horizontal"": ""MIN"", ""vertical"": ""MIN""}, null, null]",null,null,Structural inventory; findings and text review identify assessed defects
13:682,13:718,13:717,TEXT,Fictional Prompt:,"[0, 0, 100, 15]",null,null,null,Structural inventory; findings and text review identify assessed defects
13:682,13:719,13:717,TEXT,"""What is the best mid-market solution for evidence-led GEO audit workflows?""","[0, 23, 444, 15]",null,null,null,Structural inventory; findings and text review identify assessed defects
13:682,13:720,13:713,RECTANGLE,Rectangle,"[32, 124, 656, 1]",null,null,null,Structural inventory; findings and text review identify assessed defects
13:682,13:721,13:713,FRAME,Frame,"[32, 141, 656, 57]","[""VERTICAL"", ""FILL"", ""HUG"", ""NO_WRAP"", 0, 0, 0, 0, 8, false, ""AUTO"", {""horizontal"": ""MIN"", ""vertical"": ""MIN""}, null, null]",null,null,Structural inventory; findings and text review identify assessed defects
13:682,13:722,13:721,TEXT,Fictional AI Response:,"[0, 0, 130, 15]",null,null,null,Structural inventory; findings and text review identify assessed defects
13:682,13:723,13:721,TEXT,"""While several traditional platforms exist, direct evidence evaluation mechanisms are largely underdeveloped. [Source state marked: NOT COLLECTED].""","[0, 23, 656, 34]",null,null,null,Structural inventory; findings and text review identify assessed defects
13:682,13:724,13:706,FRAME,State Explanation,"[0, 581, 720, 181]","[""VERTICAL"", ""FILL"", ""HUG"", ""NO_WRAP"", 0, 0, 0, 0, 20, false, ""AUTO"", {""horizontal"": ""MIN"", ""vertical"": ""MIN""}, null, null]",null,null,Structural inventory; findings and text review identify assessed defects
13:682,13:725,13:724,TEXT,Illustrative state examples,"[0, 0, 296, 31]",null,null,null,Structural inventory; findings and text review identify assessed defects
13:682,13:726,13:724,FRAME,States Grid,"[0, 51, 720, 130]","[""HORIZONTAL"", ""FILL"", ""HUG"", ""NO_WRAP"", 0, 0, 0, 0, 16, false, ""AUTO"", {""horizontal"": ""MIN"", ""vertical"": ""MIN""}, null, null]",null,null,Structural inventory; findings and text review identify assessed defects
13:682,13:727,13:726,FRAME,Frame,"[0, 0, 229.3333282470703, 130]","[""VERTICAL"", ""FILL"", ""HUG"", ""NO_WRAP"", 16, 16, 16, 16, 8, false, ""AUTO"", {""horizontal"": ""MIN"", ""vertical"": ""MIN""}, null, null]",null,null,Structural inventory; findings and text review identify assessed defects
13:682,13:728,13:727,TEXT,ILLUSTRATIVE EXAMPLE · OBSERVED,"[16, 16, 210, 18]",null,null,null,Structural inventory; findings and text review identify assessed defects
13:682,13:729,13:727,TEXT,"Definition only: evidence would include a prompt, answer capture, and source context. No collection occurred.","[16, 42, 197.3333282470703, 72]",null,null,null,Structural inventory; findings and text review identify assessed defects
13:682,13:730,13:726,FRAME,Frame,"[245.3333282470703, 0, 229.33334350585938, 76]","[""VERTICAL"", ""FILL"", ""HUG"", ""NO_WRAP"", 16, 16, 16, 16, 8, false, ""AUTO"", {""horizontal"": ""MIN"", ""vertical"": ""MIN""}, null, null]",null,null,Structural inventory; findings and text review identify assessed defects
13:682,13:731,13:730,TEXT,ILLUSTRATIVE EXAMPLE · NOT COLLECTED,"[16, 16, 246, 18]",null,null,null,Structural inventory; findings and text review identify assessed defects
13:682,13:732,13:730,TEXT,No qualified collection occurred.,"[16, 42, 184, 18]",null,null,null,Structural inventory; findings and text review identify assessed defects
13:682,13:733,13:726,FRAME,Frame,"[490.66668701171875, 0, 229.33334350585938, 94]","[""VERTICAL"", ""FILL"", ""HUG"", ""NO_WRAP"", 16, 16, 16, 16, 8, false, ""AUTO"", {""horizontal"": ""MIN"", ""vertical"": ""MIN""}, null, null]",null,null,Structural inventory; findings and text review identify assessed defects
13:682,13:734,13:733,TEXT,ILLUSTRATIVE EXAMPLE · UNMEASURED,"[16, 16, 230, 18]",null,null,null,Structural inventory; findings and text review identify assessed defects
13:682,13:735,13:733,TEXT,Not zero. Metric has no verified path configured.,"[16, 42, 197.33334350585938, 36]",null,null,null,Structural inventory; findings and text review identify assessed defects
13:682,13:736,13:705,FRAME,Right Column,"[864, 24, 480, 555]","[""VERTICAL"", ""FIXED"", ""HUG"", ""NO_WRAP"", 0, 0, 0, 0, 32, false, ""AUTO"", {""horizontal"": ""MIN"", ""vertical"": ""MIN""}, null, null]",null,null,Structural inventory; findings and text review identify assessed defects
13:682,13:737,13:736,FRAME,Proposed Next Actions,"[0, 0, 480, 361]","[""VERTICAL"", ""FILL"", ""HUG"", ""NO_WRAP"", 32, 32, 32, 32, 20, false, ""AUTO"", {""horizontal"": ""MIN"", ""vertical"": ""MIN""}, null, null]",null,null,Structural inventory; findings and text review identify assessed defects
13:682,13:738,13:737,FRAME,Frame,"[32, 32, 416, 18]","[""HORIZONTAL"", ""FILL"", ""HUG"", ""NO_WRAP"", 0, 0, 0, 0, 0, false, ""AUTO"", {""horizontal"": ""MIN"", ""vertical"": ""MIN""}, null, null]",null,null,Structural inventory; findings and text review identify assessed defects
13:682,13:739,13:738,TEXT,PROPOSED EDIT MAP,"[0, 0, 122, 18]",null,null,null,Structural inventory; findings and text review identify assessed defects
13:682,13:740,13:738,TEXT,ILLUSTRATIVE EXAMPLE,"[277, 0, 139, 18]",null,null,null,Structural inventory; findings and text review identify assessed defects
13:682,13:741,13:737,TEXT,Proposed next actions,"[32, 70, 250, 31]",null,null,null,Structural inventory; findings and text review identify assessed defects
13:682,13:742,13:737,TEXT,"If qualified evidence supported the finding, a reviewer could propose source-clarity changes before accepting any recommendation.","[32, 121, 416, 60]",null,null,null,Structural inventory; findings and text review identify assessed defects
13:682,13:743,13:737,RECTANGLE,Rectangle,"[32, 201, 416, 1]",null,null,null,Structural inventory; findings and text review identify assessed defects
13:682,13:744,13:737,FRAME,Frame,"[32, 222, 416, 51]","[""VERTICAL"", ""FILL"", ""HUG"", ""NO_WRAP"", 0, 0, 0, 0, 4, false, ""AUTO"", {""horizontal"": ""MIN"", ""vertical"": ""MIN""}, null, null]",null,null,Structural inventory; findings and text review identify assessed defects
13:682,13:745,13:744,TEXT,A / Verify the core service claim,"[0, 0, 218, 17]",null,null,null,Structural inventory; findings and text review identify assessed defects
13:682,13:746,13:744,TEXT,Proposed: confirm the claim and its source context before considering a content change.,"[0, 21, 416, 30]",null,null,null,Structural inventory; findings and text review identify assessed defects
13:682,13:747,13:737,FRAME,Frame,"[32, 293, 491, 36]","[""VERTICAL"", ""HUG"", ""HUG"", ""NO_WRAP"", 0, 0, 0, 0, 4, false, ""AUTO"", {""horizontal"": ""MIN"", ""vertical"": ""MIN""}, null, null]",null,null,Structural inventory; findings and text review identify assessed defects
13:682,13:748,13:747,TEXT,B / Review crawlable source structure,"[0, 0, 259, 17]",null,null,null,Structural inventory; findings and text review identify assessed defects
13:682,13:749,13:747,TEXT,Proposed: check whether relevant source material is accessible and clearly structured.,"[0, 21, 491, 15]",null,null,null,Structural inventory; findings and text review identify assessed defects
13:682,13:750,13:736,FRAME,Drilldown Preview,"[0, 393, 480, 162]","[""VERTICAL"", ""FILL"", ""HUG"", ""NO_WRAP"", 24, 24, 24, 24, 16, false, ""AUTO"", {""horizontal"": ""MIN"", ""vertical"": ""MIN""}, null, null]",null,null,Structural inventory; findings and text review identify assessed defects
13:682,13:751,13:750,TEXT,ILLUSTRATIVE EXAMPLE · EVIDENCE DRILLDOWN,"[24, 24, 281, 18]",null,null,null,Structural inventory; findings and text review identify assessed defects
13:682,13:752,13:750,FRAME,Frame,"[24, 58, 432, 16]","[""HORIZONTAL"", ""FILL"", ""HUG"", ""NO_WRAP"", 0, 0, 0, 0, 0, false, ""AUTO"", {""horizontal"": ""MIN"", ""vertical"": ""MIN""}, null, null]",null,null,Structural inventory; findings and text review identify assessed defects
13:682,13:753,13:752,TEXT,Target Prompt Capture,"[0, 0, 141, 16]",null,null,null,Structural inventory; findings and text review identify assessed defects
13:682,13:754,13:752,TEXT,[UNCOLLECTED],"[323, 0, 109, 16]",null,null,null,Structural inventory; findings and text review identify assessed defects
13:682,13:755,13:750,FRAME,Frame,"[24, 90, 432, 16]","[""HORIZONTAL"", ""FILL"", ""HUG"", ""NO_WRAP"", 0, 0, 0, 0, 0, false, ""AUTO"", {""horizontal"": ""MIN"", ""vertical"": ""MIN""}, null, null]",null,null,Structural inventory; findings and text review identify assessed defects
13:682,13:756,13:755,TEXT,Observed Reference State,"[0, 0, 163, 16]",null,null,null,Structural inventory; findings and text review identify assessed defects
13:682,13:757,13:755,TEXT,[NOT TRACKED],"[327, 0, 105, 16]",null,null,null,Structural inventory; findings and text review identify assessed defects
13:682,13:758,13:750,FRAME,Frame,"[24, 122, 432, 16]","[""HORIZONTAL"", ""FILL"", ""HUG"", ""NO_WRAP"", 0, 0, 0, 0, 0, false, ""AUTO"", {""horizontal"": ""MIN"", ""vertical"": ""MIN""}, null, null]",null,null,Structural inventory; findings and text review identify assessed defects
13:682,13:759,13:758,TEXT,Reviewer Limitation Note,"[0, 0, 154, 16]",null,null,null,Structural inventory; findings and text review identify assessed defects
13:682,13:760,13:758,TEXT,Demonstration parameter only.,"[234, 0, 198, 16]",null,null,null,Structural inventory; findings and text review identify assessed defects
13:682,13:761,13:682,FRAME,Stage Statement,"[0, 1215, 1440, 210]","[""VERTICAL"", ""FILL"", ""HUG"", ""NO_WRAP"", 48, 48, 48, 48, 16, false, ""AUTO"", {""horizontal"": ""MIN"", ""vertical"": ""MIN""}, null, null]",null,null,Structural inventory; findings and text review identify assessed defects
13:682,13:762,13:761,TEXT,"This report structure is entirely illustrative. The final product is local and conceptual only; there are no active systems for qualified evidence collection, payment processing, or portal delivery.","[320, 48, 800, 44]",null,null,null,Structural inventory; findings and text review identify assessed defects
13:682,13:763,13:761,FRAME,Frame,"[513.5, 108, 413, 54]","[""HORIZONTAL"", ""HUG"", ""HUG"", ""NO_WRAP"", 0, 0, 0, 0, 24, false, ""AUTO"", {""horizontal"": ""MIN"", ""vertical"": ""MIN""}, null, null]",null,null,Structural inventory; findings and text review identify assessed defects
13:682,13:764,13:763,INSTANCE,Button / Primary,"[0, 0, 252, 54]","[""VERTICAL"", ""FIXED"", ""HUG"", ""NO_WRAP"", 16, 16, 16, 16, 16, false, ""AUTO"", {""horizontal"": ""MIN"", ""vertical"": ""MIN""}, null, null]","{""itemSpacing"": {""type"": ""VARIABLE_ALIAS"", ""id"": ""VariableID:2:12""}, ""paddingLeft"": {""type"": ""VARIABLE_ALIAS"", ""id"": ""VariableID:2:12""}, ""paddingTop"": {""type"": ""VARIABLE_ALIAS"", ""id"": ""VariableID:2:12""}, ""paddingRight"": {""type"": ""VARIABLE_ALIAS"", ""id"": ""VariableID:2:12""}, ""paddingBottom"": {""type"": ""VARIABLE_ALIAS"", ""id"": ""VariableID:2:12""}, ""fills"": [{""type"": ""VARIABLE_ALIAS"", ""id"": ""VariableID:2:9""}]}","[{""action"": {""type"": ""NODE"", ""destinationId"": ""13:480"", ""navigation"": ""NAVIGATE"", ""transition"": null, ""resetVideoPosition"": false}, ""actions"": [{""type"": ""NODE"", ""destinationId"": ""13:480"", ""navigation"": ""NAVIGATE"", ""transition"": null, ""resetVideoPosition"": false}], ""trigger"": {""type"": ""ON_CLICK""}}]",Structural inventory; findings and text review identify assessed defects
13:682,I13:764;3:8,13:764,TEXT,Label,"[16, 16, 220, 22]",null,"{""fills"": [{""type"": ""VARIABLE_ALIAS"", ""id"": ""VariableID:2:3""}]}",null,Structural inventory; findings and text review identify assessed defects
13:682,13:766,13:763,TEXT,Learn what GEO means,"[276, 18, 137, 18]",null,null,null,Structural inventory; findings and text review identify assessed defects
13:682,13:767,13:682,INSTANCE,Footer / Desktop,"[0, 1425, 1440, 272]","[""VERTICAL"", ""FIXED"", ""HUG"", ""NO_WRAP"", 64, 96, 64, 96, 48, false, ""AUTO"", {""horizontal"": ""MIN"", ""vertical"": ""MIN""}, null, null]",null,null,Structural inventory; findings and text review identify assessed defects
13:682,I13:767;13:305,13:767,FRAME,Footer Top,"[96, 64, 1248, 57]","[""HORIZONTAL"", ""FILL"", ""HUG"", ""NO_WRAP"", 0, 0, 0, 0, 0, false, ""AUTO"", {""horizontal"": ""MIN"", ""vertical"": ""MIN""}, null, null]",null,null,Structural inventory; findings and text review identify assessed defects
13:682,I13:767;13:306,I13:767;13:305,FRAME,Footer Brand,"[0, 0, 481, 57]","[""VERTICAL"", ""HUG"", ""HUG"", ""NO_WRAP"", 0, 0, 0, 0, 8, false, ""AUTO"", {""horizontal"": ""MIN"", ""vertical"": ""MIN""}, null, null]",null,null,Structural inventory; findings and text review identify assessed defects
13:682,I13:767;13:307,I13:767;13:306,TEXT,Footer Wordmark,"[0, 0, 122, 27]",null,null,null,Structural inventory; findings and text review identify assessed defects
13:682,I13:767;13:308,I13:767;13:306,TEXT,A proposed evidence-led Generative Engine Optimization review concept.,"[0, 35, 481, 22]",null,null,null,Structural inventory; findings and text review identify assessed defects
13:682,I13:767;13:309,I13:767;13:305,FRAME,Footer Links,"[837, 0, 411, 22]","[""HORIZONTAL"", ""HUG"", ""HUG"", ""NO_WRAP"", 0, 0, 0, 0, 24, false, ""AUTO"", {""horizontal"": ""MIN"", ""vertical"": ""MIN""}, null, null]",null,null,Structural inventory; findings and text review identify assessed defects
13:682,I13:767;13:310,I13:767;13:309,TEXT,Home,"[0, 0, 39, 22]",null,null,"[{""action"": {""type"": ""NODE"", ""destinationId"": ""13:167"", ""navigation"": ""NAVIGATE"", ""transition"": null, ""resetVideoPosition"": false}, ""actions"": [{""type"": ""NODE"", ""destinationId"": ""13:167"", ""navigation"": ""NAVIGATE"", ""transition"": null, ""resetVideoPosition"": false}], ""trigger"": {""type"": ""ON_CLICK""}}]",Structural inventory; findings and text review identify assessed defects
13:682,I13:767;13:311,I13:767;13:309,TEXT,Method,"[63, 0, 51, 22]",null,null,"[{""action"": {""type"": ""NODE"", ""destinationId"": ""13:480"", ""navigation"": ""NAVIGATE"", ""transition"": null, ""resetVideoPosition"": false}, ""actions"": [{""type"": ""NODE"", ""destinationId"": ""13:480"", ""navigation"": ""NAVIGATE"", ""transition"": null, ""resetVideoPosition"": false}], ""trigger"": {""type"": ""ON_CLICK""}}]",Structural inventory; findings and text review identify assessed defects
13:682,I13:767;13:312,I13:767;13:309,TEXT,What is GEO,"[138, 0, 82, 22]",null,null,"[{""action"": {""type"": ""NODE"", ""destinationId"": ""13:602"", ""navigation"": ""NAVIGATE"", ""transition"": null, ""resetVideoPosition"": false}, ""actions"": [{""type"": ""NODE"", ""destinationId"": ""13:602"", ""navigation"": ""NAVIGATE"", ""transition"": null, ""resetVideoPosition"": false}], ""trigger"": {""type"": ""ON_CLICK""}}]",Structural inventory; findings and text review identify assessed defects
13:682,I13:767;13:313,I13:767;13:309,TEXT,Example Report,"[244, 0, 103, 22]",null,null,"[{""action"": {""type"": ""NODE"", ""destinationId"": ""13:682"", ""navigation"": ""NAVIGATE"", ""transition"": null, ""resetVideoPosition"": false}, ""actions"": [{""type"": ""NODE"", ""destinationId"": ""13:682"", ""navigation"": ""NAVIGATE"", ""transition"": null, ""resetVideoPosition"": false}], ""trigger"": {""type"": ""ON_CLICK""}}]",Structural inventory; findings and text review identify assessed defects
13:682,I13:767;13:314,I13:767;13:309,TEXT,About,"[371, 0, 40, 22]",null,null,"[{""action"": {""type"": ""NODE"", ""destinationId"": ""13:893"", ""navigation"": ""NAVIGATE"", ""transition"": null, ""resetVideoPosition"": false}, ""actions"": [{""type"": ""NODE"", ""destinationId"": ""13:893"", ""navigation"": ""NAVIGATE"", ""transition"": null, ""resetVideoPosition"": false}], ""trigger"": {""type"": ""ON_CLICK""}}]",Structural inventory; findings and text review identify assessed defects
13:682,I13:767;13:315,13:767,FRAME,Footer Bottom,"[96, 169, 1248, 39]","[""VERTICAL"", ""FILL"", ""HUG"", ""NO_WRAP"", 0, 0, 0, 0, 16, false, ""AUTO"", {""horizontal"": ""MIN"", ""vertical"": ""MIN""}, null, null]",null,null,Structural inventory; findings and text review identify assessed defects
13:682,I13:767;13:316,I13:767;13:315,RECTANGLE,Rectangle,"[0, 0, 1248, 1]",null,null,null,Structural inventory; findings and text review identify assessed defects
13:682,I13:767;13:317,I13:767;13:315,TEXT,"DESIGN CONCEPT · SEP 2026 — Offer, pricing, timing, collection, delivery, and availability remain subject to owner decisions.","[0, 17, 1248, 22]",null,null,null,Structural inventory; findings and text review identify assessed defects
13:791,13:791,0:1,FRAME,MindLeverX — Research / Evidence,"[12708, 876, 1440, 3714]","[""VERTICAL"", ""FIXED"", ""HUG"", ""NO_WRAP"", 0, 0, 0, 0, 0, true, ""AUTO"", {""horizontal"": ""MIN"", ""vertical"": ""MIN""}, null, null]","{""fills"": [{""type"": ""VARIABLE_ALIAS"", ""id"": ""VariableID:2:3""}]}",null,Structural inventory; findings and text review identify assessed defects
13:791,13:792,13:791,INSTANCE,Header / Desktop,"[0, 0, 1440, 80]","[""HORIZONTAL"", ""FIXED"", ""HUG"", ""NO_WRAP"", 24, 96, 24, 96, 0, false, ""AUTO"", {""horizontal"": ""MIN"", ""vertical"": ""MIN""}, null, null]",null,null,Structural inventory; findings and text review identify assessed defects
13:791,I13:792;13:169,13:792,FRAME,Brand Identity,"[96, 24, 179, 32]","[""HORIZONTAL"", ""HUG"", ""HUG"", ""NO_WRAP"", 0, 0, 0, 0, 12, false, ""AUTO"", {""horizontal"": ""MIN"", ""vertical"": ""MIN""}, null, null]",null,"[{""action"": {""type"": ""NODE"", ""destinationId"": ""13:167"", ""navigation"": ""NAVIGATE"", ""transition"": null, ""resetVideoPosition"": false}, ""actions"": [{""type"": ""NODE"", ""destinationId"": ""13:167"", ""navigation"": ""NAVIGATE"", ""transition"": null, ""resetVideoPosition"": false}], ""trigger"": {""type"": ""ON_CLICK""}}]",Structural inventory; findings and text review identify assessed defects
13:791,I13:792;13:170,I13:792;13:169,FRAME,Logo Mark,"[0, 0, 32, 32]","[""HORIZONTAL"", ""FIXED"", ""FIXED"", ""NO_WRAP"", 0, 0, 0, 0, 0, false, ""AUTO"", {""horizontal"": ""MIN"", ""vertical"": ""MIN""}, null, null]",null,null,Structural inventory; findings and text review identify assessed defects
13:791,I13:792;13:171,I13:792;13:170,FRAME,cross,"[7, 7, 18, 18]","[""NONE"", ""FIXED"", ""FIXED"", ""NO_WRAP"", 0, 0, 0, 0, 0, true, ""AUTO"", {""horizontal"": ""MIN"", ""vertical"": ""MIN""}, null, null]",null,null,Structural inventory; findings and text review identify assessed defects
13:791,I13:792;13:172,I13:792;13:171,VECTOR,Vector,"[1.499400019645691, 1.499400019645691, 15.001199722290039, 15.001199722290039]",null,null,null,Structural inventory; findings and text review identify assessed defects
13:791,I13:792;13:173,I13:792;13:169,TEXT,Wordmark,"[44, 2.5, 135, 27]",null,null,null,Structural inventory; findings and text review identify assessed defects
13:791,I13:792;13:174,13:792,FRAME,Navigation Links,"[779, 29, 565, 22]","[""HORIZONTAL"", ""HUG"", ""HUG"", ""NO_WRAP"", 0, 0, 0, 0, 32, false, ""AUTO"", {""horizontal"": ""MIN"", ""vertical"": ""MIN""}, null, null]",null,null,Structural inventory; findings and text review identify assessed defects
13:791,I13:792;13:175,I13:792;13:174,TEXT,Nav Link 1,"[0, 0, 39, 22]",null,null,"[{""action"": {""type"": ""NODE"", ""destinationId"": ""13:167"", ""navigation"": ""NAVIGATE"", ""transition"": null, ""resetVideoPosition"": false}, ""actions"": [{""type"": ""NODE"", ""destinationId"": ""13:167"", ""navigation"": ""NAVIGATE"", ""transition"": null, ""resetVideoPosition"": false}], ""trigger"": {""type"": ""ON_CLICK""}}]",Structural inventory; findings and text review identify assessed defects
13:791,I13:792;13:176,I13:792;13:174,TEXT,Nav Link 2,"[71, 0, 51, 22]",null,null,"[{""action"": {""type"": ""NODE"", ""destinationId"": ""13:480"", ""navigation"": ""NAVIGATE"", ""transition"": null, ""resetVideoPosition"": false}, ""actions"": [{""type"": ""NODE"", ""destinationId"": ""13:480"", ""navigation"": ""NAVIGATE"", ""transition"": null, ""resetVideoPosition"": false}], ""trigger"": {""type"": ""ON_CLICK""}}]",Structural inventory; findings and text review identify assessed defects
13:791,I13:792;13:177,I13:792;13:174,TEXT,Nav Link 3,"[154, 0, 86, 22]",null,"{""fills"": [{""type"": ""VARIABLE_ALIAS"", ""id"": ""VariableID:2:10""}]}","[{""action"": {""type"": ""NODE"", ""destinationId"": ""13:602"", ""navigation"": ""NAVIGATE"", ""transition"": null, ""resetVideoPosition"": false}, ""actions"": [{""type"": ""NODE"", ""destinationId"": ""13:602"", ""navigation"": ""NAVIGATE"", ""transition"": null, ""resetVideoPosition"": false}], ""trigger"": {""type"": ""ON_CLICK""}}]",Structural inventory; findings and text review identify assessed defects
13:791,I13:792;13:178,I13:792;13:174,TEXT,Nav Link 4,"[272, 0, 103, 22]",null,null,"[{""action"": {""type"": ""NODE"", ""destinationId"": ""13:682"", ""navigation"": ""NAVIGATE"", ""transition"": null, ""resetVideoPosition"": false}, ""actions"": [{""type"": ""NODE"", ""destinationId"": ""13:682"", ""navigation"": ""NAVIGATE"", ""transition"": null, ""resetVideoPosition"": false}], ""trigger"": {""type"": ""ON_CLICK""}}]",Structural inventory; findings and text review identify assessed defects
13:791,I13:792;13:179,I13:792;13:174,TEXT,Nav Link 5,"[407, 0, 40, 22]",null,null,"[{""action"": {""type"": ""NODE"", ""destinationId"": ""13:893"", ""navigation"": ""NAVIGATE"", ""transition"": null, ""resetVideoPosition"": false}, ""actions"": [{""type"": ""NODE"", ""destinationId"": ""13:893"", ""navigation"": ""NAVIGATE"", ""transition"": null, ""resetVideoPosition"": false}], ""trigger"": {""type"": ""ON_CLICK""}}]",Structural inventory; findings and text review identify assessed defects
13:791,I13:792;13:180,I13:792;13:174,FRAME,Nav Link 6 Wrap,"[479, 0, 86, 22]","[""HORIZONTAL"", ""HUG"", ""HUG"", ""NO_WRAP"", 0, 0, 0, 0, 8, false, ""AUTO"", {""horizontal"": ""MIN"", ""vertical"": ""MIN""}, null, null]",null,"[{""action"": {""type"": ""NODE"", ""destinationId"": ""13:966"", ""navigation"": ""NAVIGATE"", ""transition"": null, ""resetVideoPosition"": false}, ""actions"": [{""type"": ""NODE"", ""destinationId"": ""13:966"", ""navigation"": ""NAVIGATE"", ""transition"": null, ""resetVideoPosition"": false}], ""trigger"": {""type"": ""ON_CLICK""}}]",Structural inventory; findings and text review identify assessed defects
13:791,I13:792;13:181,I13:792;13:180,ELLIPSE,Ellipse,"[0, 7, 8, 8]",null,null,null,Structural inventory; findings and text review identify assessed defects
13:791,I13:792;13:182,I13:792;13:180,TEXT,Nav Link 6,"[16, 0, 70, 22]",null,null,null,Structural inventory; findings and text review identify assessed defects
13:791,13:807,13:791,FRAME,Hero,"[0, 80, 1440, 418]","[""VERTICAL"", ""FILL"", ""HUG"", ""NO_WRAP"", 96, 96, 96, 96, 32, false, ""AUTO"", {""horizontal"": ""MIN"", ""vertical"": ""MIN""}, null, null]","{""itemSpacing"": {""type"": ""VARIABLE_ALIAS"", ""id"": ""VariableID:2:14""}, ""paddingLeft"": {""type"": ""VARIABLE_ALIAS"", ""id"": ""VariableID:2:17""}, ""paddingTop"": {""type"": ""VARIABLE_ALIAS"", ""id"": ""VariableID:2:17""}, ""paddingRight"": {""type"": ""VARIABLE_ALIAS"", ""id"": ""VariableID:2:17""}, ""paddingBottom"": {""type"": ""VARIABLE_ALIAS"", ""id"": ""VariableID:2:17""}}",null,Structural inventory; findings and text review identify assessed defects
13:791,13:808,13:807,TEXT,Eyebrow,"[96, 96, 210, 18]",null,"{""fills"": [{""type"": ""VARIABLE_ALIAS"", ""id"": ""VariableID:2:10""}]}",null,Structural inventory; findings and text review identify assessed defects
13:791,13:809,13:807,TEXT,Title,"[96, 146, 1248, 57]",null,"{""fills"": [{""type"": ""VARIABLE_ALIAS"", ""id"": ""VariableID:2:7""}]}",null,Structural inventory; findings and text review identify assessed defects
13:791,13:810,13:807,TEXT,Description,"[96, 235, 800, 87]",null,"{""fills"": [{""type"": ""VARIABLE_ALIAS"", ""id"": ""VariableID:2:8""}]}",null,Structural inventory; findings and text review identify assessed defects
13:791,13:811,13:791,FRAME,Comparison Matrix,"[0, 498, 1440, 504]","[""VERTICAL"", ""FILL"", ""HUG"", ""NO_WRAP"", 96, 96, 96, 96, 48, false, ""AUTO"", {""horizontal"": ""MIN"", ""vertical"": ""MIN""}, null, null]","{""itemSpacing"": {""type"": ""VARIABLE_ALIAS"", ""id"": ""VariableID:2:15""}, ""paddingLeft"": {""type"": ""VARIABLE_ALIAS"", ""id"": ""VariableID:2:17""}, ""paddingTop"": {""type"": ""VARIABLE_ALIAS"", ""id"": ""VariableID:2:17""}, ""paddingRight"": {""type"": ""VARIABLE_ALIAS"", ""id"": ""VariableID:2:17""}, ""paddingBottom"": {""type"": ""VARIABLE_ALIAS"", ""id"": ""VariableID:2:17""}, ""fills"": [{""type"": ""VARIABLE_ALIAS"", ""id"": ""VariableID:2:4""}], ""strokes"": [{""type"": ""VARIABLE_ALIAS"", ""id"": ""VariableID:2:6""}]}",null,Structural inventory; findings and text review identify assessed defects
13:791,13:812,13:811,TEXT,Matrix Title,"[96, 96, 377, 31]",null,"{""fills"": [{""type"": ""VARIABLE_ALIAS"", ""id"": ""VariableID:2:7""}]}",null,Structural inventory; findings and text review identify assessed defects
13:791,13:813,13:811,FRAME,Matrix Grid,"[96, 175, 1248, 233]","[""HORIZONTAL"", ""FILL"", ""HUG"", ""NO_WRAP"", 0, 0, 0, 0, 24, false, ""AUTO"", {""horizontal"": ""MIN"", ""vertical"": ""MIN""}, null, null]","{""itemSpacing"": {""type"": ""VARIABLE_ALIAS"", ""id"": ""VariableID:2:13""}}",null,Structural inventory; findings and text review identify assessed defects
13:791,13:814,13:813,FRAME,Boundary Card 1,"[0, 0, 399.3333435058594, 211]","[""VERTICAL"", ""FILL"", ""HUG"", ""NO_WRAP"", 32, 32, 32, 32, 16, false, ""AUTO"", {""horizontal"": ""MIN"", ""vertical"": ""MIN""}, null, null]","{""itemSpacing"": {""type"": ""VARIABLE_ALIAS"", ""id"": ""VariableID:2:12""}, ""paddingLeft"": {""type"": ""VARIABLE_ALIAS"", ""id"": ""VariableID:2:14""}, ""paddingTop"": {""type"": ""VARIABLE_ALIAS"", ""id"": ""VariableID:2:14""}, ""paddingRight"": {""type"": ""VARIABLE_ALIAS"", ""id"": ""VariableID:2:14""}, ""paddingBottom"": {""type"": ""VARIABLE_ALIAS"", ""id"": ""VariableID:2:14""}, ""fills"": [{""type"": ""VARIABLE_ALIAS"", ""id"": ""VariableID:2:5""}]}",null,Structural inventory; findings and text review identify assessed defects
13:791,13:815,13:814,TEXT,01 / SITE READINESS,"[32, 32, 117, 18]",null,"{""fills"": [{""type"": ""VARIABLE_ALIAS"", ""id"": ""VariableID:2:10""}]}",null,Structural inventory; findings and text review identify assessed defects
13:791,13:816,13:814,TEXT,Website Readiness,"[32, 66, 212, 31]",null,"{""fills"": [{""type"": ""VARIABLE_ALIAS"", ""id"": ""VariableID:2:7""}]}",null,Structural inventory; findings and text review identify assessed defects
13:791,13:817,13:814,TEXT,"Analyzes whether owned digital assets are structurally clear, indexable, crawlable, and present clean schema. This is passive and foundational.","[32, 113, 335.3333435058594, 66]",null,"{""fills"": [{""type"": ""VARIABLE_ALIAS"", ""id"": ""VariableID:2:8""}]}",null,Structural inventory; findings and text review identify assessed defects
13:791,13:818,13:813,FRAME,Boundary Card 2,"[423.3333435058594, 0, 399.33331298828125, 233]","[""VERTICAL"", ""FILL"", ""HUG"", ""NO_WRAP"", 32, 32, 32, 32, 16, false, ""AUTO"", {""horizontal"": ""MIN"", ""vertical"": ""MIN""}, null, null]","{""itemSpacing"": {""type"": ""VARIABLE_ALIAS"", ""id"": ""VariableID:2:12""}, ""paddingLeft"": {""type"": ""VARIABLE_ALIAS"", ""id"": ""VariableID:2:14""}, ""paddingTop"": {""type"": ""VARIABLE_ALIAS"", ""id"": ""VariableID:2:14""}, ""paddingRight"": {""type"": ""VARIABLE_ALIAS"", ""id"": ""VariableID:2:14""}, ""paddingBottom"": {""type"": ""VARIABLE_ALIAS"", ""id"": ""VariableID:2:14""}, ""fills"": [{""type"": ""VARIABLE_ALIAS"", ""id"": ""VariableID:2:5""}]}",null,Structural inventory; findings and text review identify assessed defects
13:791,13:819,13:818,TEXT,02 / SEARCH DATA,"[32, 32, 108, 18]",null,"{""fills"": [{""type"": ""VARIABLE_ALIAS"", ""id"": ""VariableID:2:10""}]}",null,Structural inventory; findings and text review identify assessed defects
13:791,13:820,13:818,TEXT,Ordinary Search State,"[32, 66, 246, 31]",null,"{""fills"": [{""type"": ""VARIABLE_ALIAS"", ""id"": ""VariableID:2:7""}]}",null,Structural inventory; findings and text review identify assessed defects
13:791,13:821,13:818,TEXT,"Examines standard keyword listings, indexation rates, and conventional organic traffic. Important context, but not equivalent to a generative response.","[32, 113, 335.33331298828125, 88]",null,"{""fills"": [{""type"": ""VARIABLE_ALIAS"", ""id"": ""VariableID:2:8""}]}",null,Structural inventory; findings and text review identify assessed defects
13:791,13:822,13:813,FRAME,Boundary Card 3,"[846.6666259765625, 0, 401.33331298828125, 211]","[""VERTICAL"", ""FILL"", ""HUG"", ""NO_WRAP"", 32, 32, 32, 32, 16, false, ""AUTO"", {""horizontal"": ""MIN"", ""vertical"": ""MIN""}, null, null]","{""itemSpacing"": {""type"": ""VARIABLE_ALIAS"", ""id"": ""VariableID:2:12""}, ""paddingLeft"": {""type"": ""VARIABLE_ALIAS"", ""id"": ""VariableID:2:14""}, ""paddingTop"": {""type"": ""VARIABLE_ALIAS"", ""id"": ""VariableID:2:14""}, ""paddingRight"": {""type"": ""VARIABLE_ALIAS"", ""id"": ""VariableID:2:14""}, ""paddingBottom"": {""type"": ""VARIABLE_ALIAS"", ""id"": ""VariableID:2:14""}, ""fills"": [{""type"": ""VARIABLE_ALIAS"", ""id"": ""VariableID:2:5""}]}",null,Structural inventory; findings and text review identify assessed defects
13:791,13:823,13:822,FRAME,Frame,"[32, 32, 337.33331298828125, 18]","[""HORIZONTAL"", ""FILL"", ""HUG"", ""NO_WRAP"", 0, 0, 0, 0, 12, false, ""AUTO"", {""horizontal"": ""MIN"", ""vertical"": ""MIN""}, null, null]",null,null,Structural inventory; findings and text review identify assessed defects
13:791,13:824,13:823,TEXT,03 / EMPIRICAL OBSERVATION,"[0, 0, 175, 18]",null,null,null,Structural inventory; findings and text review identify assessed defects
13:791,13:825,13:823,FRAME,Frame,"[187, 1, 58, 16]","[""HORIZONTAL"", ""HUG"", ""HUG"", ""NO_WRAP"", 2, 6, 2, 6, 0, false, ""AUTO"", {""horizontal"": ""MIN"", ""vertical"": ""MIN""}, null, null]",null,null,Structural inventory; findings and text review identify assessed defects
13:791,13:826,13:825,TEXT,NOT LIVE,"[6, 2, 46, 12]",null,null,null,Structural inventory; findings and text review identify assessed defects
13:791,13:827,13:822,TEXT,Observed AI Answers,"[32, 66, 233, 31]",null,"{""fills"": [{""type"": ""VARIABLE_ALIAS"", ""id"": ""VariableID:2:7""}]}",null,Structural inventory; findings and text review identify assessed defects
13:791,13:828,13:822,TEXT,"Proposed retained output for a defined, versioned question in a qualified context. Collection is PLANNED / NOT YET LIVE.","[32, 113, 337.33331298828125, 66]",null,"{""fills"": [{""type"": ""VARIABLE_ALIAS"", ""id"": ""VariableID:2:8""}]}",null,Structural inventory; findings and text review identify assessed defects
13:791,13:829,13:791,FRAME,Evaluation Criteria,"[0, 1002, 1440, 639]","[""VERTICAL"", ""FILL"", ""HUG"", ""NO_WRAP"", 96, 96, 96, 96, 48, false, ""AUTO"", {""horizontal"": ""MIN"", ""vertical"": ""MIN""}, null, null]","{""itemSpacing"": {""type"": ""VARIABLE_ALIAS"", ""id"": ""VariableID:2:15""}, ""paddingLeft"": {""type"": ""VARIABLE_ALIAS"", ""id"": ""VariableID:2:17""}, ""paddingTop"": {""type"": ""VARIABLE_ALIAS"", ""id"": ""VariableID:2:17""}, ""paddingRight"": {""type"": ""VARIABLE_ALIAS"", ""id"": ""VariableID:2:17""}, ""paddingBottom"": {""type"": ""VARIABLE_ALIAS"", ""id"": ""VariableID:2:17""}}",null,Structural inventory; findings and text review identify assessed defects
13:791,13:830,13:829,FRAME,Left Title,"[96, 96, 1248, 165]","[""VERTICAL"", ""FILL"", ""HUG"", ""NO_WRAP"", 0, 0, 0, 0, 16, false, ""AUTO"", {""horizontal"": ""MIN"", ""vertical"": ""MIN""}, null, null]",null,null,Structural inventory; findings and text review identify assessed defects
13:791,13:831,13:830,TEXT,OBSERVATIONAL OBJECTIVITY,"[0, 0, 177, 18]",null,"{""fills"": [{""type"": ""VARIABLE_ALIAS"", ""id"": ""VariableID:2:10""}]}",null,Structural inventory; findings and text review identify assessed defects
13:791,13:832,13:830,TEXT,How sources are evaluated,"[0, 34, 622, 57]",null,"{""fills"": [{""type"": ""VARIABLE_ALIAS"", ""id"": ""VariableID:2:7""}]}",null,Structural inventory; findings and text review identify assessed defects
13:791,13:833,13:830,TEXT,Our proposed methodology uses strict criteria rather than proprietary formulas or synthetic optimization scores to review digital assets.,"[0, 107, 800, 58]",null,"{""fills"": [{""type"": ""VARIABLE_ALIAS"", ""id"": ""VariableID:2:8""}]}",null,Structural inventory; findings and text review identify assessed defects
13:791,13:834,13:829,FRAME,Criteria Grid,"[96, 309, 1248, 234]","[""HORIZONTAL"", ""FILL"", ""HUG"", ""NO_WRAP"", 0, 0, 0, 0, 24, false, ""AUTO"", {""horizontal"": ""MIN"", ""vertical"": ""MIN""}, null, null]","{""itemSpacing"": {""type"": ""VARIABLE_ALIAS"", ""id"": ""VariableID:2:13""}}",null,Structural inventory; findings and text review identify assessed defects
13:791,13:835,13:834,INSTANCE,Card / Audit area,"[0, 0, 400, 234]","[""VERTICAL"", ""FIXED"", ""HUG"", ""NO_WRAP"", 32, 32, 32, 32, 16, false, ""AUTO"", {""horizontal"": ""MIN"", ""vertical"": ""MIN""}, null, null]","{""itemSpacing"": {""type"": ""VARIABLE_ALIAS"", ""id"": ""VariableID:2:12""}, ""paddingLeft"": {""type"": ""VARIABLE_ALIAS"", ""id"": ""VariableID:2:14""}, ""paddingTop"": {""type"": ""VARIABLE_ALIAS"", ""id"": ""VariableID:2:14""}, ""paddingRight"": {""type"": ""VARIABLE_ALIAS"", ""id"": ""VariableID:2:14""}, ""paddingBottom"": {""type"": ""VARIABLE_ALIAS"", ""id"": ""VariableID:2:14""}, ""fills"": [{""type"": ""VARIABLE_ALIAS"", ""id"": ""VariableID:2:4""}], ""strokes"": [{""type"": ""VARIABLE_ALIAS"", ""id"": ""VariableID:2:6""}]}",null,Structural inventory; findings and text review identify assessed defects
13:791,I13:835;3:10,13:835,TEXT,Index,"[33, 33, 334, 18]",null,"{""fills"": [{""type"": ""VARIABLE_ALIAS"", ""id"": ""VariableID:2:10""}]}",null,Structural inventory; findings and text review identify assessed defects
13:791,I13:835;3:11,13:835,TEXT,Title,"[33, 67, 334, 31]",null,"{""fills"": [{""type"": ""VARIABLE_ALIAS"", ""id"": ""VariableID:2:7""}]}",null,Structural inventory; findings and text review identify assessed defects
13:791,I13:835;3:12,13:835,TEXT,Body,"[33, 114, 334, 87]",null,"{""fills"": [{""type"": ""VARIABLE_ALIAS"", ""id"": ""VariableID:2:8""}]}",null,Structural inventory; findings and text review identify assessed defects
13:791,13:839,13:834,INSTANCE,Card / Audit area,"[424, 0, 400, 234]","[""VERTICAL"", ""FIXED"", ""HUG"", ""NO_WRAP"", 32, 32, 32, 32, 16, false, ""AUTO"", {""horizontal"": ""MIN"", ""vertical"": ""MIN""}, null, null]","{""itemSpacing"": {""type"": ""VARIABLE_ALIAS"", ""id"": ""VariableID:2:12""}, ""paddingLeft"": {""type"": ""VARIABLE_ALIAS"", ""id"": ""VariableID:2:14""}, ""paddingTop"": {""type"": ""VARIABLE_ALIAS"", ""id"": ""VariableID:2:14""}, ""paddingRight"": {""type"": ""VARIABLE_ALIAS"", ""id"": ""VariableID:2:14""}, ""paddingBottom"": {""type"": ""VARIABLE_ALIAS"", ""id"": ""VariableID:2:14""}, ""fills"": [{""type"": ""VARIABLE_ALIAS"", ""id"": ""VariableID:2:4""}], ""strokes"": [{""type"": ""VARIABLE_ALIAS"", ""id"": ""VariableID:2:6""}]}",null,Structural inventory; findings and text review identify assessed defects
13:791,I13:839;3:10,13:839,TEXT,Index,"[33, 33, 334, 18]",null,"{""fills"": [{""type"": ""VARIABLE_ALIAS"", ""id"": ""VariableID:2:10""}]}",null,Structural inventory; findings and text review identify assessed defects
13:791,I13:839;3:11,13:839,TEXT,Title,"[33, 67, 334, 31]",null,"{""fills"": [{""type"": ""VARIABLE_ALIAS"", ""id"": ""VariableID:2:7""}]}",null,Structural inventory; findings and text review identify assessed defects
13:791,I13:839;3:12,13:839,TEXT,Body,"[33, 114, 334, 87]",null,"{""fills"": [{""type"": ""VARIABLE_ALIAS"", ""id"": ""VariableID:2:8""}]}",null,Structural inventory; findings and text review identify assessed defects
13:791,13:843,13:834,INSTANCE,Card / Audit area,"[848, 0, 400, 234]","[""VERTICAL"", ""FIXED"", ""HUG"", ""NO_WRAP"", 32, 32, 32, 32, 16, false, ""AUTO"", {""horizontal"": ""MIN"", ""vertical"": ""MIN""}, null, null]","{""itemSpacing"": {""type"": ""VARIABLE_ALIAS"", ""id"": ""VariableID:2:12""}, ""paddingLeft"": {""type"": ""VARIABLE_ALIAS"", ""id"": ""VariableID:2:14""}, ""paddingTop"": {""type"": ""VARIABLE_ALIAS"", ""id"": ""VariableID:2:14""}, ""paddingRight"": {""type"": ""VARIABLE_ALIAS"", ""id"": ""VariableID:2:14""}, ""paddingBottom"": {""type"": ""VARIABLE_ALIAS"", ""id"": ""VariableID:2:14""}, ""fills"": [{""type"": ""VARIABLE_ALIAS"", ""id"": ""VariableID:2:4""}], ""strokes"": [{""type"": ""VARIABLE_ALIAS"", ""id"": ""VariableID:2:6""}]}",null,Structural inventory; findings and text review identify assessed defects
13:791,I13:843;3:10,13:843,TEXT,Index,"[33, 33, 334, 18]",null,"{""fills"": [{""type"": ""VARIABLE_ALIAS"", ""id"": ""VariableID:2:10""}]}",null,Structural inventory; findings and text review identify assessed defects
13:791,I13:843;3:11,13:843,TEXT,Title,"[33, 67, 334, 31]",null,"{""fills"": [{""type"": ""VARIABLE_ALIAS"", ""id"": ""VariableID:2:7""}]}",null,Structural inventory; findings and text review identify assessed defects
13:791,I13:843;3:12,13:843,TEXT,Body,"[33, 114, 334, 87]",null,"{""fills"": [{""type"": ""VARIABLE_ALIAS"", ""id"": ""VariableID:2:8""}]}",null,Structural inventory; findings and text review identify assessed defects
13:791,13:847,13:791,FRAME,Reference Library,"[0, 1641, 1440, 1492]","[""VERTICAL"", ""FILL"", ""HUG"", ""NO_WRAP"", 96, 96, 96, 96, 48, false, ""AUTO"", {""horizontal"": ""MIN"", ""vertical"": ""MIN""}, null, null]","{""itemSpacing"": {""type"": ""VARIABLE_ALIAS"", ""id"": ""VariableID:2:15""}, ""paddingLeft"": {""type"": ""VARIABLE_ALIAS"", ""id"": ""VariableID:2:17""}, ""paddingTop"": {""type"": ""VARIABLE_ALIAS"", ""id"": ""VariableID:2:17""}, ""paddingRight"": {""type"": ""VARIABLE_ALIAS"", ""id"": ""VariableID:2:17""}, ""paddingBottom"": {""type"": ""VARIABLE_ALIAS"", ""id"": ""VariableID:2:17""}, ""fills"": [{""type"": ""VARIABLE_ALIAS"", ""id"": ""VariableID:2:4""}], ""strokes"": [{""type"": ""VARIABLE_ALIAS"", ""id"": ""VariableID:2:6""}]}",null,Structural inventory; findings and text review identify assessed defects
13:791,13:848,13:847,FRAME,Library Header,"[96, 96, 1248, 165]","[""VERTICAL"", ""FILL"", ""HUG"", ""NO_WRAP"", 0, 0, 0, 0, 16, false, ""AUTO"", {""horizontal"": ""MIN"", ""vertical"": ""MIN""}, null, null]",null,null,Structural inventory; findings and text review identify assessed defects
13:791,13:849,13:848,TEXT,PROPOSED METADATA ARCHIVE,"[0, 0, 185, 18]",null,"{""fills"": [{""type"": ""VARIABLE_ALIAS"", ""id"": ""VariableID:2:10""}]}",null,Structural inventory; findings and text review identify assessed defects
13:791,13:850,13:848,TEXT,Proposed Source Library,"[0, 34, 568, 57]",null,"{""fills"": [{""type"": ""VARIABLE_ALIAS"", ""id"": ""VariableID:2:7""}]}",null,Structural inventory; findings and text review identify assessed defects
13:791,13:851,13:848,TEXT,"A structure for organizing public documentation, official statements, and testing categories. No proprietary claims or verified outcomes are asserted.","[0, 107, 800, 58]",null,"{""fills"": [{""type"": ""VARIABLE_ALIAS"", ""id"": ""VariableID:2:8""}]}",null,Structural inventory; findings and text review identify assessed defects
13:791,13:852,13:847,FRAME,Library Grid,"[96, 309, 1248, 540]","[""GRID"", ""FILL"", ""FIXED"", ""NO_WRAP"", 0, 0, 0, 0, 0, false, ""AUTO"", {""horizontal"": ""MIN"", ""vertical"": ""MIN""}, null, null]",null,null,Structural inventory; findings and text review identify assessed defects
13:791,13:853,13:852,FRAME,Frame,"[0, 0, 356, 225]","[""VERTICAL"", ""HUG"", ""HUG"", ""NO_WRAP"", 32, 32, 32, 32, 12, false, ""AUTO"", {""horizontal"": ""MIN"", ""vertical"": ""MIN""}, null, null]","{""paddingLeft"": {""type"": ""VARIABLE_ALIAS"", ""id"": ""VariableID:2:14""}, ""paddingTop"": {""type"": ""VARIABLE_ALIAS"", ""id"": ""VariableID:2:14""}, ""paddingRight"": {""type"": ""VARIABLE_ALIAS"", ""id"": ""VariableID:2:14""}, ""paddingBottom"": {""type"": ""VARIABLE_ALIAS"", ""id"": ""VariableID:2:14""}, ""fills"": [{""type"": ""VARIABLE_ALIAS"", ""id"": ""VariableID:2:5""}]}",null,Structural inventory; findings and text review identify assessed defects
13:791,13:854,13:853,TEXT,DOCUMENTATION / FIRST PARTY,"[32, 32, 187, 18]",null,"{""fills"": [{""type"": ""VARIABLE_ALIAS"", ""id"": ""VariableID:2:10""}]}",null,Structural inventory; findings and text review identify assessed defects
13:791,13:855,13:853,TEXT,Official Platform Guidance,"[32, 62, 292, 31]",null,"{""fills"": [{""type"": ""VARIABLE_ALIAS"", ""id"": ""VariableID:2:7""}]}",null,Structural inventory; findings and text review identify assessed defects
13:791,13:856,13:853,TEXT,Reference logs mapping public developer updates from major system operators. Evaluated solely within the context and timing of its original publication.,"[32, 105, 292, 88]",null,"{""fills"": [{""type"": ""VARIABLE_ALIAS"", ""id"": ""VariableID:2:8""}]}",null,Structural inventory; findings and text review identify assessed defects
13:791,13:857,13:852,FRAME,Frame,"[636, 0, 262, 269]","[""VERTICAL"", ""HUG"", ""HUG"", ""NO_WRAP"", 32, 32, 32, 32, 12, false, ""AUTO"", {""horizontal"": ""MIN"", ""vertical"": ""MIN""}, null, null]","{""paddingLeft"": {""type"": ""VARIABLE_ALIAS"", ""id"": ""VariableID:2:14""}, ""paddingTop"": {""type"": ""VARIABLE_ALIAS"", ""id"": ""VariableID:2:14""}, ""paddingRight"": {""type"": ""VARIABLE_ALIAS"", ""id"": ""VariableID:2:14""}, ""paddingBottom"": {""type"": ""VARIABLE_ALIAS"", ""id"": ""VariableID:2:14""}, ""fills"": [{""type"": ""VARIABLE_ALIAS"", ""id"": ""VariableID:2:5""}]}",null,Structural inventory; findings and text review identify assessed defects
13:791,13:858,13:857,TEXT,EXTERNAL ANALYSIS,"[32, 32, 121, 18]",null,"{""fills"": [{""type"": ""VARIABLE_ALIAS"", ""id"": ""VariableID:2:10""}]}",null,Structural inventory; findings and text review identify assessed defects
13:791,13:859,13:857,TEXT,Original Research,"[32, 62, 198, 31]",null,"{""fills"": [{""type"": ""VARIABLE_ALIAS"", ""id"": ""VariableID:2:7""}]}",null,Structural inventory; findings and text review identify assessed defects
13:791,13:860,13:857,TEXT,"Externally published methods or findings would be reviewed for scope and limitations. No study title, finding, client case, or publication date is asserted here.","[32, 105, 198, 132]",null,"{""fills"": [{""type"": ""VARIABLE_ALIAS"", ""id"": ""VariableID:2:8""}]}",null,Structural inventory; findings and text review identify assessed defects
13:791,13:861,13:852,FRAME,Frame,"[0, 293, 281, 225]","[""VERTICAL"", ""HUG"", ""HUG"", ""NO_WRAP"", 32, 32, 32, 32, 12, false, ""AUTO"", {""horizontal"": ""MIN"", ""vertical"": ""MIN""}, null, null]","{""paddingLeft"": {""type"": ""VARIABLE_ALIAS"", ""id"": ""VariableID:2:14""}, ""paddingTop"": {""type"": ""VARIABLE_ALIAS"", ""id"": ""VariableID:2:14""}, ""paddingRight"": {""type"": ""VARIABLE_ALIAS"", ""id"": ""VariableID:2:14""}, ""paddingBottom"": {""type"": ""VARIABLE_ALIAS"", ""id"": ""VariableID:2:14""}, ""fills"": [{""type"": ""VARIABLE_ALIAS"", ""id"": ""VariableID:2:5""}]}",null,Structural inventory; findings and text review identify assessed defects
13:791,13:862,13:861,TEXT,EDUCATION,"[32, 32, 69, 18]",null,"{""fills"": [{""type"": ""VARIABLE_ALIAS"", ""id"": ""VariableID:2:10""}]}",null,Structural inventory; findings and text review identify assessed defects
13:791,13:863,13:861,TEXT,Illustrative Material,"[32, 62, 217, 31]",null,"{""fills"": [{""type"": ""VARIABLE_ALIAS"", ""id"": ""VariableID:2:7""}]}",null,Structural inventory; findings and text review identify assessed defects
13:791,13:864,13:861,TEXT,"Fictional, illustrative walkthrough profiles and mock structural diagnostics. Explicitly separated from empirical client work.","[32, 105, 217, 88]",null,"{""fills"": [{""type"": ""VARIABLE_ALIAS"", ""id"": ""VariableID:2:8""}]}",null,Structural inventory; findings and text review identify assessed defects
13:791,13:865,13:852,FRAME,Frame,"[636, 293, 285, 247]","[""VERTICAL"", ""HUG"", ""HUG"", ""NO_WRAP"", 32, 32, 32, 32, 12, false, ""AUTO"", {""horizontal"": ""MIN"", ""vertical"": ""MIN""}, null, null]","{""paddingLeft"": {""type"": ""VARIABLE_ALIAS"", ""id"": ""VariableID:2:14""}, ""paddingTop"": {""type"": ""VARIABLE_ALIAS"", ""id"": ""VariableID:2:14""}, ""paddingRight"": {""type"": ""VARIABLE_ALIAS"", ""id"": ""VariableID:2:14""}, ""paddingBottom"": {""type"": ""VARIABLE_ALIAS"", ""id"": ""VariableID:2:14""}, ""fills"": [{""type"": ""VARIABLE_ALIAS"", ""id"": ""VariableID:2:5""}]}",null,Structural inventory; findings and text review identify assessed defects
13:791,13:866,13:865,FRAME,Frame,"[32, 32, 136, 18]","[""HORIZONTAL"", ""HUG"", ""HUG"", ""NO_WRAP"", 0, 0, 0, 0, 8, false, ""AUTO"", {""horizontal"": ""MIN"", ""vertical"": ""MIN""}, null, null]",null,null,Structural inventory; findings and text review identify assessed defects
13:791,13:867,13:866,TEXT,PLANNED RESEARCH,"[0, 0, 122, 18]",null,null,null,Structural inventory; findings and text review identify assessed defects
13:791,13:868,13:866,ELLIPSE,Ellipse,"[130, 6, 6, 6]",null,null,null,Structural inventory; findings and text review identify assessed defects
13:791,13:869,13:865,TEXT,Under Investigation,"[32, 62, 221, 31]",null,"{""fills"": [{""type"": ""VARIABLE_ALIAS"", ""id"": ""VariableID:2:7""}]}",null,Structural inventory; findings and text review identify assessed defects
13:791,13:870,13:865,TEXT,Active observation topics and emerging generative behavior parameters awaiting formal classification. Unfinished and non-operational.,"[32, 105, 221, 110]",null,"{""fills"": [{""type"": ""VARIABLE_ALIAS"", ""id"": ""VariableID:2:8""}]}",null,Structural inventory; findings and text review identify assessed defects
13:791,14:962,13:847,FRAME,Verified Source Entries,"[96, 897, 1248, 499]","[""VERTICAL"", ""FILL"", ""HUG"", ""NO_WRAP"", 0, 0, 0, 0, 24, false, ""AUTO"", {""horizontal"": ""MIN"", ""vertical"": ""MIN""}, null, null]","{""itemSpacing"": {""type"": ""VARIABLE_ALIAS"", ""id"": ""VariableID:2:13""}}",null,Structural inventory; findings and text review identify assessed defects
13:791,14:963,14:962,TEXT,VERIFIED SOURCE ENTRIES,"[0, 0, 155, 18]",null,"{""fills"": [{""type"": ""VARIABLE_ALIAS"", ""id"": ""VariableID:2:10""}]}",null,Structural inventory; findings and text review identify assessed defects
13:791,14:964,14:962,FRAME,Source Entry Cards,"[0, 42, 1248, 457]","[""HORIZONTAL"", ""FILL"", ""HUG"", ""NO_WRAP"", 0, 0, 0, 0, 24, false, ""AUTO"", {""horizontal"": ""MIN"", ""vertical"": ""MIN""}, null, null]","{""itemSpacing"": {""type"": ""VARIABLE_ALIAS"", ""id"": ""VariableID:2:13""}}",null,Structural inventory; findings and text review identify assessed defects
13:791,14:965,14:964,FRAME,Source Entry Card 1,"[0, 0, 612, 457]","[""VERTICAL"", ""FILL"", ""HUG"", ""NO_WRAP"", 32, 32, 32, 32, 16, false, ""AUTO"", {""horizontal"": ""MIN"", ""vertical"": ""MIN""}, null, null]","{""itemSpacing"": {""type"": ""VARIABLE_ALIAS"", ""id"": ""VariableID:2:12""}, ""paddingLeft"": {""type"": ""VARIABLE_ALIAS"", ""id"": ""VariableID:2:14""}, ""paddingTop"": {""type"": ""VARIABLE_ALIAS"", ""id"": ""VariableID:2:14""}, ""paddingRight"": {""type"": ""VARIABLE_ALIAS"", ""id"": ""VariableID:2:14""}, ""paddingBottom"": {""type"": ""VARIABLE_ALIAS"", ""id"": ""VariableID:2:14""}, ""fills"": [{""type"": ""VARIABLE_ALIAS"", ""id"": ""VariableID:2:5""}], ""strokes"": [{""type"": ""VARIABLE_ALIAS"", ""id"": ""VariableID:2:6""}]}",null,Structural inventory; findings and text review identify assessed defects
13:791,14:966,14:965,TEXT,OFFICIAL GOOGLE SEARCH GUIDANCE,"[32, 32, 223, 18]",null,"{""fills"": [{""type"": ""VARIABLE_ALIAS"", ""id"": ""VariableID:2:10""}]}",null,Structural inventory; findings and text review identify assessed defects
13:791,14:967,14:965,TEXT,Optimizing your website for generative AI features on Google Search,"[32, 66, 548, 62]",null,"{""fills"": [{""type"": ""VARIABLE_ALIAS"", ""id"": ""VariableID:2:7""}]}",null,Structural inventory; findings and text review identify assessed defects
13:791,14:968,14:965,TEXT,Publisher: Google Search Central,"[32, 144, 548, 22]",null,"{""fills"": [{""type"": ""VARIABLE_ALIAS"", ""id"": ""VariableID:2:8""}]}",null,Structural inventory; findings and text review identify assessed defects
13:791,14:969,14:965,TEXT,URL: https://developers.google.com/search/docs/fundamentals/ai-optimization-guide,"[32, 182, 548, 44]",null,"{""fills"": [{""type"": ""VARIABLE_ALIAS"", ""id"": ""VariableID:2:8""}]}",null,Structural inventory; findings and text review identify assessed defects
13:791,14:970,14:965,TEXT,Checked: 2026-09-23,"[32, 242, 548, 22]",null,"{""fills"": [{""type"": ""VARIABLE_ALIAS"", ""id"": ""VariableID:2:8""}]}",null,Structural inventory; findings and text review identify assessed defects
13:791,14:971,14:965,TEXT,Scoped to Google's AI Overviews and AI Mode. Supports helpful original content and clear technical structure. Google's guidance says no special AI markup or llms.txt is needed for its Search AI features. Do not apply this as a universal rule for consumer ChatGPT or other AI systems.,"[32, 280, 548, 145]",null,"{""fills"": [{""type"": ""VARIABLE_ALIAS"", ""id"": ""VariableID:2:8""}]}",null,Structural inventory; findings and text review identify assessed defects
13:791,14:972,14:964,FRAME,Source Entry Card 2,"[636, 0, 612, 346]","[""VERTICAL"", ""FILL"", ""HUG"", ""NO_WRAP"", 32, 32, 32, 32, 16, false, ""AUTO"", {""horizontal"": ""MIN"", ""vertical"": ""MIN""}, null, null]","{""itemSpacing"": {""type"": ""VARIABLE_ALIAS"", ""id"": ""VariableID:2:12""}, ""paddingLeft"": {""type"": ""VARIABLE_ALIAS"", ""id"": ""VariableID:2:14""}, ""paddingTop"": {""type"": ""VARIABLE_ALIAS"", ""id"": ""VariableID:2:14""}, ""paddingRight"": {""type"": ""VARIABLE_ALIAS"", ""id"": ""VariableID:2:14""}, ""paddingBottom"": {""type"": ""VARIABLE_ALIAS"", ""id"": ""VariableID:2:14""}, ""fills"": [{""type"": ""VARIABLE_ALIAS"", ""id"": ""VariableID:2:5""}], ""strokes"": [{""type"": ""VARIABLE_ALIAS"", ""id"": ""VariableID:2:6""}]}",null,Structural inventory; findings and text review identify assessed defects
13:791,14:973,14:972,TEXT,ACCESSIBILITY STANDARD,"[32, 32, 153, 18]",null,"{""fills"": [{""type"": ""VARIABLE_ALIAS"", ""id"": ""VariableID:2:10""}]}",null,Structural inventory; findings and text review identify assessed defects
13:791,14:974,14:972,TEXT,Web Content Accessibility Guidelines (WCAG) 2.2,"[32, 66, 552, 31]",null,"{""fills"": [{""type"": ""VARIABLE_ALIAS"", ""id"": ""VariableID:2:7""}]}",null,Structural inventory; findings and text review identify assessed defects
13:791,14:975,14:972,TEXT,Publisher: W3C,"[32, 113, 548, 22]",null,"{""fills"": [{""type"": ""VARIABLE_ALIAS"", ""id"": ""VariableID:2:8""}]}",null,Structural inventory; findings and text review identify assessed defects
13:791,14:976,14:972,TEXT,URL: https://www.w3.org/TR/WCAG22/,"[32, 151, 548, 22]",null,"{""fills"": [{""type"": ""VARIABLE_ALIAS"", ""id"": ""VariableID:2:8""}]}",null,Structural inventory; findings and text review identify assessed defects
13:791,14:977,14:972,TEXT,Checked: 2026-09-23,"[32, 189, 548, 22]",null,"{""fills"": [{""type"": ""VARIABLE_ALIAS"", ""id"": ""VariableID:2:8""}]}",null,Structural inventory; findings and text review identify assessed defects
13:791,14:978,14:972,TEXT,The project target is applicable Level AA. These Figma concepts do not establish or prove WCAG conformance; implementation and formal testing are still required.,"[32, 227, 548, 87]",null,"{""fills"": [{""type"": ""VARIABLE_ALIAS"", ""id"": ""VariableID:2:8""}]}",null,Structural inventory; findings and text review identify assessed defects
13:791,13:871,13:791,FRAME,Closing Action Area,"[0, 3133, 1440, 309]","[""VERTICAL"", ""FILL"", ""HUG"", ""NO_WRAP"", 96, 96, 96, 96, 32, false, ""AUTO"", {""horizontal"": ""MIN"", ""vertical"": ""MIN""}, null, null]","{""itemSpacing"": {""type"": ""VARIABLE_ALIAS"", ""id"": ""VariableID:2:14""}, ""paddingLeft"": {""type"": ""VARIABLE_ALIAS"", ""id"": ""VariableID:2:17""}, ""paddingTop"": {""type"": ""VARIABLE_ALIAS"", ""id"": ""VariableID:2:17""}, ""paddingRight"": {""type"": ""VARIABLE_ALIAS"", ""id"": ""VariableID:2:17""}, ""paddingBottom"": {""type"": ""VARIABLE_ALIAS"", ""id"": ""VariableID:2:17""}}",null,Structural inventory; findings and text review identify assessed defects
13:791,13:872,13:871,TEXT,Continue exploring the proposed framework,"[474.5, 96, 491, 31]",null,"{""fills"": [{""type"": ""VARIABLE_ALIAS"", ""id"": ""VariableID:2:7""}]}",null,Structural inventory; findings and text review identify assessed defects
13:791,13:873,13:871,FRAME,Related Navigation,"[433.5, 159, 573, 54]","[""HORIZONTAL"", ""HUG"", ""HUG"", ""NO_WRAP"", 0, 0, 0, 0, 24, false, ""AUTO"", {""horizontal"": ""MIN"", ""vertical"": ""MIN""}, null, null]","{""itemSpacing"": {""type"": ""VARIABLE_ALIAS"", ""id"": ""VariableID:2:13""}}",null,Structural inventory; findings and text review identify assessed defects
13:791,13:874,13:873,INSTANCE,Button / Primary,"[0, 0, 252, 54]","[""VERTICAL"", ""FIXED"", ""HUG"", ""NO_WRAP"", 16, 16, 16, 16, 16, false, ""AUTO"", {""horizontal"": ""MIN"", ""vertical"": ""MIN""}, null, null]","{""itemSpacing"": {""type"": ""VARIABLE_ALIAS"", ""id"": ""VariableID:2:12""}, ""paddingLeft"": {""type"": ""VARIABLE_ALIAS"", ""id"": ""VariableID:2:12""}, ""paddingTop"": {""type"": ""VARIABLE_ALIAS"", ""id"": ""VariableID:2:12""}, ""paddingRight"": {""type"": ""VARIABLE_ALIAS"", ""id"": ""VariableID:2:12""}, ""paddingBottom"": {""type"": ""VARIABLE_ALIAS"", ""id"": ""VariableID:2:12""}, ""fills"": [{""type"": ""VARIABLE_ALIAS"", ""id"": ""VariableID:2:9""}]}","[{""action"": {""type"": ""NODE"", ""destinationId"": ""13:480"", ""navigation"": ""NAVIGATE"", ""transition"": null, ""resetVideoPosition"": false}, ""actions"": [{""type"": ""NODE"", ""destinationId"": ""13:480"", ""navigation"": ""NAVIGATE"", ""transition"": null, ""resetVideoPosition"": false}], ""trigger"": {""type"": ""ON_CLICK""}}]",Structural inventory; findings and text review identify assessed defects
13:791,I13:874;3:8,13:874,TEXT,Label,"[16, 16, 220, 22]",null,"{""fills"": [{""type"": ""VARIABLE_ALIAS"", ""id"": ""VariableID:2:3""}]}",null,Structural inventory; findings and text review identify assessed defects
13:791,13:876,13:873,TEXT,Learn what GEO means,"[276, 18, 137, 18]",null,"{""fills"": [{""type"": ""VARIABLE_ALIAS"", ""id"": ""VariableID:2:10""}]}","[{""action"": {""type"": ""NODE"", ""destinationId"": ""13:602"", ""navigation"": ""NAVIGATE"", ""transition"": null, ""resetVideoPosition"": false}, ""actions"": [{""type"": ""NODE"", ""destinationId"": ""13:602"", ""navigation"": ""NAVIGATE"", ""transition"": null, ""resetVideoPosition"": false}], ""trigger"": {""type"": ""ON_CLICK""}}]",Structural inventory; findings and text review identify assessed defects
13:791,13:877,13:873,TEXT,View illustrative report,"[437, 18, 136, 18]",null,"{""fills"": [{""type"": ""VARIABLE_ALIAS"", ""id"": ""VariableID:2:10""}]}","[{""action"": {""type"": ""NODE"", ""destinationId"": ""13:682"", ""navigation"": ""NAVIGATE"", ""transition"": null, ""resetVideoPosition"": false}, ""actions"": [{""type"": ""NODE"", ""destinationId"": ""13:682"", ""navigation"": ""NAVIGATE"", ""transition"": null, ""resetVideoPosition"": false}], ""trigger"": {""type"": ""ON_CLICK""}}]",Structural inventory; findings and text review identify assessed defects
13:791,13:878,13:791,INSTANCE,Footer / Desktop,"[0, 3442, 1440, 272]","[""VERTICAL"", ""FIXED"", ""HUG"", ""NO_WRAP"", 64, 96, 64, 96, 48, false, ""AUTO"", {""horizontal"": ""MIN"", ""vertical"": ""MIN""}, null, null]",null,null,Structural inventory; findings and text review identify assessed defects
13:791,I13:878;13:305,13:878,FRAME,Footer Top,"[96, 64, 1248, 57]","[""HORIZONTAL"", ""FILL"", ""HUG"", ""NO_WRAP"", 0, 0, 0, 0, 0, false, ""AUTO"", {""horizontal"": ""MIN"", ""vertical"": ""MIN""}, null, null]",null,null,Structural inventory; findings and text review identify assessed defects
13:791,I13:878;13:306,I13:878;13:305,FRAME,Footer Brand,"[0, 0, 481, 57]","[""VERTICAL"", ""HUG"", ""HUG"", ""NO_WRAP"", 0, 0, 0, 0, 8, false, ""AUTO"", {""horizontal"": ""MIN"", ""vertical"": ""MIN""}, null, null]",null,null,Structural inventory; findings and text review identify assessed defects
13:791,I13:878;13:307,I13:878;13:306,TEXT,Footer Wordmark,"[0, 0, 122, 27]",null,null,null,Structural inventory; findings and text review identify assessed defects
13:791,I13:878;13:308,I13:878;13:306,TEXT,A proposed evidence-led Generative Engine Optimization review concept.,"[0, 35, 481, 22]",null,null,null,Structural inventory; findings and text review identify assessed defects
13:791,I13:878;13:309,I13:878;13:305,FRAME,Footer Links,"[837, 0, 411, 22]","[""HORIZONTAL"", ""HUG"", ""HUG"", ""NO_WRAP"", 0, 0, 0, 0, 24, false, ""AUTO"", {""horizontal"": ""MIN"", ""vertical"": ""MIN""}, null, null]",null,null,Structural inventory; findings and text review identify assessed defects
13:791,I13:878;13:310,I13:878;13:309,TEXT,Home,"[0, 0, 39, 22]",null,null,"[{""action"": {""type"": ""NODE"", ""destinationId"": ""13:167"", ""navigation"": ""NAVIGATE"", ""transition"": null, ""resetVideoPosition"": false}, ""actions"": [{""type"": ""NODE"", ""destinationId"": ""13:167"", ""navigation"": ""NAVIGATE"", ""transition"": null, ""resetVideoPosition"": false}], ""trigger"": {""type"": ""ON_CLICK""}}]",Structural inventory; findings and text review identify assessed defects
13:791,I13:878;13:311,I13:878;13:309,TEXT,Method,"[63, 0, 51, 22]",null,null,"[{""action"": {""type"": ""NODE"", ""destinationId"": ""13:480"", ""navigation"": ""NAVIGATE"", ""transition"": null, ""resetVideoPosition"": false}, ""actions"": [{""type"": ""NODE"", ""destinationId"": ""13:480"", ""navigation"": ""NAVIGATE"", ""transition"": null, ""resetVideoPosition"": false}], ""trigger"": {""type"": ""ON_CLICK""}}]",Structural inventory; findings and text review identify assessed defects
13:791,I13:878;13:312,I13:878;13:309,TEXT,What is GEO,"[138, 0, 82, 22]",null,null,"[{""action"": {""type"": ""NODE"", ""destinationId"": ""13:602"", ""navigation"": ""NAVIGATE"", ""transition"": null, ""resetVideoPosition"": false}, ""actions"": [{""type"": ""NODE"", ""destinationId"": ""13:602"", ""navigation"": ""NAVIGATE"", ""transition"": null, ""resetVideoPosition"": false}], ""trigger"": {""type"": ""ON_CLICK""}}]",Structural inventory; findings and text review identify assessed defects
13:791,I13:878;13:313,I13:878;13:309,TEXT,Example Report,"[244, 0, 103, 22]",null,null,"[{""action"": {""type"": ""NODE"", ""destinationId"": ""13:682"", ""navigation"": ""NAVIGATE"", ""transition"": null, ""resetVideoPosition"": false}, ""actions"": [{""type"": ""NODE"", ""destinationId"": ""13:682"", ""navigation"": ""NAVIGATE"", ""transition"": null, ""resetVideoPosition"": false}], ""trigger"": {""type"": ""ON_CLICK""}}]",Structural inventory; findings and text review identify assessed defects
13:791,I13:878;13:314,I13:878;13:309,TEXT,About,"[371, 0, 40, 22]",null,null,"[{""action"": {""type"": ""NODE"", ""destinationId"": ""13:893"", ""navigation"": ""NAVIGATE"", ""transition"": null, ""resetVideoPosition"": false}, ""actions"": [{""type"": ""NODE"", ""destinationId"": ""13:893"", ""navigation"": ""NAVIGATE"", ""transition"": null, ""resetVideoPosition"": false}], ""trigger"": {""type"": ""ON_CLICK""}}]",Structural inventory; findings and text review identify assessed defects
13:791,I13:878;13:315,13:878,FRAME,Footer Bottom,"[96, 169, 1248, 39]","[""VERTICAL"", ""FILL"", ""HUG"", ""NO_WRAP"", 0, 0, 0, 0, 16, false, ""AUTO"", {""horizontal"": ""MIN"", ""vertical"": ""MIN""}, null, null]",null,null,Structural inventory; findings and text review identify assessed defects
13:791,I13:878;13:316,I13:878;13:315,RECTANGLE,Rectangle,"[0, 0, 1248, 1]",null,null,null,Structural inventory; findings and text review identify assessed defects
13:791,I13:878;13:317,I13:878;13:315,TEXT,"DESIGN CONCEPT · SEP 2026 — Offer, pricing, timing, collection, delivery, and availability remain subject to owner decisions.","[0, 17, 1248, 22]",null,null,null,Structural inventory; findings and text review identify assessed defects
2:28,2:28,0:1,FRAME,Design notes & components,"[2250, 200, 850, 813]","[""VERTICAL"", ""FIXED"", ""HUG"", ""NO_WRAP"", 32, 32, 32, 32, 24, true, ""AUTO"", {""horizontal"": ""MIN"", ""vertical"": ""MIN""}, null, null]","{""fills"": [{""type"": ""VARIABLE_ALIAS"", ""id"": ""VariableID:2:3""}]}",null,Structural inventory; findings and text review identify assessed defects
2:28,3:2,2:28,TEXT,Review status,"[32, 32, 786, 18]",null,"{""fills"": [{""type"": ""VARIABLE_ALIAS"", ""id"": ""VariableID:2:10""}]}",null,Structural inventory; findings and text review identify assessed defects
2:28,3:3,2:28,TEXT,Design title,"[32, 74, 786, 57]",null,"{""fills"": [{""type"": ""VARIABLE_ALIAS"", ""id"": ""VariableID:2:7""}]}",null,Structural inventory; findings and text review identify assessed defects
2:28,3:4,2:28,TEXT,Scope,"[32, 155, 786, 58]",null,"{""fills"": [{""type"": ""VARIABLE_ALIAS"", ""id"": ""VariableID:2:7""}]}",null,Structural inventory; findings and text review identify assessed defects
2:28,3:5,2:28,TEXT,Evidence boundary,"[32, 237, 786, 66]",null,"{""fills"": [{""type"": ""VARIABLE_ALIAS"", ""id"": ""VariableID:2:8""}]}",null,Structural inventory; findings and text review identify assessed defects
2:28,3:6,2:28,TEXT,Typography,"[32, 327, 786, 44]",null,"{""fills"": [{""type"": ""VARIABLE_ALIAS"", ""id"": ""VariableID:2:8""}]}",null,Structural inventory; findings and text review identify assessed defects
2:28,3:7,2:28,COMPONENT,Button / Primary,"[32, 395, 252, 54]","[""VERTICAL"", ""FIXED"", ""HUG"", ""NO_WRAP"", 16, 16, 16, 16, 16, false, ""AUTO"", {""horizontal"": ""MIN"", ""vertical"": ""MIN""}, null, null]","{""itemSpacing"": {""type"": ""VARIABLE_ALIAS"", ""id"": ""VariableID:2:12""}, ""paddingLeft"": {""type"": ""VARIABLE_ALIAS"", ""id"": ""VariableID:2:12""}, ""paddingTop"": {""type"": ""VARIABLE_ALIAS"", ""id"": ""VariableID:2:12""}, ""paddingRight"": {""type"": ""VARIABLE_ALIAS"", ""id"": ""VariableID:2:12""}, ""paddingBottom"": {""type"": ""VARIABLE_ALIAS"", ""id"": ""VariableID:2:12""}, ""fills"": [{""type"": ""VARIABLE_ALIAS"", ""id"": ""VariableID:2:9""}]}",null,Structural inventory; findings and text review identify assessed defects
2:28,3:8,3:7,TEXT,Label,"[16, 16, 220, 22]",null,"{""fills"": [{""type"": ""VARIABLE_ALIAS"", ""id"": ""VariableID:2:3""}]}",null,Structural inventory; findings and text review identify assessed defects
2:28,3:9,2:28,COMPONENT,Card / Audit area,"[32, 473, 400, 205]","[""VERTICAL"", ""FIXED"", ""HUG"", ""NO_WRAP"", 32, 32, 32, 32, 16, false, ""AUTO"", {""horizontal"": ""MIN"", ""vertical"": ""MIN""}, null, null]","{""itemSpacing"": {""type"": ""VARIABLE_ALIAS"", ""id"": ""VariableID:2:12""}, ""paddingLeft"": {""type"": ""VARIABLE_ALIAS"", ""id"": ""VariableID:2:14""}, ""paddingTop"": {""type"": ""VARIABLE_ALIAS"", ""id"": ""VariableID:2:14""}, ""paddingRight"": {""type"": ""VARIABLE_ALIAS"", ""id"": ""VariableID:2:14""}, ""paddingBottom"": {""type"": ""VARIABLE_ALIAS"", ""id"": ""VariableID:2:14""}, ""fills"": [{""type"": ""VARIABLE_ALIAS"", ""id"": ""VariableID:2:4""}], ""strokes"": [{""type"": ""VARIABLE_ALIAS"", ""id"": ""VariableID:2:6""}]}",null,Structural inventory; findings and text review identify assessed defects
2:28,3:10,3:9,TEXT,Index,"[33, 33, 334, 18]",null,"{""fills"": [{""type"": ""VARIABLE_ALIAS"", ""id"": ""VariableID:2:10""}]}",null,Structural inventory; findings and text review identify assessed defects
2:28,3:11,3:9,TEXT,Title,"[33, 67, 334, 31]",null,"{""fills"": [{""type"": ""VARIABLE_ALIAS"", ""id"": ""VariableID:2:7""}]}",null,Structural inventory; findings and text review identify assessed defects
2:28,3:12,3:9,TEXT,Body,"[33, 114, 334, 58]",null,"{""fills"": [{""type"": ""VARIABLE_ALIAS"", ""id"": ""VariableID:2:8""}]}",null,Structural inventory; findings and text review identify assessed defects
2:28,3:13,2:28,COMPONENT,Row / FAQ,"[32, 702, 716, 79]","[""HORIZONTAL"", ""FIXED"", ""HUG"", ""NO_WRAP"", 24, 24, 24, 24, 16, false, ""AUTO"", {""horizontal"": ""MIN"", ""vertical"": ""MIN""}, null, null]","{""itemSpacing"": {""type"": ""VARIABLE_ALIAS"", ""id"": ""VariableID:2:12""}, ""paddingLeft"": {""type"": ""VARIABLE_ALIAS"", ""id"": ""VariableID:2:13""}, ""paddingTop"": {""type"": ""VARIABLE_ALIAS"", ""id"": ""VariableID:2:13""}, ""paddingRight"": {""type"": ""VARIABLE_ALIAS"", ""id"": ""VariableID:2:13""}, ""paddingBottom"": {""type"": ""VARIABLE_ALIAS"", ""id"": ""VariableID:2:13""}, ""fills"": [{""type"": ""VARIABLE_ALIAS"", ""id"": ""VariableID:2:3""}]}",null,Structural inventory; findings and text review identify assessed defects
2:28,3:14,3:13,TEXT,Question,"[24, 24, 628, 22]",null,"{""fills"": [{""type"": ""VARIABLE_ALIAS"", ""id"": ""VariableID:2:7""}]}",null,Structural inventory; findings and text review identify assessed defects
2:28,3:15,3:13,TEXT,Expand,"[668, 24, 24, 31]",null,"{""fills"": [{""type"": ""VARIABLE_ALIAS"", ""id"": ""VariableID:2:10""}]}",null,Structural inventory; findings and text review identify assessed defects
13:322,13:322,0:1,FRAME,MindLeverX — Homepage Concept / Mobile,"[6156, 876, 390, 7228]","[""VERTICAL"", ""FIXED"", ""HUG"", ""NO_WRAP"", 0, 0, 0, 0, 0, true, ""AUTO"", {""horizontal"": ""MIN"", ""vertical"": ""MIN""}, null, null]","{""fills"": [{""type"": ""VARIABLE_ALIAS"", ""id"": ""VariableID:2:3""}]}",null,Structural inventory; findings and text review identify assessed defects
13:322,13:323,13:322,FRAME,Mobile Status Bar Simulator,"[0, 0, 390, 34]","[""HORIZONTAL"", ""FILL"", ""HUG"", ""NO_WRAP"", 12, 24, 4, 24, 0, false, ""AUTO"", {""horizontal"": ""MIN"", ""vertical"": ""MIN""}, null, null]",null,null,Structural inventory; findings and text review identify assessed defects
13:322,13:324,13:323,TEXT,9:41,"[24, 12, 27, 18]",null,"{""fills"": [{""type"": ""VARIABLE_ALIAS"", ""id"": ""VariableID:2:7""}]}",null,Structural inventory; findings and text review identify assessed defects
13:322,13:325,13:323,FRAME,Frame,"[297, 12, 69, 11]","[""HORIZONTAL"", ""HUG"", ""HUG"", ""NO_WRAP"", 0, 0, 0, 0, 6, false, ""AUTO"", {""horizontal"": ""MIN"", ""vertical"": ""MIN""}, null, null]",null,null,Structural inventory; findings and text review identify assessed defects
13:322,13:466,13:325,FRAME,ios-signal,"[0, 0, 17, 11]","[""NONE"", ""FIXED"", ""FIXED"", ""NO_WRAP"", 0, 0, 0, 0, 0, true, ""AUTO"", {""horizontal"": ""MIN"", ""vertical"": ""MIN""}, null, null]",null,null,Structural inventory; findings and text review identify assessed defects
13:322,13:467,13:466,VECTOR,Vector,"[0, 2.4123001098632812, 16.31999969482422, 6.725399971008301]",null,"{""fills"": [{""type"": ""VARIABLE_ALIAS"", ""id"": ""VariableID:2:7""}]}",null,Structural inventory; findings and text review identify assessed defects
13:322,13:469,13:325,FRAME,ios-wifi-signal,"[23, 0, 15, 11]","[""NONE"", ""FIXED"", ""FIXED"", ""NO_WRAP"", 0, 0, 0, 0, 0, true, ""AUTO"", {""horizontal"": ""MIN"", ""vertical"": ""MIN""}, null, null]",null,null,Structural inventory; findings and text review identify assessed defects
13:322,13:470,13:469,VECTOR,Vector,"[0.75, 1.8348000049591064, 12.856278419494629, 6.780544281005859]",null,"{""fills"": [{""type"": ""VARIABLE_ALIAS"", ""id"": ""VariableID:2:7""}]}",null,Structural inventory; findings and text review identify assessed defects
13:322,13:472,13:325,FRAME,ios-battery-full,"[44, 0, 25, 11]","[""NONE"", ""FIXED"", ""FIXED"", ""NO_WRAP"", 0, 0, 0, 0, 0, true, ""AUTO"", {""horizontal"": ""MIN"", ""vertical"": ""MIN""}, null, null]",null,null,Structural inventory; findings and text review identify assessed defects
13:322,13:473,13:472,VECTOR,Vector,"[0, 2.200000047683716, 24.400089263916016, 7.150000095367432]",null,"{""fills"": [{""type"": ""VARIABLE_ALIAS"", ""id"": ""VariableID:2:7""}]}",null,Structural inventory; findings and text review identify assessed defects
13:322,13:474,13:322,COMPONENT,Header / Mobile,"[0, 34, 390, 62]","[""HORIZONTAL"", ""FILL"", ""HUG"", ""NO_WRAP"", 16, 24, 16, 24, 0, false, ""AUTO"", {""horizontal"": ""MIN"", ""vertical"": ""MIN""}, null, null]","{""strokes"": [{""type"": ""VARIABLE_ALIAS"", ""id"": ""VariableID:2:6""}]}",null,Structural inventory; findings and text review identify assessed defects
13:322,13:330,13:474,FRAME,Brand Identity,"[24, 17, 146, 28]","[""HORIZONTAL"", ""HUG"", ""HUG"", ""NO_WRAP"", 0, 0, 0, 0, 10, false, ""AUTO"", {""horizontal"": ""MIN"", ""vertical"": ""MIN""}, null, null]",null,null,Structural inventory; findings and text review identify assessed defects
13:322,13:331,13:330,FRAME,Logo Mark,"[0, 0, 28, 28]","[""HORIZONTAL"", ""FIXED"", ""FIXED"", ""NO_WRAP"", 0, 0, 0, 0, 0, false, ""AUTO"", {""horizontal"": ""MIN"", ""vertical"": ""MIN""}, null, null]",null,null,Structural inventory; findings and text review identify assessed defects
13:322,13:332,13:331,FRAME,cross,"[6, 5, 16, 18]","[""HORIZONTAL"", ""FIXED"", ""FIXED"", ""NO_WRAP"", 0, 0, 0, 0, 0, true, ""AUTO"", {""horizontal"": ""MIN"", ""vertical"": ""MIN""}, null, null]",null,null,Structural inventory; findings and text review identify assessed defects
13:322,13:333,13:332,VECTOR,Vector,"[2, 3, 12, 12]",null,null,null,Structural inventory; findings and text review identify assessed defects
13:322,13:334,13:330,TEXT,Wordmark,"[38, 3, 108, 22]",null,"{""fills"": [{""type"": ""VARIABLE_ALIAS"", ""id"": ""VariableID:2:7""}]}",null,Structural inventory; findings and text review identify assessed defects
13:322,13:335,13:474,FRAME,Menu Control,"[307, 16, 59, 30]","[""HORIZONTAL"", ""HUG"", ""HUG"", ""NO_WRAP"", 6, 12, 6, 12, 0, false, ""AUTO"", {""horizontal"": ""MIN"", ""vertical"": ""MIN""}, null, null]","{""strokes"": [{""type"": ""VARIABLE_ALIAS"", ""id"": ""VariableID:2:6""}]}","[{""action"": {""type"": ""NODE"", ""destinationId"": ""14:873"", ""navigation"": ""NAVIGATE"", ""transition"": null, ""resetVideoPosition"": false}, ""actions"": [{""type"": ""NODE"", ""destinationId"": ""14:873"", ""navigation"": ""NAVIGATE"", ""transition"": null, ""resetVideoPosition"": false}], ""trigger"": {""type"": ""ON_CLICK""}}]",Structural inventory; findings and text review identify assessed defects
13:322,13:336,13:335,TEXT,MENU,"[12, 6, 35, 18]",null,"{""fills"": [{""type"": ""VARIABLE_ALIAS"", ""id"": ""VariableID:2:8""}]}",null,Structural inventory; findings and text review identify assessed defects
13:322,13:337,13:322,FRAME,Accessibility Alert,"[0, 96, 390, 170]","[""VERTICAL"", ""FILL"", ""HUG"", ""NO_WRAP"", 24, 24, 24, 24, 12, false, ""AUTO"", {""horizontal"": ""MIN"", ""vertical"": ""MIN""}, null, null]","{""paddingLeft"": {""type"": ""VARIABLE_ALIAS"", ""id"": ""VariableID:2:13""}, ""paddingTop"": {""type"": ""VARIABLE_ALIAS"", ""id"": ""VariableID:2:13""}, ""paddingRight"": {""type"": ""VARIABLE_ALIAS"", ""id"": ""VariableID:2:13""}, ""paddingBottom"": {""type"": ""VARIABLE_ALIAS"", ""id"": ""VariableID:2:13""}, ""fills"": [{""type"": ""VARIABLE_ALIAS"", ""id"": ""VariableID:2:4""}], ""strokes"": [{""type"": ""VARIABLE_ALIAS"", ""id"": ""VariableID:2:6""}]}",null,Structural inventory; findings and text review identify assessed defects
13:322,13:338,13:337,TEXT,"Design intent: strong contrast, visible keyboard focus, and semantic reading order; validate against WCAG 2.2 AA before release.","[24, 24, 342, 66]",null,"{""fills"": [{""type"": ""VARIABLE_ALIAS"", ""id"": ""VariableID:2:10""}]}",null,Structural inventory; findings and text review identify assessed defects
13:322,13:339,13:337,TEXT,Mobile intent: collapse navigation and stack sections into a clear single-column reading order.,"[24, 102, 342, 44]",null,"{""fills"": [{""type"": ""VARIABLE_ALIAS"", ""id"": ""VariableID:2:8""}]}",null,Structural inventory; findings and text review identify assessed defects
13:322,13:340,13:322,FRAME,Hero Section,"[0, 266, 390, 1000]","[""VERTICAL"", ""FILL"", ""HUG"", ""NO_WRAP"", 48, 24, 48, 24, 32, false, ""AUTO"", {""horizontal"": ""MIN"", ""vertical"": ""MIN""}, null, null]","{""itemSpacing"": {""type"": ""VARIABLE_ALIAS"", ""id"": ""VariableID:2:14""}, ""paddingLeft"": {""type"": ""VARIABLE_ALIAS"", ""id"": ""VariableID:2:13""}, ""paddingTop"": {""type"": ""VARIABLE_ALIAS"", ""id"": ""VariableID:2:15""}, ""paddingRight"": {""type"": ""VARIABLE_ALIAS"", ""id"": ""VariableID:2:13""}, ""paddingBottom"": {""type"": ""VARIABLE_ALIAS"", ""id"": ""VariableID:2:15""}}",null,Structural inventory; findings and text review identify assessed defects
13:322,13:341,13:340,FRAME,Frame,"[24, 48, 342, 384]","[""VERTICAL"", ""FILL"", ""HUG"", ""NO_WRAP"", 0, 0, 0, 0, 16, false, ""AUTO"", {""horizontal"": ""MIN"", ""vertical"": ""MIN""}, null, null]",null,null,Structural inventory; findings and text review identify assessed defects
13:322,13:342,13:341,TEXT,UNDERSTAND OBSERVED AI ANSWERS,"[0, 0, 342, 18]",null,null,null,Structural inventory; findings and text review identify assessed defects
13:322,13:343,13:341,TEXT,Understand how your business appears in AI answers—and what to improve next.,"[0, 34, 342, 160]",null,"{""fills"": [{""type"": ""VARIABLE_ALIAS"", ""id"": ""VariableID:2:7""}]}",null,Structural inventory; findings and text review identify assessed defects
13:322,13:344,13:341,TEXT,"MindLeverX helps a business understand how it appears in AI answers, starting with ChatGPT, and identify evidence-led next actions. Observed answers and ordinary search readiness are separate signals.","[0, 210, 342, 174]",null,"{""fills"": [{""type"": ""VARIABLE_ALIAS"", ""id"": ""VariableID:2:8""}]}",null,Structural inventory; findings and text review identify assessed defects
13:322,13:345,13:340,FRAME,Frame,"[24, 464, 342, 116]","[""VERTICAL"", ""FILL"", ""HUG"", ""NO_WRAP"", 0, 0, 0, 0, 12, false, ""AUTO"", {""horizontal"": ""MIN"", ""vertical"": ""MIN""}, null, null]",null,null,Structural inventory; findings and text review identify assessed defects
13:322,13:346,13:345,INSTANCE,Button / Primary,"[0, 0, 342, 54]","[""VERTICAL"", ""FILL"", ""HUG"", ""NO_WRAP"", 16, 16, 16, 16, 16, false, ""AUTO"", {""horizontal"": ""MIN"", ""vertical"": ""MIN""}, null, null]","{""itemSpacing"": {""type"": ""VARIABLE_ALIAS"", ""id"": ""VariableID:2:12""}, ""paddingLeft"": {""type"": ""VARIABLE_ALIAS"", ""id"": ""VariableID:2:12""}, ""paddingTop"": {""type"": ""VARIABLE_ALIAS"", ""id"": ""VariableID:2:12""}, ""paddingRight"": {""type"": ""VARIABLE_ALIAS"", ""id"": ""VariableID:2:12""}, ""paddingBottom"": {""type"": ""VARIABLE_ALIAS"", ""id"": ""VariableID:2:12""}, ""fills"": [{""type"": ""VARIABLE_ALIAS"", ""id"": ""VariableID:2:9""}]}","[{""action"": {""type"": ""NODE"", ""destinationId"": ""14:266"", ""navigation"": ""NAVIGATE"", ""transition"": null, ""resetVideoPosition"": false}, ""actions"": [{""type"": ""NODE"", ""destinationId"": ""14:266"", ""navigation"": ""NAVIGATE"", ""transition"": null, ""resetVideoPosition"": false}], ""trigger"": {""type"": ""ON_CLICK""}}]",Structural inventory; findings and text review identify assessed defects
13:322,I13:346;3:8,13:346,TEXT,Label,"[16, 16, 310, 22]",null,"{""fills"": [{""type"": ""VARIABLE_ALIAS"", ""id"": ""VariableID:2:3""}]}",null,Structural inventory; findings and text review identify assessed defects
13:322,13:348,13:345,FRAME,Secondary Action Frame,"[0, 66, 342, 50]","[""VERTICAL"", ""FILL"", ""HUG"", ""NO_WRAP"", 16, 16, 16, 16, 0, false, ""AUTO"", {""horizontal"": ""MIN"", ""vertical"": ""MIN""}, null, null]","{""paddingLeft"": {""type"": ""VARIABLE_ALIAS"", ""id"": ""VariableID:2:12""}, ""paddingTop"": {""type"": ""VARIABLE_ALIAS"", ""id"": ""VariableID:2:12""}, ""paddingRight"": {""type"": ""VARIABLE_ALIAS"", ""id"": ""VariableID:2:12""}, ""paddingBottom"": {""type"": ""VARIABLE_ALIAS"", ""id"": ""VariableID:2:12""}, ""strokes"": [{""type"": ""VARIABLE_ALIAS"", ""id"": ""VariableID:2:6""}]}",null,Structural inventory; findings and text review identify assessed defects
13:322,13:349,13:348,TEXT,View illustrative report,"[103, 16, 136, 18]",null,"{""fills"": [{""type"": ""VARIABLE_ALIAS"", ""id"": ""VariableID:2:10""}]}",null,Structural inventory; findings and text review identify assessed defects
13:322,13:350,13:340,FRAME,Hero Card Preview,"[24, 612, 342, 340]","[""VERTICAL"", ""FILL"", ""HUG"", ""NO_WRAP"", 24, 24, 24, 24, 20, false, ""AUTO"", {""horizontal"": ""MIN"", ""vertical"": ""MIN""}, null, null]","{""paddingLeft"": {""type"": ""VARIABLE_ALIAS"", ""id"": ""VariableID:2:13""}, ""paddingTop"": {""type"": ""VARIABLE_ALIAS"", ""id"": ""VariableID:2:13""}, ""paddingRight"": {""type"": ""VARIABLE_ALIAS"", ""id"": ""VariableID:2:13""}, ""paddingBottom"": {""type"": ""VARIABLE_ALIAS"", ""id"": ""VariableID:2:13""}, ""fills"": [{""type"": ""VARIABLE_ALIAS"", ""id"": ""VariableID:2:4""}], ""strokes"": [{""type"": ""VARIABLE_ALIAS"", ""id"": ""VariableID:2:6""}]}",null,Structural inventory; findings and text review identify assessed defects
13:322,13:351,13:350,TEXT,PROPOSED OBSERVATION MATRIX,"[24, 24, 294, 18]",null,"{""fills"": [{""type"": ""VARIABLE_ALIAS"", ""id"": ""VariableID:2:10""}]}",null,Structural inventory; findings and text review identify assessed defects
13:322,13:352,13:350,TEXT,Evidence over scores.,"[24, 62, 294, 31]",null,"{""fills"": [{""type"": ""VARIABLE_ALIAS"", ""id"": ""VariableID:2:7""}]}",null,Structural inventory; findings and text review identify assessed defects
13:322,13:353,13:350,RECTANGLE,Rectangle,"[24, 113, 294, 1]",null,"{""fills"": [{""type"": ""VARIABLE_ALIAS"", ""id"": ""VariableID:2:6""}]}",null,Structural inventory; findings and text review identify assessed defects
13:322,13:354,13:350,FRAME,Frame,"[24, 134, 294, 70]","[""VERTICAL"", ""FILL"", ""HUG"", ""NO_WRAP"", 0, 0, 0, 0, 4, false, ""AUTO"", {""horizontal"": ""MIN"", ""vertical"": ""MIN""}, null, null]",null,null,Structural inventory; findings and text review identify assessed defects
13:322,13:355,13:354,TEXT,01 / Raw Search Readiness,"[0, 0, 294, 22]",null,"{""fills"": [{""type"": ""VARIABLE_ALIAS"", ""id"": ""VariableID:2:7""}]}",null,Structural inventory; findings and text review identify assessed defects
13:322,13:356,13:354,TEXT,"Review crawlability, factual structure, and how clearly the site explains the business.","[0, 26, 294, 44]",null,"{""fills"": [{""type"": ""VARIABLE_ALIAS"", ""id"": ""VariableID:2:8""}]}",null,Structural inventory; findings and text review identify assessed defects
13:322,13:357,13:350,FRAME,Frame,"[24, 224, 294, 92]","[""VERTICAL"", ""FILL"", ""HUG"", ""NO_WRAP"", 0, 0, 0, 0, 4, false, ""AUTO"", {""horizontal"": ""MIN"", ""vertical"": ""MIN""}, null, null]",null,null,Structural inventory; findings and text review identify assessed defects
13:322,13:358,13:357,TEXT,02 / Observed LLM Answers,"[0, 0, 294, 22]",null,"{""fills"": [{""type"": ""VARIABLE_ALIAS"", ""id"": ""VariableID:2:7""}]}",null,Structural inventory; findings and text review identify assessed defects
13:322,13:359,13:357,TEXT,Proposed qualified collection of documented ChatGPT answers for defined buyer questions.,"[0, 26, 294, 66]",null,"{""fills"": [{""type"": ""VARIABLE_ALIAS"", ""id"": ""VariableID:2:8""}]}",null,Structural inventory; findings and text review identify assessed defects
13:322,13:360,13:322,FRAME,How It Works,"[0, 1266, 390, 1197]","[""VERTICAL"", ""FILL"", ""HUG"", ""NO_WRAP"", 48, 24, 48, 24, 32, false, ""AUTO"", {""horizontal"": ""MIN"", ""vertical"": ""MIN""}, null, null]","{""itemSpacing"": {""type"": ""VARIABLE_ALIAS"", ""id"": ""VariableID:2:14""}, ""paddingLeft"": {""type"": ""VARIABLE_ALIAS"", ""id"": ""VariableID:2:13""}, ""paddingTop"": {""type"": ""VARIABLE_ALIAS"", ""id"": ""VariableID:2:15""}, ""paddingRight"": {""type"": ""VARIABLE_ALIAS"", ""id"": ""VariableID:2:13""}, ""paddingBottom"": {""type"": ""VARIABLE_ALIAS"", ""id"": ""VariableID:2:15""}, ""fills"": [{""type"": ""VARIABLE_ALIAS"", ""id"": ""VariableID:2:5""}]}",null,Structural inventory; findings and text review identify assessed defects
13:322,13:361,13:360,FRAME,Frame,"[24, 48, 342, 188]","[""VERTICAL"", ""FILL"", ""HUG"", ""NO_WRAP"", 0, 0, 0, 0, 12, false, ""AUTO"", {""horizontal"": ""MIN"", ""vertical"": ""MIN""}, null, null]",null,null,Structural inventory; findings and text review identify assessed defects
13:322,13:362,13:361,TEXT,PROPOSED AUDIT PIPELINE,"[0, 0, 342, 18]",null,"{""fills"": [{""type"": ""VARIABLE_ALIAS"", ""id"": ""VariableID:2:10""}]}",null,Structural inventory; findings and text review identify assessed defects
13:322,13:363,13:361,TEXT,How the proposed service works,"[0, 30, 342, 80]",null,"{""fills"": [{""type"": ""VARIABLE_ALIAS"", ""id"": ""VariableID:2:7""}]}",null,Structural inventory; findings and text review identify assessed defects
13:322,13:364,13:361,TEXT,"A proposed evidence-led process. Qualified collection, payment, private delivery, and recurring operations are not yet production-ready.","[0, 122, 342, 66]",null,"{""fills"": [{""type"": ""VARIABLE_ALIAS"", ""id"": ""VariableID:2:8""}]}",null,Structural inventory; findings and text review identify assessed defects
13:322,13:365,13:360,FRAME,Frame,"[24, 268, 342, 881]","[""VERTICAL"", ""FILL"", ""HUG"", ""NO_WRAP"", 0, 0, 0, 0, 16, false, ""AUTO"", {""horizontal"": ""MIN"", ""vertical"": ""MIN""}, null, null]",null,null,Structural inventory; findings and text review identify assessed defects
13:322,13:366,13:365,INSTANCE,Card / Audit area,"[0, 0, 342, 294]","[""VERTICAL"", ""FILL"", ""HUG"", ""NO_WRAP"", 32, 32, 32, 32, 16, false, ""AUTO"", {""horizontal"": ""MIN"", ""vertical"": ""MIN""}, null, null]","{""itemSpacing"": {""type"": ""VARIABLE_ALIAS"", ""id"": ""VariableID:2:12""}, ""paddingLeft"": {""type"": ""VARIABLE_ALIAS"", ""id"": ""VariableID:2:14""}, ""paddingTop"": {""type"": ""VARIABLE_ALIAS"", ""id"": ""VariableID:2:14""}, ""paddingRight"": {""type"": ""VARIABLE_ALIAS"", ""id"": ""VariableID:2:14""}, ""paddingBottom"": {""type"": ""VARIABLE_ALIAS"", ""id"": ""VariableID:2:14""}, ""fills"": [{""type"": ""VARIABLE_ALIAS"", ""id"": ""VariableID:2:4""}], ""strokes"": [{""type"": ""VARIABLE_ALIAS"", ""id"": ""VariableID:2:6""}]}",null,Structural inventory; findings and text review identify assessed defects
13:322,I13:366;3:10,13:366,TEXT,Index,"[33, 33, 276, 18]",null,"{""fills"": [{""type"": ""VARIABLE_ALIAS"", ""id"": ""VariableID:2:10""}]}",null,Structural inventory; findings and text review identify assessed defects
13:322,I13:366;3:11,13:366,TEXT,Title,"[33, 67, 276, 62]",null,"{""fills"": [{""type"": ""VARIABLE_ALIAS"", ""id"": ""VariableID:2:7""}]}",null,Structural inventory; findings and text review identify assessed defects
13:322,I13:366;3:12,13:366,TEXT,Body,"[33, 145, 276, 116]",null,"{""fills"": [{""type"": ""VARIABLE_ALIAS"", ""id"": ""VariableID:2:8""}]}",null,Structural inventory; findings and text review identify assessed defects
13:322,13:370,13:365,INSTANCE,Card / Audit area,"[0, 310, 342, 292]","[""VERTICAL"", ""FILL"", ""HUG"", ""NO_WRAP"", 32, 32, 32, 32, 16, false, ""AUTO"", {""horizontal"": ""MIN"", ""vertical"": ""MIN""}, null, null]","{""itemSpacing"": {""type"": ""VARIABLE_ALIAS"", ""id"": ""VariableID:2:12""}, ""paddingLeft"": {""type"": ""VARIABLE_ALIAS"", ""id"": ""VariableID:2:14""}, ""paddingTop"": {""type"": ""VARIABLE_ALIAS"", ""id"": ""VariableID:2:14""}, ""paddingRight"": {""type"": ""VARIABLE_ALIAS"", ""id"": ""VariableID:2:14""}, ""paddingBottom"": {""type"": ""VARIABLE_ALIAS"", ""id"": ""VariableID:2:14""}, ""fills"": [{""type"": ""VARIABLE_ALIAS"", ""id"": ""VariableID:2:4""}], ""strokes"": [{""type"": ""VARIABLE_ALIAS"", ""id"": ""VariableID:2:6""}]}",null,Structural inventory; findings and text review identify assessed defects
13:322,I13:370;3:10,13:370,TEXT,Index,"[33, 33, 276, 18]",null,"{""fills"": [{""type"": ""VARIABLE_ALIAS"", ""id"": ""VariableID:2:10""}]}",null,Structural inventory; findings and text review identify assessed defects
13:322,I13:370;3:11,13:370,TEXT,Title,"[33, 67, 276, 31]",null,"{""fills"": [{""type"": ""VARIABLE_ALIAS"", ""id"": ""VariableID:2:7""}]}",null,Structural inventory; findings and text review identify assessed defects
13:322,I13:370;3:12,13:370,TEXT,Body,"[33, 114, 276, 145]",null,"{""fills"": [{""type"": ""VARIABLE_ALIAS"", ""id"": ""VariableID:2:8""}]}",null,Structural inventory; findings and text review identify assessed defects
13:322,13:374,13:365,INSTANCE,Card / Audit area,"[0, 618, 342, 263]","[""VERTICAL"", ""FILL"", ""HUG"", ""NO_WRAP"", 32, 32, 32, 32, 16, false, ""AUTO"", {""horizontal"": ""MIN"", ""vertical"": ""MIN""}, null, null]","{""itemSpacing"": {""type"": ""VARIABLE_ALIAS"", ""id"": ""VariableID:2:12""}, ""paddingLeft"": {""type"": ""VARIABLE_ALIAS"", ""id"": ""VariableID:2:14""}, ""paddingTop"": {""type"": ""VARIABLE_ALIAS"", ""id"": ""VariableID:2:14""}, ""paddingRight"": {""type"": ""VARIABLE_ALIAS"", ""id"": ""VariableID:2:14""}, ""paddingBottom"": {""type"": ""VARIABLE_ALIAS"", ""id"": ""VariableID:2:14""}, ""fills"": [{""type"": ""VARIABLE_ALIAS"", ""id"": ""VariableID:2:4""}], ""strokes"": [{""type"": ""VARIABLE_ALIAS"", ""id"": ""VariableID:2:6""}]}",null,Structural inventory; findings and text review identify assessed defects
13:322,I13:374;3:10,13:374,TEXT,Index,"[33, 33, 276, 18]",null,"{""fills"": [{""type"": ""VARIABLE_ALIAS"", ""id"": ""VariableID:2:10""}]}",null,Structural inventory; findings and text review identify assessed defects
13:322,I13:374;3:11,13:374,TEXT,Title,"[33, 67, 276, 31]",null,"{""fills"": [{""type"": ""VARIABLE_ALIAS"", ""id"": ""VariableID:2:7""}]}",null,Structural inventory; findings and text review identify assessed defects
13:322,I13:374;3:12,13:374,TEXT,Body,"[33, 114, 276, 116]",null,"{""fills"": [{""type"": ""VARIABLE_ALIAS"", ""id"": ""VariableID:2:8""}]}",null,Structural inventory; findings and text review identify assessed defects
13:322,13:378,13:322,FRAME,Client Deliverables,"[0, 2463, 390, 978]","[""VERTICAL"", ""FILL"", ""HUG"", ""NO_WRAP"", 48, 24, 48, 24, 32, false, ""AUTO"", {""horizontal"": ""MIN"", ""vertical"": ""MIN""}, null, null]","{""itemSpacing"": {""type"": ""VARIABLE_ALIAS"", ""id"": ""VariableID:2:14""}, ""paddingLeft"": {""type"": ""VARIABLE_ALIAS"", ""id"": ""VariableID:2:13""}, ""paddingTop"": {""type"": ""VARIABLE_ALIAS"", ""id"": ""VariableID:2:15""}, ""paddingRight"": {""type"": ""VARIABLE_ALIAS"", ""id"": ""VariableID:2:13""}, ""paddingBottom"": {""type"": ""VARIABLE_ALIAS"", ""id"": ""VariableID:2:15""}}",null,Structural inventory; findings and text review identify assessed defects
13:322,13:379,13:378,FRAME,Frame,"[24, 48, 342, 196]","[""VERTICAL"", ""FILL"", ""HUG"", ""NO_WRAP"", 0, 0, 0, 0, 16, false, ""AUTO"", {""horizontal"": ""MIN"", ""vertical"": ""MIN""}, null, null]",null,null,Structural inventory; findings and text review identify assessed defects
13:322,13:380,13:379,TEXT,FUTURE-FACING BLUEPRINTS,"[0, 0, 342, 18]",null,"{""fills"": [{""type"": ""VARIABLE_ALIAS"", ""id"": ""VariableID:2:10""}]}",null,Structural inventory; findings and text review identify assessed defects
13:322,13:381,13:379,TEXT,What a client could receive,"[0, 34, 342, 80]",null,"{""fills"": [{""type"": ""VARIABLE_ALIAS"", ""id"": ""VariableID:2:7""}]}",null,Structural inventory; findings and text review identify assessed defects
13:322,13:382,13:379,TEXT,"These are proposed deliverables for review; exact scope, timing, collection, payment, and delivery remain unresolved.","[0, 130, 342, 66]",null,"{""fills"": [{""type"": ""VARIABLE_ALIAS"", ""id"": ""VariableID:2:8""}]}",null,Structural inventory; findings and text review identify assessed defects
13:322,13:383,13:378,FRAME,Frame,"[24, 276, 342, 366]","[""VERTICAL"", ""FILL"", ""HUG"", ""NO_WRAP"", 0, 0, 0, 0, 24, false, ""AUTO"", {""horizontal"": ""MIN"", ""vertical"": ""MIN""}, null, null]",null,null,Structural inventory; findings and text review identify assessed defects
13:322,13:384,13:383,FRAME,Frame,"[0, 0, 342, 81]","[""VERTICAL"", ""FILL"", ""HUG"", ""NO_WRAP"", 0, 0, 0, 0, 6, false, ""AUTO"", {""horizontal"": ""MIN"", ""vertical"": ""MIN""}, null, null]",null,null,Structural inventory; findings and text review identify assessed defects
13:322,13:385,13:384,TEXT,• Readiness Findings,"[0, 0, 342, 31]",null,"{""fills"": [{""type"": ""VARIABLE_ALIAS"", ""id"": ""VariableID:2:7""}]}",null,Structural inventory; findings and text review identify assessed defects
13:322,13:386,13:384,TEXT,"A proposed review of crawlability, factual structure, and how clearly the site explains the business.","[0, 37, 342, 44]",null,"{""fills"": [{""type"": ""VARIABLE_ALIAS"", ""id"": ""VariableID:2:8""}]}",null,Structural inventory; findings and text review identify assessed defects
13:322,13:387,13:383,FRAME,Frame,"[0, 105, 342, 103]","[""VERTICAL"", ""FILL"", ""HUG"", ""NO_WRAP"", 0, 0, 0, 0, 6, false, ""AUTO"", {""horizontal"": ""MIN"", ""vertical"": ""MIN""}, null, null]",null,null,Structural inventory; findings and text review identify assessed defects
13:322,13:388,13:387,TEXT,• Observed-Answer Evidence,"[0, 0, 342, 31]",null,"{""fills"": [{""type"": ""VARIABLE_ALIAS"", ""id"": ""VariableID:2:7""}]}",null,Structural inventory; findings and text review identify assessed defects
13:322,13:389,13:387,TEXT,"Proposed snapshots of ChatGPT answers for agreed buyer questions, with prompts, dates, sources, and context.","[0, 37, 342, 66]",null,"{""fills"": [{""type"": ""VARIABLE_ALIAS"", ""id"": ""VariableID:2:8""}]}",null,Structural inventory; findings and text review identify assessed defects
13:322,13:390,13:383,FRAME,Frame,"[0, 232, 342, 134]","[""VERTICAL"", ""FILL"", ""HUG"", ""NO_WRAP"", 0, 0, 0, 0, 6, false, ""AUTO"", {""horizontal"": ""MIN"", ""vertical"": ""MIN""}, null, null]",null,null,Structural inventory; findings and text review identify assessed defects
13:322,13:391,13:390,TEXT,• Prioritized Recommendations,"[0, 0, 342, 62]",null,"{""fills"": [{""type"": ""VARIABLE_ALIAS"", ""id"": ""VariableID:2:7""}]}",null,Structural inventory; findings and text review identify assessed defects
13:322,13:392,13:390,TEXT,"A proposed priority list addressing clarity, evidence gaps, content structure, and search-readiness findings.","[0, 68, 342, 66]",null,"{""fills"": [{""type"": ""VARIABLE_ALIAS"", ""id"": ""VariableID:2:8""}]}",null,Structural inventory; findings and text review identify assessed defects
13:322,13:393,13:378,FRAME,Frame,"[24, 674, 342, 256]","[""VERTICAL"", ""FILL"", ""HUG"", ""NO_WRAP"", 24, 24, 24, 24, 16, false, ""AUTO"", {""horizontal"": ""MIN"", ""vertical"": ""MIN""}, null, null]","{""paddingLeft"": {""type"": ""VARIABLE_ALIAS"", ""id"": ""VariableID:2:13""}, ""paddingTop"": {""type"": ""VARIABLE_ALIAS"", ""id"": ""VariableID:2:13""}, ""paddingRight"": {""type"": ""VARIABLE_ALIAS"", ""id"": ""VariableID:2:13""}, ""paddingBottom"": {""type"": ""VARIABLE_ALIAS"", ""id"": ""VariableID:2:13""}, ""fills"": [{""type"": ""VARIABLE_ALIAS"", ""id"": ""VariableID:2:4""}], ""strokes"": [{""type"": ""VARIABLE_ALIAS"", ""id"": ""VariableID:2:6""}]}",null,Structural inventory; findings and text review identify assessed defects
13:322,13:394,13:393,TEXT,DELIVERABLE SPECIMEN,"[24, 24, 294, 18]",null,"{""fills"": [{""type"": ""VARIABLE_ALIAS"", ""id"": ""VariableID:2:10""}]}",null,Structural inventory; findings and text review identify assessed defects
13:322,13:395,13:393,TEXT,Proposed Report Anatomy,"[24, 58, 294, 31]",null,"{""fills"": [{""type"": ""VARIABLE_ALIAS"", ""id"": ""VariableID:2:7""}]}",null,Structural inventory; findings and text review identify assessed defects
13:322,13:396,13:393,RECTANGLE,Rectangle,"[24, 105, 294, 1]",null,"{""fills"": [{""type"": ""VARIABLE_ALIAS"", ""id"": ""VariableID:2:6""}]}",null,Structural inventory; findings and text review identify assessed defects
13:322,13:397,13:393,TEXT,"- Prompt wording, date, and relevant context - Source and reference links captured with context - Proposed next actions, clearly separated from findings","[24, 122, 294, 110]",null,"{""fills"": [{""type"": ""VARIABLE_ALIAS"", ""id"": ""VariableID:2:8""}]}",null,Structural inventory; findings and text review identify assessed defects
13:322,13:398,13:322,FRAME,Why Evidence Matters,"[0, 3441, 390, 597]","[""VERTICAL"", ""FILL"", ""HUG"", ""NO_WRAP"", 48, 24, 48, 24, 24, false, ""AUTO"", {""horizontal"": ""MIN"", ""vertical"": ""MIN""}, null, null]","{""paddingLeft"": {""type"": ""VARIABLE_ALIAS"", ""id"": ""VariableID:2:13""}, ""paddingTop"": {""type"": ""VARIABLE_ALIAS"", ""id"": ""VariableID:2:15""}, ""paddingRight"": {""type"": ""VARIABLE_ALIAS"", ""id"": ""VariableID:2:13""}, ""paddingBottom"": {""type"": ""VARIABLE_ALIAS"", ""id"": ""VariableID:2:15""}, ""fills"": [{""type"": ""VARIABLE_ALIAS"", ""id"": ""VariableID:2:5""}]}",null,Structural inventory; findings and text review identify assessed defects
13:322,13:399,13:398,TEXT,PROVABLE TRUTH VS. METRIC HYPE,"[24, 48, 342, 18]",null,"{""fills"": [{""type"": ""VARIABLE_ALIAS"", ""id"": ""VariableID:2:10""}]}",null,Structural inventory; findings and text review identify assessed defects
13:322,13:400,13:398,TEXT,"Prompts, screenshots, and context are more useful than unprovable scores.","[24, 90, 342, 200]",null,"{""fills"": [{""type"": ""VARIABLE_ALIAS"", ""id"": ""VariableID:2:7""}]}",null,Structural inventory; findings and text review identify assessed defects
13:322,13:401,13:398,TEXT,Observed LLM answers and general website search readiness answer entirely different questions. A high site speed score does not guarantee ChatGPT knows your product lines.,"[24, 314, 342, 145]",null,"{""fills"": [{""type"": ""VARIABLE_ALIAS"", ""id"": ""VariableID:2:7""}]}",null,Structural inventory; findings and text review identify assessed defects
13:322,13:402,13:398,TEXT,"The proposed evidence record preserves prompt wording, answer captures, dates, sources, and context so each observation can be reviewed.","[24, 483, 342, 66]",null,"{""fills"": [{""type"": ""VARIABLE_ALIAS"", ""id"": ""VariableID:2:8""}]}",null,Structural inventory; findings and text review identify assessed defects
13:322,13:403,13:322,FRAME,Illustrative Example Report,"[0, 4038, 390, 1088]","[""VERTICAL"", ""FILL"", ""HUG"", ""NO_WRAP"", 48, 24, 48, 24, 24, false, ""AUTO"", {""horizontal"": ""MIN"", ""vertical"": ""MIN""}, null, null]","{""paddingLeft"": {""type"": ""VARIABLE_ALIAS"", ""id"": ""VariableID:2:13""}, ""paddingTop"": {""type"": ""VARIABLE_ALIAS"", ""id"": ""VariableID:2:15""}, ""paddingRight"": {""type"": ""VARIABLE_ALIAS"", ""id"": ""VariableID:2:13""}, ""paddingBottom"": {""type"": ""VARIABLE_ALIAS"", ""id"": ""VariableID:2:15""}}",null,Structural inventory; findings and text review identify assessed defects
13:322,13:404,13:403,FRAME,Frame,"[24, 48, 342, 144]","[""VERTICAL"", ""FILL"", ""HUG"", ""NO_WRAP"", 0, 0, 0, 0, 8, false, ""AUTO"", {""horizontal"": ""MIN"", ""vertical"": ""MIN""}, null, null]",null,null,Structural inventory; findings and text review identify assessed defects
13:322,13:405,13:404,TEXT,ILLUSTRATIVE REPORT STRUCTURE,"[0, 0, 342, 18]",null,"{""fills"": [{""type"": ""VARIABLE_ALIAS"", ""id"": ""VariableID:2:10""}]}",null,Structural inventory; findings and text review identify assessed defects
13:322,13:406,13:404,TEXT,Illustrative Report Brief,"[0, 26, 342, 80]",null,"{""fills"": [{""type"": ""VARIABLE_ALIAS"", ""id"": ""VariableID:2:7""}]}",null,Structural inventory; findings and text review identify assessed defects
13:322,13:407,13:404,FRAME,Frame,"[0, 114, 197, 30]","[""HORIZONTAL"", ""HUG"", ""HUG"", ""NO_WRAP"", 6, 12, 6, 12, 0, false, ""AUTO"", {""horizontal"": ""MIN"", ""vertical"": ""MIN""}, null, null]",null,null,Structural inventory; findings and text review identify assessed defects
13:322,13:408,13:407,TEXT,ILLUSTRATIVE EXAMPLE ONLY,"[12, 6, 173, 18]",null,null,null,Structural inventory; findings and text review identify assessed defects
13:322,13:409,13:403,FRAME,Frame,"[24, 216, 342, 824]","[""VERTICAL"", ""FILL"", ""HUG"", ""NO_WRAP"", 24, 24, 24, 24, 20, false, ""AUTO"", {""horizontal"": ""MIN"", ""vertical"": ""MIN""}, null, null]","{""paddingLeft"": {""type"": ""VARIABLE_ALIAS"", ""id"": ""VariableID:2:13""}, ""paddingTop"": {""type"": ""VARIABLE_ALIAS"", ""id"": ""VariableID:2:13""}, ""paddingRight"": {""type"": ""VARIABLE_ALIAS"", ""id"": ""VariableID:2:13""}, ""paddingBottom"": {""type"": ""VARIABLE_ALIAS"", ""id"": ""VariableID:2:13""}, ""fills"": [{""type"": ""VARIABLE_ALIAS"", ""id"": ""VariableID:2:4""}], ""strokes"": [{""type"": ""VARIABLE_ALIAS"", ""id"": ""VariableID:2:6""}]}",null,Structural inventory; findings and text review identify assessed defects
13:322,13:410,13:409,FRAME,Frame,"[24, 24, 294, 152]","[""VERTICAL"", ""FILL"", ""HUG"", ""NO_WRAP"", 0, 0, 0, 0, 8, false, ""AUTO"", {""horizontal"": ""MIN"", ""vertical"": ""MIN""}, null, null]",null,null,Structural inventory; findings and text review identify assessed defects
13:322,13:411,13:410,TEXT,Illustrative profile: example business,"[0, 0, 294, 62]",null,"{""fills"": [{""type"": ""VARIABLE_ALIAS"", ""id"": ""VariableID:2:7""}]}",null,Structural inventory; findings and text review identify assessed defects
13:322,13:412,13:410,TEXT,Illustrative scope: defined buyer questions — not yet collected,"[0, 70, 294, 44]",null,"{""fills"": [{""type"": ""VARIABLE_ALIAS"", ""id"": ""VariableID:2:8""}]}",null,Structural inventory; findings and text review identify assessed defects
13:322,13:413,13:410,FRAME,Frame,"[0, 122, 162, 30]","[""HORIZONTAL"", ""HUG"", ""HUG"", ""NO_WRAP"", 4, 12, 4, 12, 0, false, ""AUTO"", {""horizontal"": ""MIN"", ""vertical"": ""MIN""}, null, null]","{""fills"": [{""type"": ""VARIABLE_ALIAS"", ""id"": ""VariableID:2:6""}]}",null,Structural inventory; findings and text review identify assessed defects
13:322,13:414,13:413,TEXT,NOT YET COLLECTED,"[12, 4, 138, 22]",null,"{""fills"": [{""type"": ""VARIABLE_ALIAS"", ""id"": ""VariableID:2:10""}]}",null,Structural inventory; findings and text review identify assessed defects
13:322,13:415,13:409,RECTANGLE,Rectangle,"[24, 196, 294, 1]",null,"{""fills"": [{""type"": ""VARIABLE_ALIAS"", ""id"": ""VariableID:2:6""}]}",null,Structural inventory; findings and text review identify assessed defects
13:322,13:416,13:409,FRAME,Frame,"[24, 217, 294, 384]","[""VERTICAL"", ""FILL"", ""HUG"", ""NO_WRAP"", 0, 0, 0, 0, 12, false, ""AUTO"", {""horizontal"": ""MIN"", ""vertical"": ""MIN""}, null, null]",null,null,Structural inventory; findings and text review identify assessed defects
13:322,13:417,13:416,FRAME,Frame,"[0, 0, 294, 120]","[""VERTICAL"", ""FILL"", ""HUG"", ""NO_WRAP"", 16, 16, 16, 16, 4, false, ""AUTO"", {""horizontal"": ""MIN"", ""vertical"": ""MIN""}, null, null]","{""fills"": [{""type"": ""VARIABLE_ALIAS"", ""id"": ""VariableID:2:3""}], ""strokes"": [{""type"": ""VARIABLE_ALIAS"", ""id"": ""VariableID:2:6""}]}",null,Structural inventory; findings and text review identify assessed defects
13:322,13:418,13:417,TEXT,CITATION PRESENCE,"[16, 16, 119, 18]",null,"{""fills"": [{""type"": ""VARIABLE_ALIAS"", ""id"": ""VariableID:2:8""}]}",null,Structural inventory; findings and text review identify assessed defects
13:322,13:419,13:417,TEXT,Illustrative,"[16, 38, 169, 40]",null,"{""fills"": [{""type"": ""VARIABLE_ALIAS"", ""id"": ""VariableID:2:10""}]}",null,Structural inventory; findings and text review identify assessed defects
13:322,13:420,13:417,TEXT,No qualified collection completed,"[16, 82, 219, 22]",null,"{""fills"": [{""type"": ""VARIABLE_ALIAS"", ""id"": ""VariableID:2:8""}]}",null,Structural inventory; findings and text review identify assessed defects
13:322,13:421,13:416,FRAME,Frame,"[0, 132, 294, 120]","[""VERTICAL"", ""FILL"", ""HUG"", ""NO_WRAP"", 16, 16, 16, 16, 4, false, ""AUTO"", {""horizontal"": ""MIN"", ""vertical"": ""MIN""}, null, null]","{""fills"": [{""type"": ""VARIABLE_ALIAS"", ""id"": ""VariableID:2:3""}], ""strokes"": [{""type"": ""VARIABLE_ALIAS"", ""id"": ""VariableID:2:6""}]}",null,Structural inventory; findings and text review identify assessed defects
13:322,13:422,13:421,TEXT,CHATGPT ACCURACY,"[16, 16, 125, 18]",null,"{""fills"": [{""type"": ""VARIABLE_ALIAS"", ""id"": ""VariableID:2:8""}]}",null,Structural inventory; findings and text review identify assessed defects
13:322,13:423,13:421,TEXT,Unmeasured,"[16, 38, 198, 40]",null,"{""fills"": [{""type"": ""VARIABLE_ALIAS"", ""id"": ""VariableID:2:10""}]}",null,Structural inventory; findings and text review identify assessed defects
13:322,13:424,13:421,TEXT,No automated state implied,"[16, 82, 181, 22]",null,"{""fills"": [{""type"": ""VARIABLE_ALIAS"", ""id"": ""VariableID:2:8""}]}",null,Structural inventory; findings and text review identify assessed defects
13:322,13:425,13:416,FRAME,Frame,"[0, 264, 294, 120]","[""VERTICAL"", ""FILL"", ""HUG"", ""NO_WRAP"", 16, 16, 16, 16, 4, false, ""AUTO"", {""horizontal"": ""MIN"", ""vertical"": ""MIN""}, null, null]","{""fills"": [{""type"": ""VARIABLE_ALIAS"", ""id"": ""VariableID:2:3""}], ""strokes"": [{""type"": ""VARIABLE_ALIAS"", ""id"": ""VariableID:2:6""}]}",null,Structural inventory; findings and text review identify assessed defects
13:322,13:426,13:425,TEXT,SOURCE REFERENCES,"[16, 16, 127, 18]",null,"{""fills"": [{""type"": ""VARIABLE_ALIAS"", ""id"": ""VariableID:2:8""}]}",null,Structural inventory; findings and text review identify assessed defects
13:322,13:427,13:425,TEXT,Not Collected,"[16, 38, 214, 40]",null,"{""fills"": [{""type"": ""VARIABLE_ALIAS"", ""id"": ""VariableID:2:10""}]}",null,Structural inventory; findings and text review identify assessed defects
13:322,13:428,13:425,TEXT,No source collection completed,"[16, 82, 208, 22]",null,"{""fills"": [{""type"": ""VARIABLE_ALIAS"", ""id"": ""VariableID:2:8""}]}",null,Structural inventory; findings and text review identify assessed defects
13:322,13:429,13:409,RECTANGLE,Rectangle,"[24, 621, 294, 1]",null,"{""fills"": [{""type"": ""VARIABLE_ALIAS"", ""id"": ""VariableID:2:6""}]}",null,Structural inventory; findings and text review identify assessed defects
13:322,13:430,13:409,FRAME,Frame,"[24, 642, 294, 158]","[""VERTICAL"", ""FILL"", ""HUG"", ""NO_WRAP"", 0, 0, 0, 0, 16, false, ""AUTO"", {""horizontal"": ""MIN"", ""vertical"": ""MIN""}, null, null]",null,null,Structural inventory; findings and text review identify assessed defects
13:322,13:431,13:430,INSTANCE,Button / Primary,"[0, 0, 294, 54]","[""VERTICAL"", ""FILL"", ""HUG"", ""NO_WRAP"", 16, 16, 16, 16, 16, false, ""AUTO"", {""horizontal"": ""MIN"", ""vertical"": ""MIN""}, null, null]","{""itemSpacing"": {""type"": ""VARIABLE_ALIAS"", ""id"": ""VariableID:2:12""}, ""paddingLeft"": {""type"": ""VARIABLE_ALIAS"", ""id"": ""VariableID:2:12""}, ""paddingTop"": {""type"": ""VARIABLE_ALIAS"", ""id"": ""VariableID:2:12""}, ""paddingRight"": {""type"": ""VARIABLE_ALIAS"", ""id"": ""VariableID:2:12""}, ""paddingBottom"": {""type"": ""VARIABLE_ALIAS"", ""id"": ""VariableID:2:12""}, ""fills"": [{""type"": ""VARIABLE_ALIAS"", ""id"": ""VariableID:2:9""}]}","[{""action"": {""type"": ""NODE"", ""destinationId"": ""14:489"", ""navigation"": ""NAVIGATE"", ""transition"": null, ""resetVideoPosition"": false}, ""actions"": [{""type"": ""NODE"", ""destinationId"": ""14:489"", ""navigation"": ""NAVIGATE"", ""transition"": null, ""resetVideoPosition"": false}], ""trigger"": {""type"": ""ON_CLICK""}}]",Structural inventory; findings and text review identify assessed defects
13:322,I13:431;3:8,13:431,TEXT,Label,"[16, 16, 262, 22]",null,"{""fills"": [{""type"": ""VARIABLE_ALIAS"", ""id"": ""VariableID:2:3""}]}",null,Structural inventory; findings and text review identify assessed defects
13:322,13:433,13:430,TEXT,"All states above are illustrative or unmeasured. The report product is local only; qualified collection, payment, and private delivery are unfinished.","[0, 70, 294, 88]",null,"{""fills"": [{""type"": ""VARIABLE_ALIAS"", ""id"": ""VariableID:2:8""}]}",null,Structural inventory; findings and text review identify assessed defects
13:322,13:434,13:322,FRAME,What is GEO,"[0, 5126, 390, 509]","[""VERTICAL"", ""FILL"", ""HUG"", ""NO_WRAP"", 48, 24, 48, 24, 20, false, ""AUTO"", {""horizontal"": ""MIN"", ""vertical"": ""MIN""}, null, null]","{""paddingLeft"": {""type"": ""VARIABLE_ALIAS"", ""id"": ""VariableID:2:13""}, ""paddingTop"": {""type"": ""VARIABLE_ALIAS"", ""id"": ""VariableID:2:15""}, ""paddingRight"": {""type"": ""VARIABLE_ALIAS"", ""id"": ""VariableID:2:13""}, ""paddingBottom"": {""type"": ""VARIABLE_ALIAS"", ""id"": ""VariableID:2:15""}, ""fills"": [{""type"": ""VARIABLE_ALIAS"", ""id"": ""VariableID:2:4""}]}",null,Structural inventory; findings and text review identify assessed defects
13:322,13:435,13:434,TEXT,PLAIN-LANGUAGE BASICS,"[24, 48, 342, 18]",null,"{""fills"": [{""type"": ""VARIABLE_ALIAS"", ""id"": ""VariableID:2:10""}]}",null,Structural inventory; findings and text review identify assessed defects
13:322,13:436,13:434,TEXT,What is Generative Engine Optimization?,"[24, 86, 342, 80]",null,"{""fills"": [{""type"": ""VARIABLE_ALIAS"", ""id"": ""VariableID:2:7""}]}",null,Structural inventory; findings and text review identify assessed defects
13:322,13:437,13:434,TEXT,"GEO refers to the structured work of making your brand’s original insights, technical data, and platform offerings readable and indexable for large language models.","[24, 186, 342, 145]",null,"{""fills"": [{""type"": ""VARIABLE_ALIAS"", ""id"": ""VariableID:2:7""}]}",null,Structural inventory; findings and text review identify assessed defects
13:322,13:438,13:434,TEXT,"Google’s current guidance for generative Search favors helpful original content and clear structure. It does not establish special GEO hacks for every AI system. MindLeverX does not guarantee rankings, citations, leads, revenue, or visibility lift.","[24, 351, 342, 110]",null,"{""fills"": [{""type"": ""VARIABLE_ALIAS"", ""id"": ""VariableID:2:8""}]}",null,Structural inventory; findings and text review identify assessed defects
13:322,13:439,13:322,FRAME,About,"[0, 5635, 390, 527]","[""VERTICAL"", ""FILL"", ""HUG"", ""NO_WRAP"", 48, 24, 48, 24, 20, false, ""AUTO"", {""horizontal"": ""MIN"", ""vertical"": ""MIN""}, null, null]","{""paddingLeft"": {""type"": ""VARIABLE_ALIAS"", ""id"": ""VariableID:2:13""}, ""paddingTop"": {""type"": ""VARIABLE_ALIAS"", ""id"": ""VariableID:2:15""}, ""paddingRight"": {""type"": ""VARIABLE_ALIAS"", ""id"": ""VariableID:2:13""}, ""paddingBottom"": {""type"": ""VARIABLE_ALIAS"", ""id"": ""VariableID:2:15""}}",null,Structural inventory; findings and text review identify assessed defects
13:322,13:440,13:439,TEXT,OUR CORE PERSPECTIVE,"[24, 48, 342, 18]",null,"{""fills"": [{""type"": ""VARIABLE_ALIAS"", ""id"": ""VariableID:2:10""}]}",null,Structural inventory; findings and text review identify assessed defects
13:322,13:441,13:439,TEXT,Clear evidence before confident recommendations.,"[24, 86, 342, 120]",null,"{""fills"": [{""type"": ""VARIABLE_ALIAS"", ""id"": ""VariableID:2:7""}]}",null,Structural inventory; findings and text review identify assessed defects
13:322,13:442,13:439,TEXT,"MindLeverX is a developing concept built around practical clarity over hype: observe answers carefully, preserve context, and separate evidence from recommendations.","[24, 226, 342, 145]",null,"{""fills"": [{""type"": ""VARIABLE_ALIAS"", ""id"": ""VariableID:2:7""}]}",null,Structural inventory; findings and text review identify assessed defects
13:322,13:443,13:439,TEXT,"We publish no invented client testimonials, fake partner logos, or automated result claims. We are committed to showing the actual limits and boundaries of modern AI search platforms.","[24, 391, 342, 88]",null,"{""fills"": [{""type"": ""VARIABLE_ALIAS"", ""id"": ""VariableID:2:8""}]}",null,Structural inventory; findings and text review identify assessed defects
13:322,13:444,13:322,FRAME,Availability Section,"[0, 6162, 390, 476]","[""VERTICAL"", ""FILL"", ""HUG"", ""NO_WRAP"", 48, 24, 48, 24, 24, false, ""AUTO"", {""horizontal"": ""MIN"", ""vertical"": ""MIN""}, null, null]","{""paddingLeft"": {""type"": ""VARIABLE_ALIAS"", ""id"": ""VariableID:2:13""}, ""paddingTop"": {""type"": ""VARIABLE_ALIAS"", ""id"": ""VariableID:2:15""}, ""paddingRight"": {""type"": ""VARIABLE_ALIAS"", ""id"": ""VariableID:2:13""}, ""paddingBottom"": {""type"": ""VARIABLE_ALIAS"", ""id"": ""VariableID:2:15""}, ""fills"": [{""type"": ""VARIABLE_ALIAS"", ""id"": ""VariableID:2:5""}]}",null,Structural inventory; findings and text review identify assessed defects
13:322,13:445,13:444,TEXT,SERVICE STATUS UPDATE,"[24, 48, 342, 18]",null,"{""fills"": [{""type"": ""VARIABLE_ALIAS"", ""id"": ""VariableID:2:10""}]}",null,Structural inventory; findings and text review identify assessed defects
13:322,13:446,13:444,TEXT,New audit requests and subscriptions are not currently open.,"[24, 90, 342, 120]",null,"{""fills"": [{""type"": ""VARIABLE_ALIAS"", ""id"": ""VariableID:2:7""}]}",null,Structural inventory; findings and text review identify assessed defects
13:322,13:447,13:444,TEXT,"The product and operating process are still being developed. No booking flow, public waitlist, email list, checkout, or public contact address is configured.","[24, 234, 342, 116]",null,"{""fills"": [{""type"": ""VARIABLE_ALIAS"", ""id"": ""VariableID:2:8""}]}",null,Structural inventory; findings and text review identify assessed defects
13:322,13:448,13:444,INSTANCE,Button / Primary,"[24, 374, 342, 54]","[""VERTICAL"", ""FILL"", ""HUG"", ""NO_WRAP"", 16, 16, 16, 16, 16, false, ""AUTO"", {""horizontal"": ""MIN"", ""vertical"": ""MIN""}, null, null]","{""itemSpacing"": {""type"": ""VARIABLE_ALIAS"", ""id"": ""VariableID:2:12""}, ""paddingLeft"": {""type"": ""VARIABLE_ALIAS"", ""id"": ""VariableID:2:12""}, ""paddingTop"": {""type"": ""VARIABLE_ALIAS"", ""id"": ""VariableID:2:12""}, ""paddingRight"": {""type"": ""VARIABLE_ALIAS"", ""id"": ""VariableID:2:12""}, ""paddingBottom"": {""type"": ""VARIABLE_ALIAS"", ""id"": ""VariableID:2:12""}, ""fills"": [{""type"": ""VARIABLE_ALIAS"", ""id"": ""VariableID:2:9""}]}","[{""action"": {""type"": ""NODE"", ""destinationId"": ""14:266"", ""navigation"": ""NAVIGATE"", ""transition"": null, ""resetVideoPosition"": false}, ""actions"": [{""type"": ""NODE"", ""destinationId"": ""14:266"", ""navigation"": ""NAVIGATE"", ""transition"": null, ""resetVideoPosition"": false}], ""trigger"": {""type"": ""ON_CLICK""}}]",Structural inventory; findings and text review identify assessed defects
13:322,I13:448;3:8,13:448,TEXT,Label,"[16, 16, 310, 22]",null,"{""fills"": [{""type"": ""VARIABLE_ALIAS"", ""id"": ""VariableID:2:3""}]}",null,Structural inventory; findings and text review identify assessed defects
13:322,13:475,13:322,COMPONENT,Footer / Mobile,"[0, 6638, 390, 557]","[""VERTICAL"", ""FILL"", ""HUG"", ""NO_WRAP"", 48, 24, 48, 24, 32, false, ""AUTO"", {""horizontal"": ""MIN"", ""vertical"": ""MIN""}, null, null]","{""paddingLeft"": {""type"": ""VARIABLE_ALIAS"", ""id"": ""VariableID:2:13""}, ""paddingTop"": {""type"": ""VARIABLE_ALIAS"", ""id"": ""VariableID:2:15""}, ""paddingRight"": {""type"": ""VARIABLE_ALIAS"", ""id"": ""VariableID:2:13""}, ""paddingBottom"": {""type"": ""VARIABLE_ALIAS"", ""id"": ""VariableID:2:15""}, ""strokes"": [{""type"": ""VARIABLE_ALIAS"", ""id"": ""VariableID:2:6""}]}",null,Structural inventory; findings and text review identify assessed defects
13:322,13:451,13:475,FRAME,Frame,"[24, 48, 342, 86]","[""VERTICAL"", ""FILL"", ""HUG"", ""NO_WRAP"", 0, 0, 0, 0, 12, false, ""AUTO"", {""horizontal"": ""MIN"", ""vertical"": ""MIN""}, null, null]",null,null,Structural inventory; findings and text review identify assessed defects
13:322,13:452,13:451,TEXT,MindLeverX.,"[0, 0, 135, 30]",null,"{""fills"": [{""type"": ""VARIABLE_ALIAS"", ""id"": ""VariableID:2:7""}]}",null,Structural inventory; findings and text review identify assessed defects
13:322,13:453,13:451,TEXT,A proposed evidence-led Generative Engine Optimization review concept.,"[0, 42, 342, 44]",null,"{""fills"": [{""type"": ""VARIABLE_ALIAS"", ""id"": ""VariableID:2:8""}]}",null,Structural inventory; findings and text review identify assessed defects
13:322,13:454,13:475,FRAME,Frame,"[24, 166, 342, 212]","[""VERTICAL"", ""FILL"", ""HUG"", ""NO_WRAP"", 0, 0, 0, 0, 16, false, ""AUTO"", {""horizontal"": ""MIN"", ""vertical"": ""MIN""}, null, null]",null,null,Structural inventory; findings and text review identify assessed defects
13:322,13:455,13:454,TEXT,Home,"[0, 0, 39, 22]",null,"{""fills"": [{""type"": ""VARIABLE_ALIAS"", ""id"": ""VariableID:2:8""}]}",null,Structural inventory; findings and text review identify assessed defects
13:322,13:456,13:454,TEXT,Method,"[0, 38, 51, 22]",null,"{""fills"": [{""type"": ""VARIABLE_ALIAS"", ""id"": ""VariableID:2:8""}]}","[{""action"": {""type"": ""NODE"", ""destinationId"": ""14:266"", ""navigation"": ""NAVIGATE"", ""transition"": null, ""resetVideoPosition"": false}, ""actions"": [{""type"": ""NODE"", ""destinationId"": ""14:266"", ""navigation"": ""NAVIGATE"", ""transition"": null, ""resetVideoPosition"": false}], ""trigger"": {""type"": ""ON_CLICK""}}]",Structural inventory; findings and text review identify assessed defects
13:322,13:457,13:454,TEXT,What is GEO,"[0, 76, 82, 22]",null,"{""fills"": [{""type"": ""VARIABLE_ALIAS"", ""id"": ""VariableID:2:8""}]}","[{""action"": {""type"": ""NODE"", ""destinationId"": ""14:403"", ""navigation"": ""NAVIGATE"", ""transition"": null, ""resetVideoPosition"": false}, ""actions"": [{""type"": ""NODE"", ""destinationId"": ""14:403"", ""navigation"": ""NAVIGATE"", ""transition"": null, ""resetVideoPosition"": false}], ""trigger"": {""type"": ""ON_CLICK""}}]",Structural inventory; findings and text review identify assessed defects
13:322,13:458,13:454,TEXT,Example Report,"[0, 114, 103, 22]",null,"{""fills"": [{""type"": ""VARIABLE_ALIAS"", ""id"": ""VariableID:2:8""}]}","[{""action"": {""type"": ""NODE"", ""destinationId"": ""14:489"", ""navigation"": ""NAVIGATE"", ""transition"": null, ""resetVideoPosition"": false}, ""actions"": [{""type"": ""NODE"", ""destinationId"": ""14:489"", ""navigation"": ""NAVIGATE"", ""transition"": null, ""resetVideoPosition"": false}], ""trigger"": {""type"": ""ON_CLICK""}}]",Structural inventory; findings and text review identify assessed defects
13:322,13:459,13:454,TEXT,About,"[0, 152, 40, 22]",null,"{""fills"": [{""type"": ""VARIABLE_ALIAS"", ""id"": ""VariableID:2:8""}]}","[{""action"": {""type"": ""NODE"", ""destinationId"": ""14:701"", ""navigation"": ""NAVIGATE"", ""transition"": null, ""resetVideoPosition"": false}, ""actions"": [{""type"": ""NODE"", ""destinationId"": ""14:701"", ""navigation"": ""NAVIGATE"", ""transition"": null, ""resetVideoPosition"": false}], ""trigger"": {""type"": ""ON_CLICK""}}]",Structural inventory; findings and text review identify assessed defects
13:322,13:460,13:454,TEXT,Availability,"[0, 190, 70, 22]",null,"{""fills"": [{""type"": ""VARIABLE_ALIAS"", ""id"": ""VariableID:2:10""}]}","[{""action"": {""type"": ""NODE"", ""destinationId"": ""14:785"", ""navigation"": ""NAVIGATE"", ""transition"": null, ""resetVideoPosition"": false}, ""actions"": [{""type"": ""NODE"", ""destinationId"": ""14:785"", ""navigation"": ""NAVIGATE"", ""transition"": null, ""resetVideoPosition"": false}], ""trigger"": {""type"": ""ON_CLICK""}}]",Structural inventory; findings and text review identify assessed defects
13:322,13:461,13:475,RECTANGLE,Rectangle,"[24, 410, 342, 1]",null,"{""fills"": [{""type"": ""VARIABLE_ALIAS"", ""id"": ""VariableID:2:6""}]}",null,Structural inventory; findings and text review identify assessed defects
13:322,13:462,13:475,TEXT,"DESIGN CONCEPT · SEP 2026 — Offer, pricing, timing, collection, delivery, and availability remain subject to owner decisions.","[24, 443, 342, 66]",null,"{""fills"": [{""type"": ""VARIABLE_ALIAS"", ""id"": ""VariableID:2:8""}]}",null,Structural inventory; findings and text review identify assessed defects
13:322,13:463,13:322,FRAME,Home Indicator Bar,"[0, 7195, 390, 33]","[""VERTICAL"", ""FILL"", ""HUG"", ""NO_WRAP"", 20, 0, 8, 0, 0, false, ""AUTO"", {""horizontal"": ""MIN"", ""vertical"": ""MIN""}, null, null]",null,null,Structural inventory; findings and text review identify assessed defects
13:322,13:464,13:463,RECTANGLE,Rectangle,"[125, 20, 140, 5]",null,"{""fills"": [{""type"": ""VARIABLE_ALIAS"", ""id"": ""VariableID:2:6""}]}",null,Structural inventory; findings and text review identify assessed defects
14:489,14:489,0:1,FRAME,MindLeverX — Illustrative Report / Mobile,"[12222, 876, 390, 3054]","[""VERTICAL"", ""FIXED"", ""HUG"", ""NO_WRAP"", 0, 0, 0, 0, 0, true, ""AUTO"", {""horizontal"": ""MIN"", ""vertical"": ""MIN""}, null, null]","{""fills"": [{""type"": ""VARIABLE_ALIAS"", ""id"": ""VariableID:2:3""}]}",null,Structural inventory; findings and text review identify assessed defects
14:489,14:490,14:489,FRAME,Mobile Status Bar Simulator,"[0, 0, 390, 34]","[""HORIZONTAL"", ""FILL"", ""HUG"", ""NO_WRAP"", 12, 24, 4, 24, 0, false, ""AUTO"", {""horizontal"": ""MIN"", ""vertical"": ""MIN""}, null, null]",null,null,Structural inventory; findings and text review identify assessed defects
14:489,14:491,14:490,TEXT,9:41,"[24, 12, 27, 18]",null,"{""fills"": [{""type"": ""VARIABLE_ALIAS"", ""id"": ""VariableID:2:7""}]}",null,Structural inventory; findings and text review identify assessed defects
14:489,14:492,14:490,FRAME,Frame,"[297, 12, 69, 11]","[""HORIZONTAL"", ""HUG"", ""HUG"", ""NO_WRAP"", 0, 0, 0, 0, 6, false, ""AUTO"", {""horizontal"": ""MIN"", ""vertical"": ""MIN""}, null, null]",null,null,Structural inventory; findings and text review identify assessed defects
14:489,14:493,14:492,FRAME,ios-signal,"[0, 0, 17, 11]","[""NONE"", ""FIXED"", ""FIXED"", ""NO_WRAP"", 0, 0, 0, 0, 0, true, ""AUTO"", {""horizontal"": ""MIN"", ""vertical"": ""MIN""}, null, null]",null,null,Structural inventory; findings and text review identify assessed defects
14:489,14:494,14:493,VECTOR,Vector,"[0, 2.4123001098632812, 16.31999969482422, 6.725399971008301]",null,"{""fills"": [{""type"": ""VARIABLE_ALIAS"", ""id"": ""VariableID:2:7""}]}",null,Structural inventory; findings and text review identify assessed defects
14:489,14:495,14:492,FRAME,ios-wifi-signal,"[23, 0, 15, 11]","[""NONE"", ""FIXED"", ""FIXED"", ""NO_WRAP"", 0, 0, 0, 0, 0, true, ""AUTO"", {""horizontal"": ""MIN"", ""vertical"": ""MIN""}, null, null]",null,null,Structural inventory; findings and text review identify assessed defects
14:489,14:496,14:495,VECTOR,Vector,"[0.75, 1.8348000049591064, 12.856277465820312, 6.780544281005859]",null,"{""fills"": [{""type"": ""VARIABLE_ALIAS"", ""id"": ""VariableID:2:7""}]}",null,Structural inventory; findings and text review identify assessed defects
14:489,14:497,14:492,FRAME,ios-battery-full,"[44, 0, 25, 11]","[""NONE"", ""FIXED"", ""FIXED"", ""NO_WRAP"", 0, 0, 0, 0, 0, true, ""AUTO"", {""horizontal"": ""MIN"", ""vertical"": ""MIN""}, null, null]",null,null,Structural inventory; findings and text review identify assessed defects
14:489,14:498,14:497,VECTOR,Vector,"[0, 2.200000047683716, 24.400089263916016, 7.150000095367432]",null,"{""fills"": [{""type"": ""VARIABLE_ALIAS"", ""id"": ""VariableID:2:7""}]}",null,Structural inventory; findings and text review identify assessed defects
14:489,14:499,14:489,INSTANCE,Header / Mobile,"[0, 34, 390, 62]","[""HORIZONTAL"", ""FIXED"", ""HUG"", ""NO_WRAP"", 16, 24, 16, 24, 0, false, ""AUTO"", {""horizontal"": ""MIN"", ""vertical"": ""MIN""}, null, null]","{""strokes"": [{""type"": ""VARIABLE_ALIAS"", ""id"": ""VariableID:2:6""}]}",null,Structural inventory; findings and text review identify assessed defects
14:489,I14:499;13:330,14:499,FRAME,Brand Identity,"[24, 17, 146, 28]","[""HORIZONTAL"", ""HUG"", ""HUG"", ""NO_WRAP"", 0, 0, 0, 0, 10, false, ""AUTO"", {""horizontal"": ""MIN"", ""vertical"": ""MIN""}, null, null]",null,null,Structural inventory; findings and text review identify assessed defects
14:489,I14:499;13:331,I14:499;13:330,FRAME,Logo Mark,"[0, 0, 28, 28]","[""HORIZONTAL"", ""FIXED"", ""FIXED"", ""NO_WRAP"", 0, 0, 0, 0, 0, false, ""AUTO"", {""horizontal"": ""MIN"", ""vertical"": ""MIN""}, null, null]",null,null,Structural inventory; findings and text review identify assessed defects
14:489,I14:499;13:332,I14:499;13:331,FRAME,cross,"[6, 5, 16, 18]","[""HORIZONTAL"", ""FIXED"", ""FIXED"", ""NO_WRAP"", 0, 0, 0, 0, 0, true, ""AUTO"", {""horizontal"": ""MIN"", ""vertical"": ""MIN""}, null, null]",null,null,Structural inventory; findings and text review identify assessed defects
14:489,I14:499;13:333,I14:499;13:332,VECTOR,Vector,"[2, 3, 12, 12]",null,null,null,Structural inventory; findings and text review identify assessed defects
14:489,I14:499;13:334,I14:499;13:330,TEXT,Wordmark,"[38, 3, 108, 22]",null,"{""fills"": [{""type"": ""VARIABLE_ALIAS"", ""id"": ""VariableID:2:7""}]}",null,Structural inventory; findings and text review identify assessed defects
14:489,I14:499;13:335,14:499,FRAME,Menu Control,"[307, 16, 59, 30]","[""HORIZONTAL"", ""HUG"", ""HUG"", ""NO_WRAP"", 6, 12, 6, 12, 0, false, ""AUTO"", {""horizontal"": ""MIN"", ""vertical"": ""MIN""}, null, null]","{""strokes"": [{""type"": ""VARIABLE_ALIAS"", ""id"": ""VariableID:2:6""}]}","[{""action"": {""type"": ""NODE"", ""destinationId"": ""14:873"", ""navigation"": ""NAVIGATE"", ""transition"": null, ""resetVideoPosition"": false}, ""actions"": [{""type"": ""NODE"", ""destinationId"": ""14:873"", ""navigation"": ""NAVIGATE"", ""transition"": null, ""resetVideoPosition"": false}], ""trigger"": {""type"": ""ON_CLICK""}}]",Structural inventory; findings and text review identify assessed defects
14:489,I14:499;13:336,I14:499;13:335,TEXT,MENU,"[12, 6, 35, 18]",null,"{""fills"": [{""type"": ""VARIABLE_ALIAS"", ""id"": ""VariableID:2:8""}]}",null,Structural inventory; findings and text review identify assessed defects
14:489,14:507,14:489,FRAME,Disclaimer Strip,"[0, 96, 390, 114]","[""VERTICAL"", ""FILL"", ""HUG"", ""NO_WRAP"", 16, 16, 16, 16, 12, false, ""AUTO"", {""horizontal"": ""MIN"", ""vertical"": ""MIN""}, null, null]","{""paddingLeft"": {""type"": ""VARIABLE_ALIAS"", ""id"": ""VariableID:2:12""}, ""paddingTop"": {""type"": ""VARIABLE_ALIAS"", ""id"": ""VariableID:2:12""}, ""paddingRight"": {""type"": ""VARIABLE_ALIAS"", ""id"": ""VariableID:2:12""}, ""paddingBottom"": {""type"": ""VARIABLE_ALIAS"", ""id"": ""VariableID:2:12""}, ""fills"": [{""type"": ""VARIABLE_ALIAS"", ""id"": ""VariableID:2:4""}], ""strokes"": [{""type"": ""VARIABLE_ALIAS"", ""id"": ""VariableID:2:6""}]}",null,Structural inventory; findings and text review identify assessed defects
14:489,14:508,14:507,FRAME,Frame,"[16, 16, 308, 26]","[""HORIZONTAL"", ""HUG"", ""HUG"", ""NO_WRAP"", 6, 12, 6, 12, 0, false, ""AUTO"", {""horizontal"": ""MIN"", ""vertical"": ""MIN""}, null, null]",null,null,Structural inventory; findings and text review identify assessed defects
14:489,14:509,14:508,TEXT,ILLUSTRATIVE EXAMPLE — NOT A CUSTOMER REPORT,"[12, 6, 284, 14]",null,"{""fills"": [{""type"": ""VARIABLE_ALIAS"", ""id"": ""VariableID:2:7""}]}",null,Structural inventory; findings and text review identify assessed defects
14:489,14:510,14:507,TEXT,This is a mock structure to showcase future report layout parameters. No collection has occurred.,"[16, 54, 358, 44]",null,"{""fills"": [{""type"": ""VARIABLE_ALIAS"", ""id"": ""VariableID:2:8""}]}",null,Structural inventory; findings and text review identify assessed defects
14:489,14:511,14:489,FRAME,Hero,"[0, 210, 390, 162]","[""VERTICAL"", ""FILL"", ""HUG"", ""NO_WRAP"", 32, 24, 24, 24, 8, false, ""AUTO"", {""horizontal"": ""MIN"", ""vertical"": ""MIN""}, null, null]","{""paddingLeft"": {""type"": ""VARIABLE_ALIAS"", ""id"": ""VariableID:2:13""}, ""paddingTop"": {""type"": ""VARIABLE_ALIAS"", ""id"": ""VariableID:2:14""}, ""paddingRight"": {""type"": ""VARIABLE_ALIAS"", ""id"": ""VariableID:2:13""}, ""paddingBottom"": {""type"": ""VARIABLE_ALIAS"", ""id"": ""VariableID:2:13""}}",null,Structural inventory; findings and text review identify assessed defects
14:489,14:512,14:511,TEXT,DELIVERABLE BLUEPRINT,"[24, 32, 342, 18]",null,"{""fills"": [{""type"": ""VARIABLE_ALIAS"", ""id"": ""VariableID:2:10""}]}",null,Structural inventory; findings and text review identify assessed defects
14:489,14:513,14:511,TEXT,Illustrative Report Specimen,"[24, 58, 342, 80]",null,"{""fills"": [{""type"": ""VARIABLE_ALIAS"", ""id"": ""VariableID:2:7""}]}",null,Structural inventory; findings and text review identify assessed defects
14:489,14:514,14:489,FRAME,Main Content,"[0, 372, 390, 2092]","[""VERTICAL"", ""FILL"", ""HUG"", ""NO_WRAP"", 0, 24, 48, 24, 24, false, ""AUTO"", {""horizontal"": ""MIN"", ""vertical"": ""MIN""}, null, null]","{""paddingLeft"": {""type"": ""VARIABLE_ALIAS"", ""id"": ""VariableID:2:13""}, ""paddingRight"": {""type"": ""VARIABLE_ALIAS"", ""id"": ""VariableID:2:13""}, ""paddingBottom"": {""type"": ""VARIABLE_ALIAS"", ""id"": ""VariableID:2:15""}}",null,Structural inventory; findings and text review identify assessed defects
14:489,14:515,14:514,FRAME,Finding Card,"[24, 0, 342, 328]","[""VERTICAL"", ""FILL"", ""HUG"", ""NO_WRAP"", 24, 24, 24, 24, 16, false, ""AUTO"", {""horizontal"": ""MIN"", ""vertical"": ""MIN""}, null, null]","{""paddingLeft"": {""type"": ""VARIABLE_ALIAS"", ""id"": ""VariableID:2:13""}, ""paddingTop"": {""type"": ""VARIABLE_ALIAS"", ""id"": ""VariableID:2:13""}, ""paddingRight"": {""type"": ""VARIABLE_ALIAS"", ""id"": ""VariableID:2:13""}, ""paddingBottom"": {""type"": ""VARIABLE_ALIAS"", ""id"": ""VariableID:2:13""}, ""fills"": [{""type"": ""VARIABLE_ALIAS"", ""id"": ""VariableID:2:4""}], ""strokes"": [{""type"": ""VARIABLE_ALIAS"", ""id"": ""VariableID:2:6""}]}",null,Structural inventory; findings and text review identify assessed defects
14:489,14:516,14:515,FRAME,Frame,"[24, 24, 294, 36]","[""VERTICAL"", ""FILL"", ""HUG"", ""NO_WRAP"", 0, 0, 0, 0, 4, false, ""AUTO"", {""horizontal"": ""MIN"", ""vertical"": ""MIN""}, null, null]",null,null,Structural inventory; findings and text review identify assessed defects
14:489,14:517,14:516,TEXT,SAMPLE STRUCTURE FINDING,"[0, 0, 294, 18]",null,"{""fills"": [{""type"": ""VARIABLE_ALIAS"", ""id"": ""VariableID:2:10""}]}",null,Structural inventory; findings and text review identify assessed defects
14:489,14:518,14:516,TEXT,ILLUSTRATIVE EXAMPLE,"[0, 18, 294, 18]",null,null,null,Structural inventory; findings and text review identify assessed defects
14:489,14:519,14:515,TEXT,"""The observed answer did not clearly distinguish the example business's core focus.""","[24, 76, 294, 124]",null,"{""fills"": [{""type"": ""VARIABLE_ALIAS"", ""id"": ""VariableID:2:7""}]}",null,Structural inventory; findings and text review identify assessed defects
14:489,14:520,14:515,TEXT,Limitation: this is a fictional demonstration. No real questions were evaluated and no qualified collection occurred. The evidence pattern shown here is proposed.,"[24, 216, 294, 88]",null,"{""fills"": [{""type"": ""VARIABLE_ALIAS"", ""id"": ""VariableID:2:8""}]}",null,Structural inventory; findings and text review identify assessed defects
14:489,14:521,14:514,FRAME,Query Context,"[24, 352, 342, 329]","[""VERTICAL"", ""FILL"", ""HUG"", ""NO_WRAP"", 24, 24, 24, 24, 16, false, ""AUTO"", {""horizontal"": ""MIN"", ""vertical"": ""MIN""}, null, null]","{""paddingLeft"": {""type"": ""VARIABLE_ALIAS"", ""id"": ""VariableID:2:13""}, ""paddingTop"": {""type"": ""VARIABLE_ALIAS"", ""id"": ""VariableID:2:13""}, ""paddingRight"": {""type"": ""VARIABLE_ALIAS"", ""id"": ""VariableID:2:13""}, ""paddingBottom"": {""type"": ""VARIABLE_ALIAS"", ""id"": ""VariableID:2:13""}, ""fills"": [{""type"": ""VARIABLE_ALIAS"", ""id"": ""VariableID:2:5""}], ""strokes"": [{""type"": ""VARIABLE_ALIAS"", ""id"": ""VariableID:2:6""}]}",null,Structural inventory; findings and text review identify assessed defects
14:489,14:522,14:521,FRAME,Frame,"[24, 24, 294, 40]","[""VERTICAL"", ""FILL"", ""HUG"", ""NO_WRAP"", 0, 0, 0, 0, 4, false, ""AUTO"", {""horizontal"": ""MIN"", ""vertical"": ""MIN""}, null, null]",null,null,Structural inventory; findings and text review identify assessed defects
14:489,14:523,14:522,TEXT,EXAMPLE QUERY & OUTPUT TRACE,"[0, 0, 294, 18]",null,"{""fills"": [{""type"": ""VARIABLE_ALIAS"", ""id"": ""VariableID:2:10""}]}",null,Structural inventory; findings and text review identify assessed defects
14:489,14:524,14:522,TEXT,ILLUSTRATIVE EXAMPLE,"[0, 18, 294, 22]",null,"{""fills"": [{""type"": ""VARIABLE_ALIAS"", ""id"": ""VariableID:2:8""}]}",null,Structural inventory; findings and text review identify assessed defects
14:489,14:525,14:521,FRAME,Frame,"[24, 80, 294, 74]","[""VERTICAL"", ""FILL"", ""HUG"", ""NO_WRAP"", 0, 0, 0, 0, 8, false, ""AUTO"", {""horizontal"": ""MIN"", ""vertical"": ""MIN""}, null, null]",null,null,Structural inventory; findings and text review identify assessed defects
14:489,14:526,14:525,TEXT,Fictional Prompt:,"[0, 0, 294, 22]",null,"{""fills"": [{""type"": ""VARIABLE_ALIAS"", ""id"": ""VariableID:2:7""}]}",null,Structural inventory; findings and text review identify assessed defects
14:489,14:527,14:525,TEXT,"""What is the best mid-market solution for evidence-led GEO audit workflows?""","[0, 30, 294, 44]",null,"{""fills"": [{""type"": ""VARIABLE_ALIAS"", ""id"": ""VariableID:2:8""}]}",null,Structural inventory; findings and text review identify assessed defects
14:489,14:528,14:521,RECTANGLE,Rectangle,"[24, 170, 294, 1]",null,"{""fills"": [{""type"": ""VARIABLE_ALIAS"", ""id"": ""VariableID:2:6""}]}",null,Structural inventory; findings and text review identify assessed defects
14:489,14:529,14:521,FRAME,Frame,"[24, 187, 294, 118]","[""VERTICAL"", ""FILL"", ""HUG"", ""NO_WRAP"", 0, 0, 0, 0, 8, false, ""AUTO"", {""horizontal"": ""MIN"", ""vertical"": ""MIN""}, null, null]",null,null,Structural inventory; findings and text review identify assessed defects
14:489,14:530,14:529,TEXT,Fictional AI Response:,"[0, 0, 294, 22]",null,"{""fills"": [{""type"": ""VARIABLE_ALIAS"", ""id"": ""VariableID:2:7""}]}",null,Structural inventory; findings and text review identify assessed defects
14:489,14:531,14:529,TEXT,"""While several traditional platforms exist, direct evidence evaluation mechanisms are largely underdeveloped. [Source state marked: NOT COLLECTED].""","[0, 30, 294, 88]",null,"{""fills"": [{""type"": ""VARIABLE_ALIAS"", ""id"": ""VariableID:2:8""}]}",null,Structural inventory; findings and text review identify assessed defects
14:489,14:532,14:514,FRAME,State Explanation,"[24, 705, 342, 377]","[""VERTICAL"", ""FILL"", ""HUG"", ""NO_WRAP"", 0, 0, 0, 0, 16, false, ""AUTO"", {""horizontal"": ""MIN"", ""vertical"": ""MIN""}, null, null]",null,null,Structural inventory; findings and text review identify assessed defects
14:489,14:533,14:532,TEXT,Illustrative state examples,"[0, 0, 342, 31]",null,"{""fills"": [{""type"": ""VARIABLE_ALIAS"", ""id"": ""VariableID:2:7""}]}",null,Structural inventory; findings and text review identify assessed defects
14:489,14:534,14:532,FRAME,States Stack,"[0, 47, 342, 330]","[""VERTICAL"", ""FILL"", ""HUG"", ""NO_WRAP"", 0, 0, 0, 0, 12, false, ""AUTO"", {""horizontal"": ""MIN"", ""vertical"": ""MIN""}, null, null]",null,null,Structural inventory; findings and text review identify assessed defects
14:489,14:535,14:534,FRAME,Frame,"[0, 0, 342, 124]","[""VERTICAL"", ""FILL"", ""HUG"", ""NO_WRAP"", 16, 16, 16, 16, 8, false, ""AUTO"", {""horizontal"": ""MIN"", ""vertical"": ""MIN""}, null, null]","{""paddingLeft"": {""type"": ""VARIABLE_ALIAS"", ""id"": ""VariableID:2:12""}, ""paddingTop"": {""type"": ""VARIABLE_ALIAS"", ""id"": ""VariableID:2:12""}, ""paddingRight"": {""type"": ""VARIABLE_ALIAS"", ""id"": ""VariableID:2:12""}, ""paddingBottom"": {""type"": ""VARIABLE_ALIAS"", ""id"": ""VariableID:2:12""}, ""fills"": [{""type"": ""VARIABLE_ALIAS"", ""id"": ""VariableID:2:4""}], ""strokes"": [{""type"": ""VARIABLE_ALIAS"", ""id"": ""VariableID:2:6""}]}",null,Structural inventory; findings and text review identify assessed defects
14:489,14:536,14:535,TEXT,ILLUSTRATIVE EXAMPLE · OBSERVED,"[16, 16, 310, 18]",null,"{""fills"": [{""type"": ""VARIABLE_ALIAS"", ""id"": ""VariableID:2:10""}]}",null,Structural inventory; findings and text review identify assessed defects
14:489,14:537,14:535,TEXT,"Definition only: evidence would include a prompt, answer capture, and source context. No collection occurred.","[16, 42, 310, 66]",null,"{""fills"": [{""type"": ""VARIABLE_ALIAS"", ""id"": ""VariableID:2:8""}]}",null,Structural inventory; findings and text review identify assessed defects
14:489,14:538,14:534,FRAME,Frame,"[0, 136, 342, 80]","[""VERTICAL"", ""FILL"", ""HUG"", ""NO_WRAP"", 16, 16, 16, 16, 8, false, ""AUTO"", {""horizontal"": ""MIN"", ""vertical"": ""MIN""}, null, null]","{""paddingLeft"": {""type"": ""VARIABLE_ALIAS"", ""id"": ""VariableID:2:12""}, ""paddingTop"": {""type"": ""VARIABLE_ALIAS"", ""id"": ""VariableID:2:12""}, ""paddingRight"": {""type"": ""VARIABLE_ALIAS"", ""id"": ""VariableID:2:12""}, ""paddingBottom"": {""type"": ""VARIABLE_ALIAS"", ""id"": ""VariableID:2:12""}, ""fills"": [{""type"": ""VARIABLE_ALIAS"", ""id"": ""VariableID:2:4""}], ""strokes"": [{""type"": ""VARIABLE_ALIAS"", ""id"": ""VariableID:2:6""}]}",null,Structural inventory; findings and text review identify assessed defects
14:489,14:539,14:538,TEXT,ILLUSTRATIVE EXAMPLE · NOT COLLECTED,"[16, 16, 310, 18]",null,null,null,Structural inventory; findings and text review identify assessed defects
14:489,14:540,14:538,TEXT,No qualified collection occurred.,"[16, 42, 310, 22]",null,"{""fills"": [{""type"": ""VARIABLE_ALIAS"", ""id"": ""VariableID:2:8""}]}",null,Structural inventory; findings and text review identify assessed defects
14:489,14:541,14:534,FRAME,Frame,"[0, 228, 342, 102]","[""VERTICAL"", ""FILL"", ""HUG"", ""NO_WRAP"", 16, 16, 16, 16, 8, false, ""AUTO"", {""horizontal"": ""MIN"", ""vertical"": ""MIN""}, null, null]","{""paddingLeft"": {""type"": ""VARIABLE_ALIAS"", ""id"": ""VariableID:2:12""}, ""paddingTop"": {""type"": ""VARIABLE_ALIAS"", ""id"": ""VariableID:2:12""}, ""paddingRight"": {""type"": ""VARIABLE_ALIAS"", ""id"": ""VariableID:2:12""}, ""paddingBottom"": {""type"": ""VARIABLE_ALIAS"", ""id"": ""VariableID:2:12""}, ""fills"": [{""type"": ""VARIABLE_ALIAS"", ""id"": ""VariableID:2:4""}], ""strokes"": [{""type"": ""VARIABLE_ALIAS"", ""id"": ""VariableID:2:6""}]}",null,Structural inventory; findings and text review identify assessed defects
14:489,14:542,14:541,TEXT,ILLUSTRATIVE EXAMPLE · UNMEASURED,"[16, 16, 310, 18]",null,"{""fills"": [{""type"": ""VARIABLE_ALIAS"", ""id"": ""VariableID:2:8""}]}",null,Structural inventory; findings and text review identify assessed defects
14:489,14:543,14:541,TEXT,Not zero. Metric has no verified path configured.,"[16, 42, 310, 44]",null,"{""fills"": [{""type"": ""VARIABLE_ALIAS"", ""id"": ""VariableID:2:8""}]}",null,Structural inventory; findings and text review identify assessed defects
14:489,14:544,14:514,FRAME,Proposed Next Actions,"[24, 1106, 342, 438]","[""VERTICAL"", ""FILL"", ""HUG"", ""NO_WRAP"", 24, 24, 24, 24, 20, false, ""AUTO"", {""horizontal"": ""MIN"", ""vertical"": ""MIN""}, null, null]","{""paddingLeft"": {""type"": ""VARIABLE_ALIAS"", ""id"": ""VariableID:2:13""}, ""paddingTop"": {""type"": ""VARIABLE_ALIAS"", ""id"": ""VariableID:2:13""}, ""paddingRight"": {""type"": ""VARIABLE_ALIAS"", ""id"": ""VariableID:2:13""}, ""paddingBottom"": {""type"": ""VARIABLE_ALIAS"", ""id"": ""VariableID:2:13""}, ""fills"": [{""type"": ""VARIABLE_ALIAS"", ""id"": ""VariableID:2:4""}], ""strokes"": [{""type"": ""VARIABLE_ALIAS"", ""id"": ""VariableID:2:6""}]}",null,Structural inventory; findings and text review identify assessed defects
14:489,14:545,14:544,FRAME,Frame,"[24, 24, 294, 18]","[""HORIZONTAL"", ""FILL"", ""HUG"", ""NO_WRAP"", 0, 0, 0, 0, 0, false, ""AUTO"", {""horizontal"": ""MIN"", ""vertical"": ""MIN""}, null, null]",null,null,Structural inventory; findings and text review identify assessed defects
14:489,14:546,14:545,TEXT,PROPOSED EDIT MAP,"[0, 0, 122, 18]",null,"{""fills"": [{""type"": ""VARIABLE_ALIAS"", ""id"": ""VariableID:2:10""}]}",null,Structural inventory; findings and text review identify assessed defects
14:489,14:547,14:545,TEXT,ILLUSTRATIVE EXAMPLE,"[155, 0, 139, 18]",null,null,null,Structural inventory; findings and text review identify assessed defects
14:489,14:548,14:544,TEXT,Proposed next actions,"[24, 62, 294, 31]",null,"{""fills"": [{""type"": ""VARIABLE_ALIAS"", ""id"": ""VariableID:2:7""}]}",null,Structural inventory; findings and text review identify assessed defects
14:489,14:549,14:544,TEXT,"If qualified evidence supported the finding, a reviewer could propose source-clarity changes before accepting any recommendation.","[24, 113, 294, 88]",null,"{""fills"": [{""type"": ""VARIABLE_ALIAS"", ""id"": ""VariableID:2:8""}]}",null,Structural inventory; findings and text review identify assessed defects
14:489,14:550,14:544,RECTANGLE,Rectangle,"[24, 221, 294, 1]",null,"{""fills"": [{""type"": ""VARIABLE_ALIAS"", ""id"": ""VariableID:2:6""}]}",null,Structural inventory; findings and text review identify assessed defects
14:489,14:551,14:544,FRAME,Frame,"[24, 242, 294, 87]","[""VERTICAL"", ""FILL"", ""HUG"", ""NO_WRAP"", 0, 0, 0, 0, 4, false, ""AUTO"", {""horizontal"": ""MIN"", ""vertical"": ""MIN""}, null, null]",null,null,Structural inventory; findings and text review identify assessed defects
14:489,14:552,14:551,TEXT,A / Verify the core service claim,"[0, 0, 294, 17]",null,"{""fills"": [{""type"": ""VARIABLE_ALIAS"", ""id"": ""VariableID:2:7""}]}",null,Structural inventory; findings and text review identify assessed defects
14:489,14:553,14:551,TEXT,Proposed: confirm the claim and its source context before considering a content change.,"[0, 21, 294, 66]",null,"{""fills"": [{""type"": ""VARIABLE_ALIAS"", ""id"": ""VariableID:2:8""}]}",null,Structural inventory; findings and text review identify assessed defects
14:489,14:554,14:544,FRAME,Frame,"[24, 349, 294, 65]","[""VERTICAL"", ""FILL"", ""HUG"", ""NO_WRAP"", 0, 0, 0, 0, 4, false, ""AUTO"", {""horizontal"": ""MIN"", ""vertical"": ""MIN""}, null, null]",null,null,Structural inventory; findings and text review identify assessed defects
14:489,14:555,14:554,TEXT,B / Review crawlable source structure,"[0, 0, 294, 17]",null,"{""fills"": [{""type"": ""VARIABLE_ALIAS"", ""id"": ""VariableID:2:7""}]}",null,Structural inventory; findings and text review identify assessed defects
14:489,14:556,14:554,TEXT,Proposed: check whether relevant source material is accessible and clearly structured.,"[0, 21, 294, 44]",null,"{""fills"": [{""type"": ""VARIABLE_ALIAS"", ""id"": ""VariableID:2:8""}]}",null,Structural inventory; findings and text review identify assessed defects
14:489,14:557,14:514,FRAME,Drilldown Preview,"[24, 1568, 342, 178]","[""VERTICAL"", ""FILL"", ""HUG"", ""NO_WRAP"", 24, 24, 24, 24, 16, false, ""AUTO"", {""horizontal"": ""MIN"", ""vertical"": ""MIN""}, null, null]","{""paddingLeft"": {""type"": ""VARIABLE_ALIAS"", ""id"": ""VariableID:2:13""}, ""paddingTop"": {""type"": ""VARIABLE_ALIAS"", ""id"": ""VariableID:2:13""}, ""paddingRight"": {""type"": ""VARIABLE_ALIAS"", ""id"": ""VariableID:2:13""}, ""paddingBottom"": {""type"": ""VARIABLE_ALIAS"", ""id"": ""VariableID:2:13""}, ""fills"": [{""type"": ""VARIABLE_ALIAS"", ""id"": ""VariableID:2:5""}], ""strokes"": [{""type"": ""VARIABLE_ALIAS"", ""id"": ""VariableID:2:6""}]}",null,Structural inventory; findings and text review identify assessed defects
14:489,14:558,14:557,TEXT,ILLUSTRATIVE EXAMPLE · EVIDENCE DRILLDOWN,"[24, 24, 294, 18]",null,"{""fills"": [{""type"": ""VARIABLE_ALIAS"", ""id"": ""VariableID:2:10""}]}",null,Structural inventory; findings and text review identify assessed defects
14:489,14:559,14:557,FRAME,Frame,"[24, 58, 294, 16]","[""HORIZONTAL"", ""FILL"", ""HUG"", ""NO_WRAP"", 0, 0, 0, 0, 0, false, ""AUTO"", {""horizontal"": ""MIN"", ""vertical"": ""MIN""}, null, null]",null,null,Structural inventory; findings and text review identify assessed defects
14:489,14:560,14:559,TEXT,Target Prompt Capture,"[0, 0, 141, 16]",null,"{""fills"": [{""type"": ""VARIABLE_ALIAS"", ""id"": ""VariableID:2:8""}]}",null,Structural inventory; findings and text review identify assessed defects
14:489,14:561,14:559,TEXT,[UNCOLLECTED],"[185, 0, 109, 16]",null,"{""fills"": [{""type"": ""VARIABLE_ALIAS"", ""id"": ""VariableID:2:7""}]}",null,Structural inventory; findings and text review identify assessed defects
14:489,14:562,14:557,FRAME,Frame,"[24, 90, 294, 16]","[""HORIZONTAL"", ""FILL"", ""HUG"", ""NO_WRAP"", 0, 0, 0, 0, 0, false, ""AUTO"", {""horizontal"": ""MIN"", ""vertical"": ""MIN""}, null, null]",null,null,Structural inventory; findings and text review identify assessed defects
14:489,14:563,14:562,TEXT,Observed Reference State,"[0, 0, 163, 16]",null,"{""fills"": [{""type"": ""VARIABLE_ALIAS"", ""id"": ""VariableID:2:8""}]}",null,Structural inventory; findings and text review identify assessed defects
14:489,14:564,14:562,TEXT,[NOT TRACKED],"[189, 0, 105, 16]",null,"{""fills"": [{""type"": ""VARIABLE_ALIAS"", ""id"": ""VariableID:2:7""}]}",null,Structural inventory; findings and text review identify assessed defects
14:489,14:565,14:557,FRAME,Frame,"[24, 122, 294, 32]","[""VERTICAL"", ""FILL"", ""HUG"", ""NO_WRAP"", 0, 0, 0, 0, 4, false, ""AUTO"", {""horizontal"": ""MIN"", ""vertical"": ""MIN""}, null, null]",null,null,Structural inventory; findings and text review identify assessed defects
14:489,14:566,14:565,TEXT,Reviewer Limitation Note,"[0, 0, 294, 16]",null,"{""fills"": [{""type"": ""VARIABLE_ALIAS"", ""id"": ""VariableID:2:8""}]}",null,Structural inventory; findings and text review identify assessed defects
14:489,14:567,14:565,TEXT,Demonstration parameter only.,"[0, 16, 294, 16]",null,"{""fills"": [{""type"": ""VARIABLE_ALIAS"", ""id"": ""VariableID:2:7""}]}",null,Structural inventory; findings and text review identify assessed defects
14:489,14:568,14:514,FRAME,Stage Statement,"[24, 1770, 342, 274]","[""VERTICAL"", ""FILL"", ""HUG"", ""NO_WRAP"", 16, 16, 16, 16, 16, false, ""AUTO"", {""horizontal"": ""MIN"", ""vertical"": ""MIN""}, null, null]","{""paddingLeft"": {""type"": ""VARIABLE_ALIAS"", ""id"": ""VariableID:2:12""}, ""paddingTop"": {""type"": ""VARIABLE_ALIAS"", ""id"": ""VariableID:2:12""}, ""paddingRight"": {""type"": ""VARIABLE_ALIAS"", ""id"": ""VariableID:2:12""}, ""paddingBottom"": {""type"": ""VARIABLE_ALIAS"", ""id"": ""VariableID:2:12""}}",null,Structural inventory; findings and text review identify assessed defects
14:489,14:569,14:568,TEXT,"This report structure is entirely illustrative. The final product is local and conceptual only; there are no active systems for qualified evidence collection, payment processing, or portal delivery.","[16, 16, 310, 110]",null,"{""fills"": [{""type"": ""VARIABLE_ALIAS"", ""id"": ""VariableID:2:8""}]}",null,Structural inventory; findings and text review identify assessed defects
14:489,14:570,14:568,FRAME,Frame,"[16, 142, 310, 116]","[""VERTICAL"", ""FILL"", ""HUG"", ""NO_WRAP"", 0, 0, 0, 0, 12, false, ""AUTO"", {""horizontal"": ""MIN"", ""vertical"": ""MIN""}, null, null]",null,null,Structural inventory; findings and text review identify assessed defects
14:489,14:571,14:570,INSTANCE,Button / Primary,"[0, 0, 310, 54]","[""VERTICAL"", ""FILL"", ""HUG"", ""NO_WRAP"", 16, 16, 16, 16, 16, false, ""AUTO"", {""horizontal"": ""MIN"", ""vertical"": ""MIN""}, null, null]","{""itemSpacing"": {""type"": ""VARIABLE_ALIAS"", ""id"": ""VariableID:2:12""}, ""paddingLeft"": {""type"": ""VARIABLE_ALIAS"", ""id"": ""VariableID:2:12""}, ""paddingTop"": {""type"": ""VARIABLE_ALIAS"", ""id"": ""VariableID:2:12""}, ""paddingRight"": {""type"": ""VARIABLE_ALIAS"", ""id"": ""VariableID:2:12""}, ""paddingBottom"": {""type"": ""VARIABLE_ALIAS"", ""id"": ""VariableID:2:12""}, ""fills"": [{""type"": ""VARIABLE_ALIAS"", ""id"": ""VariableID:2:9""}]}","[{""action"": {""type"": ""NODE"", ""destinationId"": ""14:266"", ""navigation"": ""NAVIGATE"", ""transition"": null, ""resetVideoPosition"": false}, ""actions"": [{""type"": ""NODE"", ""destinationId"": ""14:266"", ""navigation"": ""NAVIGATE"", ""transition"": null, ""resetVideoPosition"": false}], ""trigger"": {""type"": ""ON_CLICK""}}]",Structural inventory; findings and text review identify assessed defects
14:489,I14:571;3:8,14:571,TEXT,Label,"[16, 16, 278, 22]",null,"{""fills"": [{""type"": ""VARIABLE_ALIAS"", ""id"": ""VariableID:2:3""}]}",null,Structural inventory; findings and text review identify assessed defects
14:489,14:573,14:570,FRAME,Learn GEO Button,"[0, 66, 310, 50]","[""HORIZONTAL"", ""FILL"", ""HUG"", ""NO_WRAP"", 16, 16, 16, 16, 0, false, ""AUTO"", {""horizontal"": ""MIN"", ""vertical"": ""MIN""}, null, null]","{""paddingLeft"": {""type"": ""VARIABLE_ALIAS"", ""id"": ""VariableID:2:12""}, ""paddingTop"": {""type"": ""VARIABLE_ALIAS"", ""id"": ""VariableID:2:12""}, ""paddingRight"": {""type"": ""VARIABLE_ALIAS"", ""id"": ""VariableID:2:12""}, ""paddingBottom"": {""type"": ""VARIABLE_ALIAS"", ""id"": ""VariableID:2:12""}, ""strokes"": [{""type"": ""VARIABLE_ALIAS"", ""id"": ""VariableID:2:6""}]}",null,Structural inventory; findings and text review identify assessed defects
14:489,14:574,14:573,TEXT,Learn what GEO means,"[86.5, 16, 137, 18]",null,"{""fills"": [{""type"": ""VARIABLE_ALIAS"", ""id"": ""VariableID:2:10""}]}",null,Structural inventory; findings and text review identify assessed defects
14:489,14:575,14:489,INSTANCE,Footer / Mobile,"[0, 2464, 390, 557]","[""VERTICAL"", ""FIXED"", ""FIXED"", ""NO_WRAP"", 48, 24, 48, 24, 32, false, ""AUTO"", {""horizontal"": ""MIN"", ""vertical"": ""MIN""}, null, null]","{""paddingLeft"": {""type"": ""VARIABLE_ALIAS"", ""id"": ""VariableID:2:13""}, ""paddingTop"": {""type"": ""VARIABLE_ALIAS"", ""id"": ""VariableID:2:15""}, ""paddingRight"": {""type"": ""VARIABLE_ALIAS"", ""id"": ""VariableID:2:13""}, ""paddingBottom"": {""type"": ""VARIABLE_ALIAS"", ""id"": ""VariableID:2:15""}, ""strokes"": [{""type"": ""VARIABLE_ALIAS"", ""id"": ""VariableID:2:6""}]}",null,Structural inventory; findings and text review identify assessed defects
14:489,I14:575;13:451,14:575,FRAME,Frame,"[24, 48, 342, 86]","[""VERTICAL"", ""FILL"", ""HUG"", ""NO_WRAP"", 0, 0, 0, 0, 12, false, ""AUTO"", {""horizontal"": ""MIN"", ""vertical"": ""MIN""}, null, null]",null,null,Structural inventory; findings and text review identify assessed defects
14:489,I14:575;13:452,I14:575;13:451,TEXT,MindLeverX.,"[0, 0, 135, 30]",null,"{""fills"": [{""type"": ""VARIABLE_ALIAS"", ""id"": ""VariableID:2:7""}]}",null,Structural inventory; findings and text review identify assessed defects
14:489,I14:575;13:453,I14:575;13:451,TEXT,A proposed evidence-led Generative Engine Optimization review concept.,"[0, 42, 342, 44]",null,"{""fills"": [{""type"": ""VARIABLE_ALIAS"", ""id"": ""VariableID:2:8""}]}",null,Structural inventory; findings and text review identify assessed defects
14:489,I14:575;13:454,14:575,FRAME,Frame,"[24, 166, 342, 212]","[""VERTICAL"", ""FILL"", ""HUG"", ""NO_WRAP"", 0, 0, 0, 0, 16, false, ""AUTO"", {""horizontal"": ""MIN"", ""vertical"": ""MIN""}, null, null]",null,null,Structural inventory; findings and text review identify assessed defects
14:489,I14:575;13:455,I14:575;13:454,TEXT,Home,"[0, 0, 39, 22]",null,"{""fills"": [{""type"": ""VARIABLE_ALIAS"", ""id"": ""VariableID:2:8""}]}","[{""action"": {""type"": ""NODE"", ""destinationId"": ""13:322"", ""navigation"": ""NAVIGATE"", ""transition"": null, ""resetVideoPosition"": false}, ""actions"": [{""type"": ""NODE"", ""destinationId"": ""13:322"", ""navigation"": ""NAVIGATE"", ""transition"": null, ""resetVideoPosition"": false}], ""trigger"": {""type"": ""ON_CLICK""}}]",Structural inventory; findings and text review identify assessed defects
14:489,I14:575;13:456,I14:575;13:454,TEXT,Method,"[0, 38, 51, 22]",null,"{""fills"": [{""type"": ""VARIABLE_ALIAS"", ""id"": ""VariableID:2:8""}]}","[{""action"": {""type"": ""NODE"", ""destinationId"": ""14:266"", ""navigation"": ""NAVIGATE"", ""transition"": null, ""resetVideoPosition"": false}, ""actions"": [{""type"": ""NODE"", ""destinationId"": ""14:266"", ""navigation"": ""NAVIGATE"", ""transition"": null, ""resetVideoPosition"": false}], ""trigger"": {""type"": ""ON_CLICK""}}]",Structural inventory; findings and text review identify assessed defects
14:489,I14:575;13:457,I14:575;13:454,TEXT,What is GEO,"[0, 76, 82, 22]",null,"{""fills"": [{""type"": ""VARIABLE_ALIAS"", ""id"": ""VariableID:2:8""}]}","[{""action"": {""type"": ""NODE"", ""destinationId"": ""14:403"", ""navigation"": ""NAVIGATE"", ""transition"": null, ""resetVideoPosition"": false}, ""actions"": [{""type"": ""NODE"", ""destinationId"": ""14:403"", ""navigation"": ""NAVIGATE"", ""transition"": null, ""resetVideoPosition"": false}], ""trigger"": {""type"": ""ON_CLICK""}}]",Structural inventory; findings and text review identify assessed defects
14:489,I14:575;13:458,I14:575;13:454,TEXT,Example Report,"[0, 114, 103, 22]",null,"{""fills"": [{""type"": ""VARIABLE_ALIAS"", ""id"": ""VariableID:2:8""}]}","[{""action"": {""type"": ""NODE"", ""destinationId"": ""14:489"", ""navigation"": ""NAVIGATE"", ""transition"": null, ""resetVideoPosition"": false}, ""actions"": [{""type"": ""NODE"", ""destinationId"": ""14:489"", ""navigation"": ""NAVIGATE"", ""transition"": null, ""resetVideoPosition"": false}], ""trigger"": {""type"": ""ON_CLICK""}}]",Structural inventory; findings and text review identify assessed defects
14:489,I14:575;13:459,I14:575;13:454,TEXT,About,"[0, 152, 40, 22]",null,"{""fills"": [{""type"": ""VARIABLE_ALIAS"", ""id"": ""VariableID:2:8""}]}","[{""action"": {""type"": ""NODE"", ""destinationId"": ""14:701"", ""navigation"": ""NAVIGATE"", ""transition"": null, ""resetVideoPosition"": false}, ""actions"": [{""type"": ""NODE"", ""destinationId"": ""14:701"", ""navigation"": ""NAVIGATE"", ""transition"": null, ""resetVideoPosition"": false}], ""trigger"": {""type"": ""ON_CLICK""}}]",Structural inventory; findings and text review identify assessed defects
14:489,I14:575;13:460,I14:575;13:454,TEXT,Availability,"[0, 190, 70, 22]",null,"{""fills"": [{""type"": ""VARIABLE_ALIAS"", ""id"": ""VariableID:2:10""}]}","[{""action"": {""type"": ""NODE"", ""destinationId"": ""14:785"", ""navigation"": ""NAVIGATE"", ""transition"": null, ""resetVideoPosition"": false}, ""actions"": [{""type"": ""NODE"", ""destinationId"": ""14:785"", ""navigation"": ""NAVIGATE"", ""transition"": null, ""resetVideoPosition"": false}], ""trigger"": {""type"": ""ON_CLICK""}}]",Structural inventory; findings and text review identify assessed defects
14:489,I14:575;13:461,14:575,RECTANGLE,Rectangle,"[24, 410, 342, 1]",null,"{""fills"": [{""type"": ""VARIABLE_ALIAS"", ""id"": ""VariableID:2:6""}]}",null,Structural inventory; findings and text review identify assessed defects
14:489,I14:575;13:462,14:575,TEXT,"DESIGN CONCEPT · SEP 2026 — Offer, pricing, timing, collection, delivery, and availability remain subject to owner decisions.","[24, 443, 342, 66]",null,"{""fills"": [{""type"": ""VARIABLE_ALIAS"", ""id"": ""VariableID:2:8""}]}",null,Structural inventory; findings and text review identify assessed defects
14:489,14:588,14:489,FRAME,Home Indicator Bar,"[0, 3021, 390, 33]","[""VERTICAL"", ""FILL"", ""HUG"", ""NO_WRAP"", 20, 0, 8, 0, 0, false, ""AUTO"", {""horizontal"": ""MIN"", ""vertical"": ""MIN""}, null, null]",null,null,Structural inventory; findings and text review identify assessed defects
14:489,14:589,14:588,RECTANGLE,Indicator,"[125, 20, 140, 5]",null,"{""fills"": [{""type"": ""VARIABLE_ALIAS"", ""id"": ""VariableID:2:6""}]}",null,Structural inventory; findings and text review identify assessed defects
14:873,14:873,0:1,FRAME,MindLeverX — Mobile Menu Open,"[18774, 876, 390, 1515]","[""VERTICAL"", ""FIXED"", ""HUG"", ""NO_WRAP"", 0, 0, 0, 0, 0, true, ""AUTO"", {""horizontal"": ""MIN"", ""vertical"": ""MIN""}, null, null]","{""fills"": [{""type"": ""VARIABLE_ALIAS"", ""id"": ""VariableID:2:3""}]}",null,Structural inventory; findings and text review identify assessed defects
14:873,14:874,14:873,FRAME,Mobile Status Bar Simulator,"[0, 0, 390, 34]","[""HORIZONTAL"", ""FILL"", ""HUG"", ""NO_WRAP"", 12, 24, 4, 24, 0, false, ""AUTO"", {""horizontal"": ""MIN"", ""vertical"": ""MIN""}, null, null]",null,null,Structural inventory; findings and text review identify assessed defects
14:873,14:875,14:874,TEXT,9:41,"[24, 12, 27, 18]",null,"{""fills"": [{""type"": ""VARIABLE_ALIAS"", ""id"": ""VariableID:2:7""}]}",null,Structural inventory; findings and text review identify assessed defects
14:873,14:876,14:874,FRAME,Frame,"[297, 12, 69, 11]","[""HORIZONTAL"", ""HUG"", ""HUG"", ""NO_WRAP"", 0, 0, 0, 0, 6, false, ""AUTO"", {""horizontal"": ""MIN"", ""vertical"": ""MIN""}, null, null]",null,null,Structural inventory; findings and text review identify assessed defects
14:873,14:877,14:876,FRAME,ios-signal,"[0, 0, 17, 11]","[""NONE"", ""FIXED"", ""FIXED"", ""NO_WRAP"", 0, 0, 0, 0, 0, true, ""AUTO"", {""horizontal"": ""MIN"", ""vertical"": ""MIN""}, null, null]",null,null,Structural inventory; findings and text review identify assessed defects
14:873,14:878,14:877,VECTOR,Vector,"[0, 2.4123001098632812, 16.31999969482422, 6.725399971008301]",null,"{""fills"": [{""type"": ""VARIABLE_ALIAS"", ""id"": ""VariableID:2:7""}]}",null,Structural inventory; findings and text review identify assessed defects
14:873,14:879,14:876,FRAME,ios-wifi-signal,"[23, 0, 15, 11]","[""NONE"", ""FIXED"", ""FIXED"", ""NO_WRAP"", 0, 0, 0, 0, 0, true, ""AUTO"", {""horizontal"": ""MIN"", ""vertical"": ""MIN""}, null, null]",null,null,Structural inventory; findings and text review identify assessed defects
14:873,14:880,14:879,VECTOR,Vector,"[0.75, 1.8348000049591064, 12.856277465820312, 6.780544281005859]",null,"{""fills"": [{""type"": ""VARIABLE_ALIAS"", ""id"": ""VariableID:2:7""}]}",null,Structural inventory; findings and text review identify assessed defects
14:873,14:881,14:876,FRAME,ios-battery-full,"[44, 0, 25, 11]","[""NONE"", ""FIXED"", ""FIXED"", ""NO_WRAP"", 0, 0, 0, 0, 0, true, ""AUTO"", {""horizontal"": ""MIN"", ""vertical"": ""MIN""}, null, null]",null,null,Structural inventory; findings and text review identify assessed defects
14:873,14:882,14:881,VECTOR,Vector,"[0, 2.200000047683716, 24.400089263916016, 7.150000095367432]",null,"{""fills"": [{""type"": ""VARIABLE_ALIAS"", ""id"": ""VariableID:2:7""}]}",null,Structural inventory; findings and text review identify assessed defects
14:873,14:883,14:873,INSTANCE,Header / Mobile,"[0, 34, 390, 62]","[""HORIZONTAL"", ""FIXED"", ""HUG"", ""NO_WRAP"", 16, 24, 16, 24, 0, false, ""AUTO"", {""horizontal"": ""MIN"", ""vertical"": ""MIN""}, null, null]","{""strokes"": [{""type"": ""VARIABLE_ALIAS"", ""id"": ""VariableID:2:6""}]}",null,Structural inventory; findings and text review identify assessed defects
14:873,I14:883;13:330,14:883,FRAME,Brand Identity,"[24, 17, 146, 28]","[""HORIZONTAL"", ""HUG"", ""HUG"", ""NO_WRAP"", 0, 0, 0, 0, 10, false, ""AUTO"", {""horizontal"": ""MIN"", ""vertical"": ""MIN""}, null, null]",null,null,Structural inventory; findings and text review identify assessed defects
14:873,I14:883;13:331,I14:883;13:330,FRAME,Logo Mark,"[0, 0, 28, 28]","[""HORIZONTAL"", ""FIXED"", ""FIXED"", ""NO_WRAP"", 0, 0, 0, 0, 0, false, ""AUTO"", {""horizontal"": ""MIN"", ""vertical"": ""MIN""}, null, null]",null,null,Structural inventory; findings and text review identify assessed defects
14:873,I14:883;13:332,I14:883;13:331,FRAME,cross,"[6, 5, 16, 18]","[""HORIZONTAL"", ""FIXED"", ""FIXED"", ""NO_WRAP"", 0, 0, 0, 0, 0, true, ""AUTO"", {""horizontal"": ""MIN"", ""vertical"": ""MIN""}, null, null]",null,null,Structural inventory; findings and text review identify assessed defects
14:873,I14:883;13:333,I14:883;13:332,VECTOR,Vector,"[2, 3, 12, 12]",null,null,null,Structural inventory; findings and text review identify assessed defects
14:873,I14:883;13:334,I14:883;13:330,TEXT,Wordmark,"[38, 3, 108, 22]",null,"{""fills"": [{""type"": ""VARIABLE_ALIAS"", ""id"": ""VariableID:2:7""}]}",null,Structural inventory; findings and text review identify assessed defects
14:873,I14:883;13:335,14:883,FRAME,Close Control [Focus 1],"[286, 16, 80, 30]","[""HORIZONTAL"", ""HUG"", ""HUG"", ""NO_WRAP"", 6, 12, 6, 12, 0, false, ""AUTO"", {""horizontal"": ""MIN"", ""vertical"": ""MIN""}, null, null]","{""fills"": [{""type"": ""VARIABLE_ALIAS"", ""id"": ""VariableID:2:4""}], ""strokes"": [{""type"": ""VARIABLE_ALIAS"", ""id"": ""VariableID:2:9""}]}","[{""action"": {""type"": ""BACK""}, ""actions"": [{""type"": ""BACK""}], ""trigger"": {""type"": ""ON_CLICK""}}]",Structural inventory; findings and text review identify assessed defects
14:873,I14:883;13:336,I14:883;13:335,TEXT,MENU,"[12, 6, 56, 18]",null,"{""fills"": [{""type"": ""VARIABLE_ALIAS"", ""id"": ""VariableID:2:7""}]}",null,Structural inventory; findings and text review identify assessed defects
14:873,14:891,14:873,FRAME,State Label,"[0, 96, 390, 90]","[""VERTICAL"", ""FILL"", ""HUG"", ""NO_WRAP"", 12, 24, 12, 24, 4, false, ""AUTO"", {""horizontal"": ""MIN"", ""vertical"": ""MIN""}, null, null]","{""fills"": [{""type"": ""VARIABLE_ALIAS"", ""id"": ""VariableID:2:5""}], ""strokes"": [{""type"": ""VARIABLE_ALIAS"", ""id"": ""VariableID:2:6""}]}",null,Structural inventory; findings and text review identify assessed defects
14:873,14:892,14:891,FRAME,Frame,"[24, 12, 189, 18]","[""HORIZONTAL"", ""HUG"", ""HUG"", ""NO_WRAP"", 0, 0, 0, 0, 8, false, ""AUTO"", {""horizontal"": ""MIN"", ""vertical"": ""MIN""}, null, null]",null,null,Structural inventory; findings and text review identify assessed defects
14:873,14:893,14:892,RECTANGLE,Rectangle,"[0, 5, 8, 8]",null,null,null,Structural inventory; findings and text review identify assessed defects
14:873,14:894,14:892,TEXT,MENU OPEN · HOME EXAMPLE,"[16, 0, 173, 18]",null,"{""fills"": [{""type"": ""VARIABLE_ALIAS"", ""id"": ""VariableID:2:10""}]}",null,Structural inventory; findings and text review identify assessed defects
14:873,14:895,14:891,TEXT,Prototype links only. Production menu must trap focus and make background content inert.,"[24, 34, 342, 44]",null,"{""fills"": [{""type"": ""VARIABLE_ALIAS"", ""id"": ""VariableID:2:8""}]}",null,Structural inventory; findings and text review identify assessed defects
14:873,14:896,14:873,FRAME,Menu Links Stack,"[0, 186, 390, 495]","[""VERTICAL"", ""FILL"", ""HUG"", ""NO_WRAP"", 24, 24, 24, 24, 8, false, ""AUTO"", {""horizontal"": ""MIN"", ""vertical"": ""MIN""}, null, null]",null,null,Structural inventory; findings and text review identify assessed defects
14:873,14:897,14:896,FRAME,Menu Row - Home,"[24, 24, 342, 57]","[""HORIZONTAL"", ""FILL"", ""HUG"", ""NO_WRAP"", 16, 16, 16, 16, 0, false, ""AUTO"", {""horizontal"": ""MIN"", ""vertical"": ""MIN""}, null, null]","{""fills"": [{""type"": ""VARIABLE_ALIAS"", ""id"": ""VariableID:2:4""}]}","[{""action"": {""type"": ""NODE"", ""destinationId"": ""13:322"", ""navigation"": ""NAVIGATE"", ""transition"": null, ""resetVideoPosition"": false}, ""actions"": [{""type"": ""NODE"", ""destinationId"": ""13:322"", ""navigation"": ""NAVIGATE"", ""transition"": null, ""resetVideoPosition"": false}], ""trigger"": {""type"": ""ON_CLICK""}}]",Structural inventory; findings and text review identify assessed defects
14:873,14:898,14:897,FRAME,Frame,"[16, 16, 69, 25]","[""HORIZONTAL"", ""HUG"", ""HUG"", ""NO_WRAP"", 0, 0, 0, 0, 12, false, ""AUTO"", {""horizontal"": ""MIN"", ""vertical"": ""MIN""}, null, null]",null,null,Structural inventory; findings and text review identify assessed defects
14:873,14:899,14:898,RECTANGLE,Indicator Dot,"[0, 9.5, 6, 6]",null,null,null,Structural inventory; findings and text review identify assessed defects
14:873,14:900,14:898,TEXT,Home,"[18, 0, 51, 25]",null,"{""fills"": [{""type"": ""VARIABLE_ALIAS"", ""id"": ""VariableID:2:7""}]}",null,Structural inventory; findings and text review identify assessed defects
14:873,14:901,14:897,FRAME,Frame,"[184, 19.5, 142, 18]","[""HORIZONTAL"", ""HUG"", ""HUG"", ""NO_WRAP"", 0, 0, 0, 0, 8, false, ""AUTO"", {""horizontal"": ""MIN"", ""vertical"": ""MIN""}, null, null]",null,null,Structural inventory; findings and text review identify assessed defects
14:873,14:902,14:901,TEXT,HOME EXAMPLE,"[0, 0, 94, 18]",null,null,null,Structural inventory; findings and text review identify assessed defects
14:873,14:903,14:901,FRAME,Frame,"[102, 0.5, 40, 17]","[""HORIZONTAL"", ""HUG"", ""HUG"", ""NO_WRAP"", 2, 6, 2, 6, 0, false, ""AUTO"", {""horizontal"": ""MIN"", ""vertical"": ""MIN""}, null, null]","{""fills"": [{""type"": ""VARIABLE_ALIAS"", ""id"": ""VariableID:2:5""}], ""strokes"": [{""type"": ""VARIABLE_ALIAS"", ""id"": ""VariableID:2:6""}]}",null,Structural inventory; findings and text review identify assessed defects
14:873,14:904,14:903,TEXT,TAB 2,"[6, 2, 28, 13]",null,"{""fills"": [{""type"": ""VARIABLE_ALIAS"", ""id"": ""VariableID:2:10""}]}",null,Structural inventory; findings and text review identify assessed defects
14:873,14:905,14:896,FRAME,Menu Row - Method,"[24, 89, 342, 57]","[""HORIZONTAL"", ""FILL"", ""HUG"", ""NO_WRAP"", 16, 16, 16, 16, 0, false, ""AUTO"", {""horizontal"": ""MIN"", ""vertical"": ""MIN""}, null, null]","{""strokes"": [{""type"": ""VARIABLE_ALIAS"", ""id"": ""VariableID:2:6""}]}","[{""action"": {""type"": ""NODE"", ""destinationId"": ""14:266"", ""navigation"": ""NAVIGATE"", ""transition"": null, ""resetVideoPosition"": false}, ""actions"": [{""type"": ""NODE"", ""destinationId"": ""14:266"", ""navigation"": ""NAVIGATE"", ""transition"": null, ""resetVideoPosition"": false}], ""trigger"": {""type"": ""ON_CLICK""}}]",Structural inventory; findings and text review identify assessed defects
14:873,14:906,14:905,FRAME,Frame,"[16, 16, 68, 25]","[""HORIZONTAL"", ""HUG"", ""HUG"", ""NO_WRAP"", 0, 0, 0, 0, 12, false, ""AUTO"", {""horizontal"": ""MIN"", ""vertical"": ""MIN""}, null, null]",null,null,Structural inventory; findings and text review identify assessed defects
14:873,14:907,14:906,TEXT,Method,"[0, 0, 68, 25]",null,"{""fills"": [{""type"": ""VARIABLE_ALIAS"", ""id"": ""VariableID:2:8""}]}",null,Structural inventory; findings and text review identify assessed defects
14:873,14:908,14:905,FRAME,Frame,"[286, 20, 40, 17]","[""HORIZONTAL"", ""HUG"", ""HUG"", ""NO_WRAP"", 0, 0, 0, 0, 8, false, ""AUTO"", {""horizontal"": ""MIN"", ""vertical"": ""MIN""}, null, null]",null,null,Structural inventory; findings and text review identify assessed defects
14:873,14:909,14:908,FRAME,Frame,"[0, 0, 40, 17]","[""HORIZONTAL"", ""HUG"", ""HUG"", ""NO_WRAP"", 2, 6, 2, 6, 0, false, ""AUTO"", {""horizontal"": ""MIN"", ""vertical"": ""MIN""}, null, null]","{""fills"": [{""type"": ""VARIABLE_ALIAS"", ""id"": ""VariableID:2:5""}], ""strokes"": [{""type"": ""VARIABLE_ALIAS"", ""id"": ""VariableID:2:6""}]}",null,Structural inventory; findings and text review identify assessed defects
14:873,14:910,14:909,TEXT,TAB 3,"[6, 2, 28, 13]",null,"{""fills"": [{""type"": ""VARIABLE_ALIAS"", ""id"": ""VariableID:2:10""}]}",null,Structural inventory; findings and text review identify assessed defects
14:873,14:911,14:896,FRAME,Menu Row - What is GEO,"[24, 154, 342, 57]","[""HORIZONTAL"", ""FILL"", ""HUG"", ""NO_WRAP"", 16, 16, 16, 16, 0, false, ""AUTO"", {""horizontal"": ""MIN"", ""vertical"": ""MIN""}, null, null]","{""strokes"": [{""type"": ""VARIABLE_ALIAS"", ""id"": ""VariableID:2:6""}]}","[{""action"": {""type"": ""NODE"", ""destinationId"": ""14:403"", ""navigation"": ""NAVIGATE"", ""transition"": null, ""resetVideoPosition"": false}, ""actions"": [{""type"": ""NODE"", ""destinationId"": ""14:403"", ""navigation"": ""NAVIGATE"", ""transition"": null, ""resetVideoPosition"": false}], ""trigger"": {""type"": ""ON_CLICK""}}]",Structural inventory; findings and text review identify assessed defects
14:873,14:912,14:911,FRAME,Frame,"[16, 16, 106, 25]","[""HORIZONTAL"", ""HUG"", ""HUG"", ""NO_WRAP"", 0, 0, 0, 0, 12, false, ""AUTO"", {""horizontal"": ""MIN"", ""vertical"": ""MIN""}, null, null]",null,null,Structural inventory; findings and text review identify assessed defects
14:873,14:913,14:912,TEXT,What is GEO,"[0, 0, 106, 25]",null,"{""fills"": [{""type"": ""VARIABLE_ALIAS"", ""id"": ""VariableID:2:8""}]}",null,Structural inventory; findings and text review identify assessed defects
14:873,14:914,14:911,FRAME,Frame,"[286, 20, 40, 17]","[""HORIZONTAL"", ""HUG"", ""HUG"", ""NO_WRAP"", 0, 0, 0, 0, 8, false, ""AUTO"", {""horizontal"": ""MIN"", ""vertical"": ""MIN""}, null, null]",null,null,Structural inventory; findings and text review identify assessed defects
14:873,14:915,14:914,FRAME,Frame,"[0, 0, 40, 17]","[""HORIZONTAL"", ""HUG"", ""HUG"", ""NO_WRAP"", 2, 6, 2, 6, 0, false, ""AUTO"", {""horizontal"": ""MIN"", ""vertical"": ""MIN""}, null, null]","{""fills"": [{""type"": ""VARIABLE_ALIAS"", ""id"": ""VariableID:2:5""}], ""strokes"": [{""type"": ""VARIABLE_ALIAS"", ""id"": ""VariableID:2:6""}]}",null,Structural inventory; findings and text review identify assessed defects
14:873,14:916,14:915,TEXT,TAB 4,"[6, 2, 28, 13]",null,"{""fills"": [{""type"": ""VARIABLE_ALIAS"", ""id"": ""VariableID:2:10""}]}",null,Structural inventory; findings and text review identify assessed defects
14:873,14:917,14:896,FRAME,Menu Row - Research / Evidence,"[24, 219, 342, 57]","[""HORIZONTAL"", ""FILL"", ""HUG"", ""NO_WRAP"", 16, 16, 16, 16, 0, false, ""AUTO"", {""horizontal"": ""MIN"", ""vertical"": ""MIN""}, null, null]","{""strokes"": [{""type"": ""VARIABLE_ALIAS"", ""id"": ""VariableID:2:6""}]}","[{""action"": {""type"": ""NODE"", ""destinationId"": ""14:592"", ""navigation"": ""NAVIGATE"", ""transition"": null, ""resetVideoPosition"": false}, ""actions"": [{""type"": ""NODE"", ""destinationId"": ""14:592"", ""navigation"": ""NAVIGATE"", ""transition"": null, ""resetVideoPosition"": false}], ""trigger"": {""type"": ""ON_CLICK""}}]",Structural inventory; findings and text review identify assessed defects
14:873,14:918,14:917,FRAME,Frame,"[16, 16, 177, 25]","[""HORIZONTAL"", ""HUG"", ""HUG"", ""NO_WRAP"", 0, 0, 0, 0, 12, false, ""AUTO"", {""horizontal"": ""MIN"", ""vertical"": ""MIN""}, null, null]",null,null,Structural inventory; findings and text review identify assessed defects
14:873,14:919,14:918,TEXT,Research / Evidence,"[0, 0, 177, 25]",null,"{""fills"": [{""type"": ""VARIABLE_ALIAS"", ""id"": ""VariableID:2:8""}]}",null,Structural inventory; findings and text review identify assessed defects
14:873,14:920,14:917,FRAME,Frame,"[286, 20, 40, 17]","[""HORIZONTAL"", ""HUG"", ""HUG"", ""NO_WRAP"", 0, 0, 0, 0, 8, false, ""AUTO"", {""horizontal"": ""MIN"", ""vertical"": ""MIN""}, null, null]",null,null,Structural inventory; findings and text review identify assessed defects
14:873,14:921,14:920,FRAME,Frame,"[0, 0, 40, 17]","[""HORIZONTAL"", ""HUG"", ""HUG"", ""NO_WRAP"", 2, 6, 2, 6, 0, false, ""AUTO"", {""horizontal"": ""MIN"", ""vertical"": ""MIN""}, null, null]","{""fills"": [{""type"": ""VARIABLE_ALIAS"", ""id"": ""VariableID:2:5""}], ""strokes"": [{""type"": ""VARIABLE_ALIAS"", ""id"": ""VariableID:2:6""}]}",null,Structural inventory; findings and text review identify assessed defects
14:873,14:922,14:921,TEXT,TAB 5,"[6, 2, 28, 13]",null,"{""fills"": [{""type"": ""VARIABLE_ALIAS"", ""id"": ""VariableID:2:10""}]}",null,Structural inventory; findings and text review identify assessed defects
14:873,14:923,14:896,FRAME,Menu Row - Illustrative Report,"[24, 284, 342, 57]","[""HORIZONTAL"", ""FILL"", ""HUG"", ""NO_WRAP"", 16, 16, 16, 16, 0, false, ""AUTO"", {""horizontal"": ""MIN"", ""vertical"": ""MIN""}, null, null]","{""strokes"": [{""type"": ""VARIABLE_ALIAS"", ""id"": ""VariableID:2:6""}]}","[{""action"": {""type"": ""NODE"", ""destinationId"": ""14:489"", ""navigation"": ""NAVIGATE"", ""transition"": null, ""resetVideoPosition"": false}, ""actions"": [{""type"": ""NODE"", ""destinationId"": ""14:489"", ""navigation"": ""NAVIGATE"", ""transition"": null, ""resetVideoPosition"": false}], ""trigger"": {""type"": ""ON_CLICK""}}]",Structural inventory; findings and text review identify assessed defects
14:873,14:924,14:923,FRAME,Frame,"[16, 16, 158, 25]","[""HORIZONTAL"", ""HUG"", ""HUG"", ""NO_WRAP"", 0, 0, 0, 0, 12, false, ""AUTO"", {""horizontal"": ""MIN"", ""vertical"": ""MIN""}, null, null]",null,null,Structural inventory; findings and text review identify assessed defects
14:873,14:925,14:924,TEXT,Illustrative Report,"[0, 0, 158, 25]",null,"{""fills"": [{""type"": ""VARIABLE_ALIAS"", ""id"": ""VariableID:2:8""}]}",null,Structural inventory; findings and text review identify assessed defects
14:873,14:926,14:923,FRAME,Frame,"[286, 20, 40, 17]","[""HORIZONTAL"", ""HUG"", ""HUG"", ""NO_WRAP"", 0, 0, 0, 0, 8, false, ""AUTO"", {""horizontal"": ""MIN"", ""vertical"": ""MIN""}, null, null]",null,null,Structural inventory; findings and text review identify assessed defects
14:873,14:927,14:926,FRAME,Frame,"[0, 0, 40, 17]","[""HORIZONTAL"", ""HUG"", ""HUG"", ""NO_WRAP"", 2, 6, 2, 6, 0, false, ""AUTO"", {""horizontal"": ""MIN"", ""vertical"": ""MIN""}, null, null]","{""fills"": [{""type"": ""VARIABLE_ALIAS"", ""id"": ""VariableID:2:5""}], ""strokes"": [{""type"": ""VARIABLE_ALIAS"", ""id"": ""VariableID:2:6""}]}",null,Structural inventory; findings and text review identify assessed defects
14:873,14:928,14:927,TEXT,TAB 6,"[6, 2, 28, 13]",null,"{""fills"": [{""type"": ""VARIABLE_ALIAS"", ""id"": ""VariableID:2:10""}]}",null,Structural inventory; findings and text review identify assessed defects
14:873,14:929,14:896,FRAME,Menu Row - About,"[24, 349, 342, 57]","[""HORIZONTAL"", ""FILL"", ""HUG"", ""NO_WRAP"", 16, 16, 16, 16, 0, false, ""AUTO"", {""horizontal"": ""MIN"", ""vertical"": ""MIN""}, null, null]","{""strokes"": [{""type"": ""VARIABLE_ALIAS"", ""id"": ""VariableID:2:6""}]}","[{""action"": {""type"": ""NODE"", ""destinationId"": ""14:701"", ""navigation"": ""NAVIGATE"", ""transition"": null, ""resetVideoPosition"": false}, ""actions"": [{""type"": ""NODE"", ""destinationId"": ""14:701"", ""navigation"": ""NAVIGATE"", ""transition"": null, ""resetVideoPosition"": false}], ""trigger"": {""type"": ""ON_CLICK""}}]",Structural inventory; findings and text review identify assessed defects
14:873,14:930,14:929,FRAME,Frame,"[16, 16, 54, 25]","[""HORIZONTAL"", ""HUG"", ""HUG"", ""NO_WRAP"", 0, 0, 0, 0, 12, false, ""AUTO"", {""horizontal"": ""MIN"", ""vertical"": ""MIN""}, null, null]",null,null,Structural inventory; findings and text review identify assessed defects
14:873,14:931,14:930,TEXT,About,"[0, 0, 54, 25]",null,"{""fills"": [{""type"": ""VARIABLE_ALIAS"", ""id"": ""VariableID:2:8""}]}",null,Structural inventory; findings and text review identify assessed defects
14:873,14:932,14:929,FRAME,Frame,"[287, 20, 39, 17]","[""HORIZONTAL"", ""HUG"", ""HUG"", ""NO_WRAP"", 0, 0, 0, 0, 8, false, ""AUTO"", {""horizontal"": ""MIN"", ""vertical"": ""MIN""}, null, null]",null,null,Structural inventory; findings and text review identify assessed defects
14:873,14:933,14:932,FRAME,Frame,"[0, 0, 39, 17]","[""HORIZONTAL"", ""HUG"", ""HUG"", ""NO_WRAP"", 2, 6, 2, 6, 0, false, ""AUTO"", {""horizontal"": ""MIN"", ""vertical"": ""MIN""}, null, null]","{""fills"": [{""type"": ""VARIABLE_ALIAS"", ""id"": ""VariableID:2:5""}], ""strokes"": [{""type"": ""VARIABLE_ALIAS"", ""id"": ""VariableID:2:6""}]}",null,Structural inventory; findings and text review identify assessed defects
14:873,14:934,14:933,TEXT,TAB 7,"[6, 2, 27, 13]",null,"{""fills"": [{""type"": ""VARIABLE_ALIAS"", ""id"": ""VariableID:2:10""}]}",null,Structural inventory; findings and text review identify assessed defects
14:873,14:935,14:896,FRAME,Menu Row - Availability,"[24, 414, 342, 57]","[""HORIZONTAL"", ""FILL"", ""HUG"", ""NO_WRAP"", 16, 16, 16, 16, 0, false, ""AUTO"", {""horizontal"": ""MIN"", ""vertical"": ""MIN""}, null, null]","{""strokes"": [{""type"": ""VARIABLE_ALIAS"", ""id"": ""VariableID:2:6""}]}","[{""action"": {""type"": ""NODE"", ""destinationId"": ""14:785"", ""navigation"": ""NAVIGATE"", ""transition"": null, ""resetVideoPosition"": false}, ""actions"": [{""type"": ""NODE"", ""destinationId"": ""14:785"", ""navigation"": ""NAVIGATE"", ""transition"": null, ""resetVideoPosition"": false}], ""trigger"": {""type"": ""ON_CLICK""}}]",Structural inventory; findings and text review identify assessed defects
14:873,14:936,14:935,FRAME,Frame,"[16, 16, 96, 25]","[""HORIZONTAL"", ""HUG"", ""HUG"", ""NO_WRAP"", 0, 0, 0, 0, 12, false, ""AUTO"", {""horizontal"": ""MIN"", ""vertical"": ""MIN""}, null, null]",null,null,Structural inventory; findings and text review identify assessed defects
14:873,14:937,14:936,TEXT,Availability,"[0, 0, 96, 25]",null,"{""fills"": [{""type"": ""VARIABLE_ALIAS"", ""id"": ""VariableID:2:8""}]}",null,Structural inventory; findings and text review identify assessed defects
14:873,14:938,14:935,FRAME,Frame,"[286, 20, 40, 17]","[""HORIZONTAL"", ""HUG"", ""HUG"", ""NO_WRAP"", 0, 0, 0, 0, 8, false, ""AUTO"", {""horizontal"": ""MIN"", ""vertical"": ""MIN""}, null, null]",null,null,Structural inventory; findings and text review identify assessed defects
14:873,14:939,14:938,FRAME,Frame,"[0, 0, 40, 17]","[""HORIZONTAL"", ""HUG"", ""HUG"", ""NO_WRAP"", 2, 6, 2, 6, 0, false, ""AUTO"", {""horizontal"": ""MIN"", ""vertical"": ""MIN""}, null, null]","{""fills"": [{""type"": ""VARIABLE_ALIAS"", ""id"": ""VariableID:2:5""}], ""strokes"": [{""type"": ""VARIABLE_ALIAS"", ""id"": ""VariableID:2:6""}]}",null,Structural inventory; findings and text review identify assessed defects
14:873,14:940,14:939,TEXT,TAB 8,"[6, 2, 28, 13]",null,"{""fills"": [{""type"": ""VARIABLE_ALIAS"", ""id"": ""VariableID:2:10""}]}",null,Structural inventory; findings and text review identify assessed defects
14:873,14:941,14:873,FRAME,Accessibility Spec Block,"[0, 681, 390, 244]","[""VERTICAL"", ""FILL"", ""HUG"", ""NO_WRAP"", 24, 24, 24, 24, 8, false, ""AUTO"", {""horizontal"": ""MIN"", ""vertical"": ""MIN""}, null, null]","{""paddingLeft"": {""type"": ""VARIABLE_ALIAS"", ""id"": ""VariableID:2:13""}, ""paddingTop"": {""type"": ""VARIABLE_ALIAS"", ""id"": ""VariableID:2:13""}, ""paddingRight"": {""type"": ""VARIABLE_ALIAS"", ""id"": ""VariableID:2:13""}, ""paddingBottom"": {""type"": ""VARIABLE_ALIAS"", ""id"": ""VariableID:2:13""}, ""fills"": [{""type"": ""VARIABLE_ALIAS"", ""id"": ""VariableID:2:4""}], ""strokes"": [{""type"": ""VARIABLE_ALIAS"", ""id"": ""VariableID:2:6""}]}",null,Structural inventory; findings and text review identify assessed defects
14:873,14:942,14:941,TEXT,SPECIFICATION · KEYBOARD & A11Y BEHAVIOR,"[24, 24, 264, 18]",null,"{""fills"": [{""type"": ""VARIABLE_ALIAS"", ""id"": ""VariableID:2:10""}]}",null,Structural inventory; findings and text review identify assessed defects
14:873,14:943,14:941,TEXT,• Focus starts automatically on the Close button [Tab 1] when opened.,"[24, 50, 342, 44]",null,"{""fills"": [{""type"": ""VARIABLE_ALIAS"", ""id"": ""VariableID:2:8""}]}",null,Structural inventory; findings and text review identify assessed defects
14:873,14:944,14:941,TEXT,• Tab sequence flows linearly down destinations [Tab 2 to 8].,"[24, 102, 342, 44]",null,"{""fills"": [{""type"": ""VARIABLE_ALIAS"", ""id"": ""VariableID:2:8""}]}",null,Structural inventory; findings and text review identify assessed defects
14:873,14:945,14:941,TEXT,"• Escape key immediately triggers close behavior, returning focus back to the parent Menu trigger button.","[24, 154, 342, 66]",null,"{""fills"": [{""type"": ""VARIABLE_ALIAS"", ""id"": ""VariableID:2:8""}]}",null,Structural inventory; findings and text review identify assessed defects
14:873,14:946,14:873,INSTANCE,Footer / Mobile,"[0, 925, 390, 557]","[""VERTICAL"", ""FIXED"", ""HUG"", ""NO_WRAP"", 48, 24, 48, 24, 32, false, ""AUTO"", {""horizontal"": ""MIN"", ""vertical"": ""MIN""}, null, null]","{""paddingLeft"": {""type"": ""VARIABLE_ALIAS"", ""id"": ""VariableID:2:13""}, ""paddingTop"": {""type"": ""VARIABLE_ALIAS"", ""id"": ""VariableID:2:15""}, ""paddingRight"": {""type"": ""VARIABLE_ALIAS"", ""id"": ""VariableID:2:13""}, ""paddingBottom"": {""type"": ""VARIABLE_ALIAS"", ""id"": ""VariableID:2:15""}, ""strokes"": [{""type"": ""VARIABLE_ALIAS"", ""id"": ""VariableID:2:6""}]}",null,Structural inventory; findings and text review identify assessed defects
14:873,I14:946;13:451,14:946,FRAME,Frame,"[24, 48, 342, 86]","[""VERTICAL"", ""FILL"", ""HUG"", ""NO_WRAP"", 0, 0, 0, 0, 12, false, ""AUTO"", {""horizontal"": ""MIN"", ""vertical"": ""MIN""}, null, null]",null,null,Structural inventory; findings and text review identify assessed defects
14:873,I14:946;13:452,I14:946;13:451,TEXT,MindLeverX.,"[0, 0, 135, 30]",null,"{""fills"": [{""type"": ""VARIABLE_ALIAS"", ""id"": ""VariableID:2:7""}]}",null,Structural inventory; findings and text review identify assessed defects
14:873,I14:946;13:453,I14:946;13:451,TEXT,A proposed evidence-led Generative Engine Optimization review concept.,"[0, 42, 342, 44]",null,"{""fills"": [{""type"": ""VARIABLE_ALIAS"", ""id"": ""VariableID:2:8""}]}",null,Structural inventory; findings and text review identify assessed defects
14:873,I14:946;13:454,14:946,FRAME,Frame,"[24, 166, 342, 212]","[""VERTICAL"", ""FILL"", ""HUG"", ""NO_WRAP"", 0, 0, 0, 0, 16, false, ""AUTO"", {""horizontal"": ""MIN"", ""vertical"": ""MIN""}, null, null]",null,null,Structural inventory; findings and text review identify assessed defects
14:873,I14:946;13:455,I14:946;13:454,TEXT,Home,"[0, 0, 39, 22]",null,"{""fills"": [{""type"": ""VARIABLE_ALIAS"", ""id"": ""VariableID:2:8""}]}",null,Structural inventory; findings and text review identify assessed defects
14:873,I14:946;13:456,I14:946;13:454,TEXT,Method,"[0, 38, 51, 22]",null,"{""fills"": [{""type"": ""VARIABLE_ALIAS"", ""id"": ""VariableID:2:8""}]}","[{""action"": {""type"": ""NODE"", ""destinationId"": ""14:266"", ""navigation"": ""NAVIGATE"", ""transition"": null, ""resetVideoPosition"": false}, ""actions"": [{""type"": ""NODE"", ""destinationId"": ""14:266"", ""navigation"": ""NAVIGATE"", ""transition"": null, ""resetVideoPosition"": false}], ""trigger"": {""type"": ""ON_CLICK""}}]",Structural inventory; findings and text review identify assessed defects
14:873,I14:946;13:457,I14:946;13:454,TEXT,What is GEO,"[0, 76, 82, 22]",null,"{""fills"": [{""type"": ""VARIABLE_ALIAS"", ""id"": ""VariableID:2:8""}]}","[{""action"": {""type"": ""NODE"", ""destinationId"": ""14:403"", ""navigation"": ""NAVIGATE"", ""transition"": null, ""resetVideoPosition"": false}, ""actions"": [{""type"": ""NODE"", ""destinationId"": ""14:403"", ""navigation"": ""NAVIGATE"", ""transition"": null, ""resetVideoPosition"": false}], ""trigger"": {""type"": ""ON_CLICK""}}]",Structural inventory; findings and text review identify assessed defects
14:873,I14:946;13:458,I14:946;13:454,TEXT,Example Report,"[0, 114, 103, 22]",null,"{""fills"": [{""type"": ""VARIABLE_ALIAS"", ""id"": ""VariableID:2:8""}]}","[{""action"": {""type"": ""NODE"", ""destinationId"": ""14:489"", ""navigation"": ""NAVIGATE"", ""transition"": null, ""resetVideoPosition"": false}, ""actions"": [{""type"": ""NODE"", ""destinationId"": ""14:489"", ""navigation"": ""NAVIGATE"", ""transition"": null, ""resetVideoPosition"": false}], ""trigger"": {""type"": ""ON_CLICK""}}]",Structural inventory; findings and text review identify assessed defects
14:873,I14:946;13:459,I14:946;13:454,TEXT,About,"[0, 152, 40, 22]",null,"{""fills"": [{""type"": ""VARIABLE_ALIAS"", ""id"": ""VariableID:2:8""}]}","[{""action"": {""type"": ""NODE"", ""destinationId"": ""14:701"", ""navigation"": ""NAVIGATE"", ""transition"": null, ""resetVideoPosition"": false}, ""actions"": [{""type"": ""NODE"", ""destinationId"": ""14:701"", ""navigation"": ""NAVIGATE"", ""transition"": null, ""resetVideoPosition"": false}], ""trigger"": {""type"": ""ON_CLICK""}}]",Structural inventory; findings and text review identify assessed defects
14:873,I14:946;13:460,I14:946;13:454,TEXT,Availability,"[0, 190, 70, 22]",null,"{""fills"": [{""type"": ""VARIABLE_ALIAS"", ""id"": ""VariableID:2:10""}]}","[{""action"": {""type"": ""NODE"", ""destinationId"": ""14:785"", ""navigation"": ""NAVIGATE"", ""transition"": null, ""resetVideoPosition"": false}, ""actions"": [{""type"": ""NODE"", ""destinationId"": ""14:785"", ""navigation"": ""NAVIGATE"", ""transition"": null, ""resetVideoPosition"": false}], ""trigger"": {""type"": ""ON_CLICK""}}]",Structural inventory; findings and text review identify assessed defects
14:873,I14:946;13:461,14:946,RECTANGLE,Rectangle,"[24, 410, 342, 1]",null,"{""fills"": [{""type"": ""VARIABLE_ALIAS"", ""id"": ""VariableID:2:6""}]}",null,Structural inventory; findings and text review identify assessed defects
14:873,I14:946;13:462,14:946,TEXT,"DESIGN CONCEPT · SEP 2026 — Offer, pricing, timing, collection, delivery, and availability remain subject to owner decisions.","[24, 443, 342, 66]",null,"{""fills"": [{""type"": ""VARIABLE_ALIAS"", ""id"": ""VariableID:2:8""}]}",null,Structural inventory; findings and text review identify assessed defects
14:873,14:959,14:873,FRAME,Home Indicator Bar,"[0, 1482, 390, 33]","[""VERTICAL"", ""FILL"", ""HUG"", ""NO_WRAP"", 20, 0, 8, 0, 0, false, ""AUTO"", {""horizontal"": ""MIN"", ""vertical"": ""MIN""}, null, null]",null,null,Structural inventory; findings and text review identify assessed defects
14:873,14:960,14:959,RECTANGLE,Home Indicator,"[125, 20, 140, 5]",null,"{""fills"": [{""type"": ""VARIABLE_ALIAS"", ""id"": ""VariableID:2:6""}]}",null,Structural inventory; findings and text review identify assessed defects
13:966,13:966,0:1,FRAME,MindLeverX — Availability,"[16752, 876, 1440, 1865]","[""VERTICAL"", ""FIXED"", ""HUG"", ""NO_WRAP"", 0, 0, 0, 0, 0, true, ""AUTO"", {""horizontal"": ""MIN"", ""vertical"": ""MIN""}, null, null]","{""fills"": [{""type"": ""VARIABLE_ALIAS"", ""id"": ""VariableID:2:3""}]}",null,Structural inventory; findings and text review identify assessed defects
13:966,13:967,13:966,INSTANCE,Header / Desktop,"[0, 0, 1440, 80]","[""HORIZONTAL"", ""FIXED"", ""HUG"", ""NO_WRAP"", 24, 96, 24, 96, 0, false, ""AUTO"", {""horizontal"": ""MIN"", ""vertical"": ""MIN""}, null, null]",null,null,Structural inventory; findings and text review identify assessed defects
13:966,I13:967;13:169,13:967,FRAME,Brand Identity,"[96, 24, 179, 32]","[""HORIZONTAL"", ""HUG"", ""HUG"", ""NO_WRAP"", 0, 0, 0, 0, 12, false, ""AUTO"", {""horizontal"": ""MIN"", ""vertical"": ""MIN""}, null, null]",null,"[{""action"": {""type"": ""NODE"", ""destinationId"": ""13:167"", ""navigation"": ""NAVIGATE"", ""transition"": null, ""resetVideoPosition"": false}, ""actions"": [{""type"": ""NODE"", ""destinationId"": ""13:167"", ""navigation"": ""NAVIGATE"", ""transition"": null, ""resetVideoPosition"": false}], ""trigger"": {""type"": ""ON_CLICK""}}]",Structural inventory; findings and text review identify assessed defects
13:966,I13:967;13:170,I13:967;13:169,FRAME,Logo Mark,"[0, 0, 32, 32]","[""HORIZONTAL"", ""FIXED"", ""FIXED"", ""NO_WRAP"", 0, 0, 0, 0, 0, false, ""AUTO"", {""horizontal"": ""MIN"", ""vertical"": ""MIN""}, null, null]",null,null,Structural inventory; findings and text review identify assessed defects
13:966,I13:967;13:171,I13:967;13:170,FRAME,cross,"[7, 7, 18, 18]","[""NONE"", ""FIXED"", ""FIXED"", ""NO_WRAP"", 0, 0, 0, 0, 0, true, ""AUTO"", {""horizontal"": ""MIN"", ""vertical"": ""MIN""}, null, null]",null,null,Structural inventory; findings and text review identify assessed defects
13:966,I13:967;13:172,I13:967;13:171,VECTOR,Vector,"[1.499400019645691, 1.499400019645691, 15.001199722290039, 15.001199722290039]",null,null,null,Structural inventory; findings and text review identify assessed defects
13:966,I13:967;13:173,I13:967;13:169,TEXT,Wordmark,"[44, 2.5, 135, 27]",null,null,null,Structural inventory; findings and text review identify assessed defects
13:966,I13:967;13:174,13:967,FRAME,Navigation Links,"[783, 29, 561, 22]","[""HORIZONTAL"", ""HUG"", ""HUG"", ""NO_WRAP"", 0, 0, 0, 0, 32, false, ""AUTO"", {""horizontal"": ""MIN"", ""vertical"": ""MIN""}, null, null]",null,null,Structural inventory; findings and text review identify assessed defects
13:966,I13:967;13:175,I13:967;13:174,TEXT,Nav Link 1,"[0, 0, 39, 22]",null,null,"[{""action"": {""type"": ""NODE"", ""destinationId"": ""13:167"", ""navigation"": ""NAVIGATE"", ""transition"": null, ""resetVideoPosition"": false}, ""actions"": [{""type"": ""NODE"", ""destinationId"": ""13:167"", ""navigation"": ""NAVIGATE"", ""transition"": null, ""resetVideoPosition"": false}], ""trigger"": {""type"": ""ON_CLICK""}}]",Structural inventory; findings and text review identify assessed defects
13:966,I13:967;13:176,I13:967;13:174,TEXT,Nav Link 2,"[71, 0, 51, 22]",null,null,"[{""action"": {""type"": ""NODE"", ""destinationId"": ""13:480"", ""navigation"": ""NAVIGATE"", ""transition"": null, ""resetVideoPosition"": false}, ""actions"": [{""type"": ""NODE"", ""destinationId"": ""13:480"", ""navigation"": ""NAVIGATE"", ""transition"": null, ""resetVideoPosition"": false}], ""trigger"": {""type"": ""ON_CLICK""}}]",Structural inventory; findings and text review identify assessed defects
13:966,I13:967;13:177,I13:967;13:174,TEXT,Nav Link 3,"[154, 0, 82, 22]",null,null,"[{""action"": {""type"": ""NODE"", ""destinationId"": ""13:602"", ""navigation"": ""NAVIGATE"", ""transition"": null, ""resetVideoPosition"": false}, ""actions"": [{""type"": ""NODE"", ""destinationId"": ""13:602"", ""navigation"": ""NAVIGATE"", ""transition"": null, ""resetVideoPosition"": false}], ""trigger"": {""type"": ""ON_CLICK""}}]",Structural inventory; findings and text review identify assessed defects
13:966,I13:967;13:178,I13:967;13:174,TEXT,Nav Link 4,"[268, 0, 103, 22]",null,null,"[{""action"": {""type"": ""NODE"", ""destinationId"": ""13:682"", ""navigation"": ""NAVIGATE"", ""transition"": null, ""resetVideoPosition"": false}, ""actions"": [{""type"": ""NODE"", ""destinationId"": ""13:682"", ""navigation"": ""NAVIGATE"", ""transition"": null, ""resetVideoPosition"": false}], ""trigger"": {""type"": ""ON_CLICK""}}]",Structural inventory; findings and text review identify assessed defects
13:966,I13:967;13:179,I13:967;13:174,TEXT,Nav Link 5,"[403, 0, 40, 22]",null,null,"[{""action"": {""type"": ""NODE"", ""destinationId"": ""13:893"", ""navigation"": ""NAVIGATE"", ""transition"": null, ""resetVideoPosition"": false}, ""actions"": [{""type"": ""NODE"", ""destinationId"": ""13:893"", ""navigation"": ""NAVIGATE"", ""transition"": null, ""resetVideoPosition"": false}], ""trigger"": {""type"": ""ON_CLICK""}}]",Structural inventory; findings and text review identify assessed defects
13:966,I13:967;13:180,I13:967;13:174,FRAME,Nav Link 6 Wrap,"[475, 0, 86, 22]","[""HORIZONTAL"", ""HUG"", ""HUG"", ""NO_WRAP"", 0, 0, 0, 0, 8, false, ""AUTO"", {""horizontal"": ""MIN"", ""vertical"": ""MIN""}, null, null]",null,"[{""action"": {""type"": ""NODE"", ""destinationId"": ""13:966"", ""navigation"": ""NAVIGATE"", ""transition"": null, ""resetVideoPosition"": false}, ""actions"": [{""type"": ""NODE"", ""destinationId"": ""13:966"", ""navigation"": ""NAVIGATE"", ""transition"": null, ""resetVideoPosition"": false}], ""trigger"": {""type"": ""ON_CLICK""}}]",Structural inventory; findings and text review identify assessed defects
13:966,I13:967;13:181,I13:967;13:180,ELLIPSE,Ellipse,"[0, 7, 8, 8]",null,null,null,Structural inventory; findings and text review identify assessed defects
13:966,I13:967;13:182,I13:967;13:180,TEXT,Nav Link 6,"[16, 0, 70, 22]",null,null,null,Structural inventory; findings and text review identify assessed defects
13:966,13:982,13:966,FRAME,Conspicuous Status,"[0, 80, 1440, 430]","[""VERTICAL"", ""FILL"", ""HUG"", ""NO_WRAP"", 96, 96, 48, 96, 32, false, ""AUTO"", {""horizontal"": ""MIN"", ""vertical"": ""MIN""}, null, null]","{""itemSpacing"": {""type"": ""VARIABLE_ALIAS"", ""id"": ""VariableID:2:14""}, ""paddingTop"": {""type"": ""VARIABLE_ALIAS"", ""id"": ""VariableID:2:17""}}",null,Structural inventory; findings and text review identify assessed defects
13:966,13:983,13:982,FRAME,Status Alert Box,"[96, 96, 1248, 286]","[""VERTICAL"", ""FILL"", ""HUG"", ""NO_WRAP"", 32, 32, 32, 32, 16, false, ""AUTO"", {""horizontal"": ""MIN"", ""vertical"": ""MIN""}, null, null]","{""paddingLeft"": {""type"": ""VARIABLE_ALIAS"", ""id"": ""VariableID:2:14""}, ""paddingTop"": {""type"": ""VARIABLE_ALIAS"", ""id"": ""VariableID:2:14""}, ""paddingRight"": {""type"": ""VARIABLE_ALIAS"", ""id"": ""VariableID:2:14""}, ""paddingBottom"": {""type"": ""VARIABLE_ALIAS"", ""id"": ""VariableID:2:14""}}",null,Structural inventory; findings and text review identify assessed defects
13:966,13:984,13:983,TEXT,OPERATIONAL BOUNDARY STATUS,"[32, 32, 198, 18]",null,null,null,Structural inventory; findings and text review identify assessed defects
13:966,13:985,13:983,TEXT,New public audit requests and subscriptions are not currently open.,"[32, 66, 1184, 114]",null,"{""fills"": [{""type"": ""VARIABLE_ALIAS"", ""id"": ""VariableID:2:7""}]}",null,Structural inventory; findings and text review identify assessed defects
13:966,13:986,13:983,TEXT,"No public contact mailbox, input forms, waitlists, recurring intake pipelines, or checkout systems are configured. This is a design and structural proposal only.","[32, 196, 1184, 58]",null,"{""fills"": [{""type"": ""VARIABLE_ALIAS"", ""id"": ""VariableID:2:8""}]}",null,Structural inventory; findings and text review identify assessed defects
13:966,13:987,13:966,FRAME,Availability Split,"[0, 510, 1440, 761]","[""HORIZONTAL"", ""FILL"", ""HUG"", ""NO_WRAP"", 48, 96, 96, 96, 64, false, ""AUTO"", {""horizontal"": ""MIN"", ""vertical"": ""MIN""}, null, null]",null,null,Structural inventory; findings and text review identify assessed defects
13:966,13:988,13:987,FRAME,Explore Column,"[96, 48, 592, 617]","[""VERTICAL"", ""FILL"", ""HUG"", ""NO_WRAP"", 0, 0, 0, 0, 32, false, ""AUTO"", {""horizontal"": ""MIN"", ""vertical"": ""MIN""}, null, null]",null,null,Structural inventory; findings and text review identify assessed defects
13:966,13:989,13:988,FRAME,Frame,"[0, 0, 291, 57]","[""VERTICAL"", ""HUG"", ""HUG"", ""NO_WRAP"", 0, 0, 0, 0, 8, false, ""AUTO"", {""horizontal"": ""MIN"", ""vertical"": ""MIN""}, null, null]",null,null,Structural inventory; findings and text review identify assessed defects
13:966,13:990,13:989,TEXT,ACTIVE RESOURCES,"[0, 0, 116, 18]",null,"{""fills"": [{""type"": ""VARIABLE_ALIAS"", ""id"": ""VariableID:2:10""}]}",null,Structural inventory; findings and text review identify assessed defects
13:966,13:991,13:989,TEXT,What you can explore now,"[0, 26, 291, 31]",null,"{""fills"": [{""type"": ""VARIABLE_ALIAS"", ""id"": ""VariableID:2:7""}]}",null,Structural inventory; findings and text review identify assessed defects
13:966,13:992,13:988,FRAME,Explore list,"[0, 89, 592, 528]","[""VERTICAL"", ""FILL"", ""HUG"", ""NO_WRAP"", 0, 0, 0, 0, 16, false, ""AUTO"", {""horizontal"": ""MIN"", ""vertical"": ""MIN""}, null, null]",null,null,Structural inventory; findings and text review identify assessed defects
13:966,13:993,13:992,FRAME,Route Card 1,"[0, 0, 592, 131]","[""VERTICAL"", ""FILL"", ""HUG"", ""NO_WRAP"", 24, 24, 24, 24, 8, false, ""AUTO"", {""horizontal"": ""MIN"", ""vertical"": ""MIN""}, null, null]","{""fills"": [{""type"": ""VARIABLE_ALIAS"", ""id"": ""VariableID:2:4""}], ""strokes"": [{""type"": ""VARIABLE_ALIAS"", ""id"": ""VariableID:2:6""}]}","[{""action"": {""type"": ""NODE"", ""destinationId"": ""13:480"", ""navigation"": ""NAVIGATE"", ""transition"": null, ""resetVideoPosition"": false}, ""actions"": [{""type"": ""NODE"", ""destinationId"": ""13:480"", ""navigation"": ""NAVIGATE"", ""transition"": null, ""resetVideoPosition"": false}], ""trigger"": {""type"": ""ON_CLICK""}}]",Structural inventory; findings and text review identify assessed defects
13:966,13:994,13:993,TEXT,Proposed Method,"[24, 24, 198, 31]",null,"{""fills"": [{""type"": ""VARIABLE_ALIAS"", ""id"": ""VariableID:2:7""}]}",null,Structural inventory; findings and text review identify assessed defects
13:966,13:995,13:993,TEXT,Walk through the proposed seven-step evidence lifecycle and core observational boundaries.,"[24, 63, 544, 44]",null,"{""fills"": [{""type"": ""VARIABLE_ALIAS"", ""id"": ""VariableID:2:8""}]}",null,Structural inventory; findings and text review identify assessed defects
13:966,13:996,13:992,FRAME,Route Card 2,"[0, 147, 592, 131]","[""VERTICAL"", ""FILL"", ""HUG"", ""NO_WRAP"", 24, 24, 24, 24, 8, false, ""AUTO"", {""horizontal"": ""MIN"", ""vertical"": ""MIN""}, null, null]","{""fills"": [{""type"": ""VARIABLE_ALIAS"", ""id"": ""VariableID:2:4""}], ""strokes"": [{""type"": ""VARIABLE_ALIAS"", ""id"": ""VariableID:2:6""}]}","[{""action"": {""type"": ""NODE"", ""destinationId"": ""13:602"", ""navigation"": ""NAVIGATE"", ""transition"": null, ""resetVideoPosition"": false}, ""actions"": [{""type"": ""NODE"", ""destinationId"": ""13:602"", ""navigation"": ""NAVIGATE"", ""transition"": null, ""resetVideoPosition"": false}], ""trigger"": {""type"": ""ON_CLICK""}}]",Structural inventory; findings and text review identify assessed defects
13:966,13:997,13:996,TEXT,What is GEO,"[24, 24, 135, 31]",null,"{""fills"": [{""type"": ""VARIABLE_ALIAS"", ""id"": ""VariableID:2:7""}]}",null,Structural inventory; findings and text review identify assessed defects
13:966,13:998,13:996,TEXT,Plain-language foundational educational concepts on Generative Engine Optimization models.,"[24, 63, 544, 44]",null,"{""fills"": [{""type"": ""VARIABLE_ALIAS"", ""id"": ""VariableID:2:8""}]}",null,Structural inventory; findings and text review identify assessed defects
13:966,13:999,13:992,FRAME,Route Card 3,"[0, 294, 592, 109]","[""VERTICAL"", ""FILL"", ""HUG"", ""NO_WRAP"", 24, 24, 24, 24, 8, false, ""AUTO"", {""horizontal"": ""MIN"", ""vertical"": ""MIN""}, null, null]","{""fills"": [{""type"": ""VARIABLE_ALIAS"", ""id"": ""VariableID:2:4""}], ""strokes"": [{""type"": ""VARIABLE_ALIAS"", ""id"": ""VariableID:2:6""}]}","[{""action"": {""type"": ""NODE"", ""destinationId"": ""13:682"", ""navigation"": ""NAVIGATE"", ""transition"": null, ""resetVideoPosition"": false}, ""actions"": [{""type"": ""NODE"", ""destinationId"": ""13:682"", ""navigation"": ""NAVIGATE"", ""transition"": null, ""resetVideoPosition"": false}], ""trigger"": {""type"": ""ON_CLICK""}}]",Structural inventory; findings and text review identify assessed defects
13:966,13:1000,13:999,TEXT,Illustrative Report Specimen,"[24, 24, 318, 31]",null,"{""fills"": [{""type"": ""VARIABLE_ALIAS"", ""id"": ""VariableID:2:7""}]}",null,Structural inventory; findings and text review identify assessed defects
13:966,13:1001,13:999,TEXT,"A non-empirical, purely fictional visual demonstration of a proposed client report.","[24, 63, 544, 22]",null,"{""fills"": [{""type"": ""VARIABLE_ALIAS"", ""id"": ""VariableID:2:8""}]}",null,Structural inventory; findings and text review identify assessed defects
13:966,13:1049,13:992,FRAME,Route Card 4,"[0, 419, 592, 109]","[""VERTICAL"", ""FILL"", ""HUG"", ""NO_WRAP"", 24, 24, 24, 24, 8, false, ""AUTO"", {""horizontal"": ""MIN"", ""vertical"": ""MIN""}, null, null]","{""fills"": [{""type"": ""VARIABLE_ALIAS"", ""id"": ""VariableID:2:4""}], ""strokes"": [{""type"": ""VARIABLE_ALIAS"", ""id"": ""VariableID:2:6""}]}","[{""action"": {""type"": ""NODE"", ""destinationId"": ""13:791"", ""navigation"": ""NAVIGATE"", ""transition"": null, ""resetVideoPosition"": false}, ""actions"": [{""type"": ""NODE"", ""destinationId"": ""13:791"", ""navigation"": ""NAVIGATE"", ""transition"": null, ""resetVideoPosition"": false}], ""trigger"": {""type"": ""ON_CLICK""}}]",Structural inventory; findings and text review identify assessed defects
13:966,13:1050,13:1049,TEXT,Research / Evidence,"[24, 24, 226, 31]",null,"{""fills"": [{""type"": ""VARIABLE_ALIAS"", ""id"": ""VariableID:2:7""}]}",null,Structural inventory; findings and text review identify assessed defects
13:966,13:1051,13:1049,TEXT,"Source types, scope, limitations, and planned evidence distinctions.","[24, 63, 544, 22]",null,"{""fills"": [{""type"": ""VARIABLE_ALIAS"", ""id"": ""VariableID:2:8""}]}",null,Structural inventory; findings and text review identify assessed defects
13:966,13:1002,13:987,FRAME,Planned Column,"[752, 48, 592, 547]","[""VERTICAL"", ""FILL"", ""HUG"", ""NO_WRAP"", 0, 0, 0, 0, 32, false, ""AUTO"", {""horizontal"": ""MIN"", ""vertical"": ""MIN""}, null, null]",null,null,Structural inventory; findings and text review identify assessed defects
13:966,13:1003,13:1002,FRAME,Frame,"[0, 0, 309, 57]","[""VERTICAL"", ""HUG"", ""HUG"", ""NO_WRAP"", 0, 0, 0, 0, 8, false, ""AUTO"", {""horizontal"": ""MIN"", ""vertical"": ""MIN""}, null, null]",null,null,Structural inventory; findings and text review identify assessed defects
13:966,13:1004,13:1003,TEXT,DEVELOPMENT TRACK,"[0, 0, 130, 18]",null,null,null,Structural inventory; findings and text review identify assessed defects
13:966,13:1005,13:1003,TEXT,Under design consideration,"[0, 26, 309, 31]",null,"{""fills"": [{""type"": ""VARIABLE_ALIAS"", ""id"": ""VariableID:2:7""}]}",null,Structural inventory; findings and text review identify assessed defects
13:966,13:1006,13:1002,FRAME,Planned list,"[0, 89, 592, 458]","[""VERTICAL"", ""FILL"", ""HUG"", ""NO_WRAP"", 0, 0, 0, 0, 16, false, ""AUTO"", {""horizontal"": ""MIN"", ""vertical"": ""MIN""}, null, null]",null,null,Structural inventory; findings and text review identify assessed defects
13:966,13:1007,13:1006,FRAME,Planned Row 1,"[0, 0, 592, 97]","[""HORIZONTAL"", ""FILL"", ""HUG"", ""NO_WRAP"", 20, 20, 20, 20, 16, false, ""AUTO"", {""horizontal"": ""MIN"", ""vertical"": ""MIN""}, null, null]","{""fills"": [{""type"": ""VARIABLE_ALIAS"", ""id"": ""VariableID:2:5""}]}",null,Structural inventory; findings and text review identify assessed defects
13:966,13:1008,13:1007,FRAME,Frame,"[20, 38, 67, 21]","[""HORIZONTAL"", ""HUG"", ""HUG"", ""NO_WRAP"", 4, 8, 4, 8, 0, false, ""AUTO"", {""horizontal"": ""MIN"", ""vertical"": ""MIN""}, null, null]",null,null,Structural inventory; findings and text review identify assessed defects
13:966,13:1009,13:1008,TEXT,NOT LIVE,"[8, 4, 51, 13]",null,null,null,Structural inventory; findings and text review identify assessed defects
13:966,13:1010,13:1007,FRAME,Frame,"[103, 20, 469, 57]","[""VERTICAL"", ""FILL"", ""HUG"", ""NO_WRAP"", 0, 0, 0, 0, 4, false, ""AUTO"", {""horizontal"": ""MIN"", ""vertical"": ""MIN""}, null, null]",null,null,Structural inventory; findings and text review identify assessed defects
13:966,13:1011,13:1010,TEXT,Qualified Evidence Collection,"[0, 0, 328, 31]",null,"{""fills"": [{""type"": ""VARIABLE_ALIAS"", ""id"": ""VariableID:2:7""}]}",null,Structural inventory; findings and text review identify assessed defects
13:966,13:1012,13:1010,TEXT,Empirical snapshots of search systems with verified parameters.,"[0, 35, 469, 22]",null,"{""fills"": [{""type"": ""VARIABLE_ALIAS"", ""id"": ""VariableID:2:8""}]}",null,Structural inventory; findings and text review identify assessed defects
13:966,13:1013,13:1006,FRAME,Planned Row 2,"[0, 113, 592, 97]","[""HORIZONTAL"", ""FILL"", ""HUG"", ""NO_WRAP"", 20, 20, 20, 20, 16, false, ""AUTO"", {""horizontal"": ""MIN"", ""vertical"": ""MIN""}, null, null]","{""fills"": [{""type"": ""VARIABLE_ALIAS"", ""id"": ""VariableID:2:5""}]}",null,Structural inventory; findings and text review identify assessed defects
13:966,13:1014,13:1013,FRAME,Frame,"[20, 38, 67, 21]","[""HORIZONTAL"", ""HUG"", ""HUG"", ""NO_WRAP"", 4, 8, 4, 8, 0, false, ""AUTO"", {""horizontal"": ""MIN"", ""vertical"": ""MIN""}, null, null]",null,null,Structural inventory; findings and text review identify assessed defects
13:966,13:1015,13:1014,TEXT,NOT LIVE,"[8, 4, 51, 13]",null,null,null,Structural inventory; findings and text review identify assessed defects
13:966,13:1016,13:1013,FRAME,Frame,"[103, 20, 469, 57]","[""VERTICAL"", ""FILL"", ""HUG"", ""NO_WRAP"", 0, 0, 0, 0, 4, false, ""AUTO"", {""horizontal"": ""MIN"", ""vertical"": ""MIN""}, null, null]",null,null,Structural inventory; findings and text review identify assessed defects
13:966,13:1017,13:1016,TEXT,Paid Submission Workflows,"[0, 0, 306, 31]",null,"{""fills"": [{""type"": ""VARIABLE_ALIAS"", ""id"": ""VariableID:2:7""}]}",null,Structural inventory; findings and text review identify assessed defects
13:966,13:1018,13:1016,TEXT,"Safe billing structures, clear contract scopes, and refund boundaries.","[0, 35, 469, 22]",null,"{""fills"": [{""type"": ""VARIABLE_ALIAS"", ""id"": ""VariableID:2:8""}]}",null,Structural inventory; findings and text review identify assessed defects
13:966,13:1019,13:1006,FRAME,Planned Row 3,"[0, 226, 592, 97]","[""HORIZONTAL"", ""FILL"", ""HUG"", ""NO_WRAP"", 20, 20, 20, 20, 16, false, ""AUTO"", {""horizontal"": ""MIN"", ""vertical"": ""MIN""}, null, null]","{""fills"": [{""type"": ""VARIABLE_ALIAS"", ""id"": ""VariableID:2:5""}]}",null,Structural inventory; findings and text review identify assessed defects
13:966,13:1020,13:1019,FRAME,Frame,"[20, 38, 67, 21]","[""HORIZONTAL"", ""HUG"", ""HUG"", ""NO_WRAP"", 4, 8, 4, 8, 0, false, ""AUTO"", {""horizontal"": ""MIN"", ""vertical"": ""MIN""}, null, null]",null,null,Structural inventory; findings and text review identify assessed defects
13:966,13:1021,13:1020,TEXT,NOT LIVE,"[8, 4, 51, 13]",null,null,null,Structural inventory; findings and text review identify assessed defects
13:966,13:1022,13:1019,FRAME,Frame,"[103, 20, 469, 57]","[""VERTICAL"", ""FILL"", ""HUG"", ""NO_WRAP"", 0, 0, 0, 0, 4, false, ""AUTO"", {""horizontal"": ""MIN"", ""vertical"": ""MIN""}, null, null]",null,null,Structural inventory; findings and text review identify assessed defects
13:966,13:1023,13:1022,TEXT,Private Delivery Portal,"[0, 0, 247, 31]",null,"{""fills"": [{""type"": ""VARIABLE_ALIAS"", ""id"": ""VariableID:2:7""}]}",null,Structural inventory; findings and text review identify assessed defects
13:966,13:1024,13:1022,TEXT,Secure evidence delivery and permanent capture records.,"[0, 35, 469, 22]",null,"{""fills"": [{""type"": ""VARIABLE_ALIAS"", ""id"": ""VariableID:2:8""}]}",null,Structural inventory; findings and text review identify assessed defects
13:966,13:1025,13:1006,FRAME,Planned Row 4,"[0, 339, 592, 119]","[""HORIZONTAL"", ""FILL"", ""HUG"", ""NO_WRAP"", 20, 20, 20, 20, 16, false, ""AUTO"", {""horizontal"": ""MIN"", ""vertical"": ""MIN""}, null, null]","{""fills"": [{""type"": ""VARIABLE_ALIAS"", ""id"": ""VariableID:2:5""}]}",null,Structural inventory; findings and text review identify assessed defects
13:966,13:1026,13:1025,FRAME,Frame,"[20, 49, 81, 21]","[""HORIZONTAL"", ""HUG"", ""HUG"", ""NO_WRAP"", 4, 8, 4, 8, 0, false, ""AUTO"", {""horizontal"": ""MIN"", ""vertical"": ""MIN""}, null, null]","{""fills"": [{""type"": ""VARIABLE_ALIAS"", ""id"": ""VariableID:2:4""}]}",null,Structural inventory; findings and text review identify assessed defects
13:966,13:1027,13:1026,TEXT,UNDECIDED,"[8, 4, 65, 13]",null,"{""fills"": [{""type"": ""VARIABLE_ALIAS"", ""id"": ""VariableID:2:8""}]}",null,Structural inventory; findings and text review identify assessed defects
13:966,13:1028,13:1025,FRAME,Frame,"[117, 20, 455, 79]","[""VERTICAL"", ""FILL"", ""HUG"", ""NO_WRAP"", 0, 0, 0, 0, 4, false, ""AUTO"", {""horizontal"": ""MIN"", ""vertical"": ""MIN""}, null, null]",null,null,Structural inventory; findings and text review identify assessed defects
13:966,13:1029,13:1028,TEXT,Recurring review cadence,"[0, 0, 288, 31]",null,"{""fills"": [{""type"": ""VARIABLE_ALIAS"", ""id"": ""VariableID:2:7""}]}",null,Structural inventory; findings and text review identify assessed defects
13:966,13:1030,13:1028,TEXT,UNDECIDED / NOT LIVE. No recurring review or monitoring service is currently operating.,"[0, 35, 455, 44]",null,"{""fills"": [{""type"": ""VARIABLE_ALIAS"", ""id"": ""VariableID:2:8""}]}",null,Structural inventory; findings and text review identify assessed defects
13:966,13:1031,13:966,FRAME,Closing Route,"[0, 1271, 1440, 322]","[""VERTICAL"", ""FILL"", ""HUG"", ""NO_WRAP"", 96, 96, 96, 96, 32, false, ""AUTO"", {""horizontal"": ""MIN"", ""vertical"": ""MIN""}, null, null]","{""itemSpacing"": {""type"": ""VARIABLE_ALIAS"", ""id"": ""VariableID:2:14""}, ""paddingLeft"": {""type"": ""VARIABLE_ALIAS"", ""id"": ""VariableID:2:17""}, ""paddingTop"": {""type"": ""VARIABLE_ALIAS"", ""id"": ""VariableID:2:17""}, ""paddingRight"": {""type"": ""VARIABLE_ALIAS"", ""id"": ""VariableID:2:17""}, ""paddingBottom"": {""type"": ""VARIABLE_ALIAS"", ""id"": ""VariableID:2:17""}, ""fills"": [{""type"": ""VARIABLE_ALIAS"", ""id"": ""VariableID:2:4""}], ""strokes"": [{""type"": ""VARIABLE_ALIAS"", ""id"": ""VariableID:2:6""}]}",null,Structural inventory; findings and text review identify assessed defects
13:966,13:1032,13:1031,TEXT,"All operational steps, exact buyer segment definitions, price boundaries, and service timings remain owner decisions and are not finalized.","[360, 96, 720, 44]",null,"{""fills"": [{""type"": ""VARIABLE_ALIAS"", ""id"": ""VariableID:2:8""}]}",null,Structural inventory; findings and text review identify assessed defects
13:966,13:1033,13:1031,INSTANCE,Button / Primary,"[594, 172, 252, 54]","[""VERTICAL"", ""FIXED"", ""HUG"", ""NO_WRAP"", 16, 16, 16, 16, 16, false, ""AUTO"", {""horizontal"": ""MIN"", ""vertical"": ""MIN""}, null, null]","{""itemSpacing"": {""type"": ""VARIABLE_ALIAS"", ""id"": ""VariableID:2:12""}, ""paddingLeft"": {""type"": ""VARIABLE_ALIAS"", ""id"": ""VariableID:2:12""}, ""paddingTop"": {""type"": ""VARIABLE_ALIAS"", ""id"": ""VariableID:2:12""}, ""paddingRight"": {""type"": ""VARIABLE_ALIAS"", ""id"": ""VariableID:2:12""}, ""paddingBottom"": {""type"": ""VARIABLE_ALIAS"", ""id"": ""VariableID:2:12""}, ""fills"": [{""type"": ""VARIABLE_ALIAS"", ""id"": ""VariableID:2:9""}]}","[{""action"": {""type"": ""NODE"", ""destinationId"": ""13:480"", ""navigation"": ""NAVIGATE"", ""transition"": null, ""resetVideoPosition"": false}, ""actions"": [{""type"": ""NODE"", ""destinationId"": ""13:480"", ""navigation"": ""NAVIGATE"", ""transition"": null, ""resetVideoPosition"": false}], ""trigger"": {""type"": ""ON_CLICK""}}]",Structural inventory; findings and text review identify assessed defects
13:966,I13:1033;3:8,13:1033,TEXT,Label,"[16, 16, 220, 22]",null,"{""fills"": [{""type"": ""VARIABLE_ALIAS"", ""id"": ""VariableID:2:3""}]}",null,Structural inventory; findings and text review identify assessed defects
13:966,13:1035,13:966,INSTANCE,Footer / Desktop,"[0, 1593, 1440, 272]","[""VERTICAL"", ""FIXED"", ""HUG"", ""NO_WRAP"", 64, 96, 64, 96, 48, false, ""AUTO"", {""horizontal"": ""MIN"", ""vertical"": ""MIN""}, null, null]",null,null,Structural inventory; findings and text review identify assessed defects
13:966,I13:1035;13:305,13:1035,FRAME,Footer Top,"[96, 64, 1248, 57]","[""HORIZONTAL"", ""FILL"", ""HUG"", ""NO_WRAP"", 0, 0, 0, 0, 0, false, ""AUTO"", {""horizontal"": ""MIN"", ""vertical"": ""MIN""}, null, null]",null,null,Structural inventory; findings and text review identify assessed defects
13:966,I13:1035;13:306,I13:1035;13:305,FRAME,Footer Brand,"[0, 0, 481, 57]","[""VERTICAL"", ""HUG"", ""HUG"", ""NO_WRAP"", 0, 0, 0, 0, 8, false, ""AUTO"", {""horizontal"": ""MIN"", ""vertical"": ""MIN""}, null, null]",null,null,Structural inventory; findings and text review identify assessed defects
13:966,I13:1035;13:307,I13:1035;13:306,TEXT,Footer Wordmark,"[0, 0, 122, 27]",null,null,null,Structural inventory; findings and text review identify assessed defects
13:966,I13:1035;13:308,I13:1035;13:306,TEXT,A proposed evidence-led Generative Engine Optimization review concept.,"[0, 35, 481, 22]",null,null,null,Structural inventory; findings and text review identify assessed defects
13:966,I13:1035;13:309,I13:1035;13:305,FRAME,Footer Links,"[837, 0, 411, 22]","[""HORIZONTAL"", ""HUG"", ""HUG"", ""NO_WRAP"", 0, 0, 0, 0, 24, false, ""AUTO"", {""horizontal"": ""MIN"", ""vertical"": ""MIN""}, null, null]",null,null,Structural inventory; findings and text review identify assessed defects
13:966,I13:1035;13:310,I13:1035;13:309,TEXT,Home,"[0, 0, 39, 22]",null,null,"[{""action"": {""type"": ""NODE"", ""destinationId"": ""13:167"", ""navigation"": ""NAVIGATE"", ""transition"": null, ""resetVideoPosition"": false}, ""actions"": [{""type"": ""NODE"", ""destinationId"": ""13:167"", ""navigation"": ""NAVIGATE"", ""transition"": null, ""resetVideoPosition"": false}], ""trigger"": {""type"": ""ON_CLICK""}}]",Structural inventory; findings and text review identify assessed defects
13:966,I13:1035;13:311,I13:1035;13:309,TEXT,Method,"[63, 0, 51, 22]",null,null,"[{""action"": {""type"": ""NODE"", ""destinationId"": ""13:480"", ""navigation"": ""NAVIGATE"", ""transition"": null, ""resetVideoPosition"": false}, ""actions"": [{""type"": ""NODE"", ""destinationId"": ""13:480"", ""navigation"": ""NAVIGATE"", ""transition"": null, ""resetVideoPosition"": false}], ""trigger"": {""type"": ""ON_CLICK""}}]",Structural inventory; findings and text review identify assessed defects
13:966,I13:1035;13:312,I13:1035;13:309,TEXT,What is GEO,"[138, 0, 82, 22]",null,null,"[{""action"": {""type"": ""NODE"", ""destinationId"": ""13:602"", ""navigation"": ""NAVIGATE"", ""transition"": null, ""resetVideoPosition"": false}, ""actions"": [{""type"": ""NODE"", ""destinationId"": ""13:602"", ""navigation"": ""NAVIGATE"", ""transition"": null, ""resetVideoPosition"": false}], ""trigger"": {""type"": ""ON_CLICK""}}]",Structural inventory; findings and text review identify assessed defects
13:966,I13:1035;13:313,I13:1035;13:309,TEXT,Example Report,"[244, 0, 103, 22]",null,null,"[{""action"": {""type"": ""NODE"", ""destinationId"": ""13:682"", ""navigation"": ""NAVIGATE"", ""transition"": null, ""resetVideoPosition"": false}, ""actions"": [{""type"": ""NODE"", ""destinationId"": ""13:682"", ""navigation"": ""NAVIGATE"", ""transition"": null, ""resetVideoPosition"": false}], ""trigger"": {""type"": ""ON_CLICK""}}]",Structural inventory; findings and text review identify assessed defects
13:966,I13:1035;13:314,I13:1035;13:309,TEXT,About,"[371, 0, 40, 22]",null,null,"[{""action"": {""type"": ""NODE"", ""destinationId"": ""13:893"", ""navigation"": ""NAVIGATE"", ""transition"": null, ""resetVideoPosition"": false}, ""actions"": [{""type"": ""NODE"", ""destinationId"": ""13:893"", ""navigation"": ""NAVIGATE"", ""transition"": null, ""resetVideoPosition"": false}], ""trigger"": {""type"": ""ON_CLICK""}}]",Structural inventory; findings and text review identify assessed defects
13:966,I13:1035;13:315,13:1035,FRAME,Footer Bottom,"[96, 169, 1248, 39]","[""VERTICAL"", ""FILL"", ""HUG"", ""NO_WRAP"", 0, 0, 0, 0, 16, false, ""AUTO"", {""horizontal"": ""MIN"", ""vertical"": ""MIN""}, null, null]",null,null,Structural inventory; findings and text review identify assessed defects
13:966,I13:1035;13:316,I13:1035;13:315,RECTANGLE,Rectangle,"[0, 0, 1248, 1]",null,null,null,Structural inventory; findings and text review identify assessed defects
13:966,I13:1035;13:317,I13:1035;13:315,TEXT,"DESIGN CONCEPT · SEP 2026 — Offer, pricing, timing, collection, delivery, and availability remain subject to owner decisions.","[0, 17, 1248, 22]",null,null,null,Structural inventory; findings and text review identify assessed defects
14:701,14:701,0:1,FRAME,MindLeverX — About / Mobile,"[16266, 876, 390, 4490]","[""VERTICAL"", ""FIXED"", ""HUG"", ""NO_WRAP"", 0, 0, 0, 0, 0, true, ""AUTO"", {""horizontal"": ""MIN"", ""vertical"": ""MIN""}, null, null]","{""fills"": [{""type"": ""VARIABLE_ALIAS"", ""id"": ""VariableID:2:3""}]}",null,Structural inventory; findings and text review identify assessed defects
14:701,14:702,14:701,FRAME,Mobile Status Bar Simulator,"[0, 0, 390, 34]","[""HORIZONTAL"", ""FILL"", ""HUG"", ""NO_WRAP"", 12, 24, 4, 24, 0, false, ""AUTO"", {""horizontal"": ""MIN"", ""vertical"": ""MIN""}, null, null]",null,null,Structural inventory; findings and text review identify assessed defects
14:701,14:703,14:702,TEXT,9:41,"[24, 12, 27, 18]",null,"{""fills"": [{""type"": ""VARIABLE_ALIAS"", ""id"": ""VariableID:2:7""}]}",null,Structural inventory; findings and text review identify assessed defects
14:701,14:704,14:702,FRAME,Frame,"[297, 12, 69, 11]","[""HORIZONTAL"", ""HUG"", ""HUG"", ""NO_WRAP"", 0, 0, 0, 0, 6, false, ""AUTO"", {""horizontal"": ""MIN"", ""vertical"": ""MIN""}, null, null]",null,null,Structural inventory; findings and text review identify assessed defects
14:701,14:705,14:704,FRAME,ios-signal,"[0, 0, 17, 11]","[""NONE"", ""FIXED"", ""FIXED"", ""NO_WRAP"", 0, 0, 0, 0, 0, true, ""AUTO"", {""horizontal"": ""MIN"", ""vertical"": ""MIN""}, null, null]",null,null,Structural inventory; findings and text review identify assessed defects
14:701,14:706,14:705,VECTOR,Vector,"[0, 2.4123001098632812, 16.31999969482422, 6.725399971008301]",null,"{""fills"": [{""type"": ""VARIABLE_ALIAS"", ""id"": ""VariableID:2:7""}]}",null,Structural inventory; findings and text review identify assessed defects
14:701,14:707,14:704,FRAME,ios-wifi-signal,"[23, 0, 15, 11]","[""NONE"", ""FIXED"", ""FIXED"", ""NO_WRAP"", 0, 0, 0, 0, 0, true, ""AUTO"", {""horizontal"": ""MIN"", ""vertical"": ""MIN""}, null, null]",null,null,Structural inventory; findings and text review identify assessed defects
14:701,14:708,14:707,VECTOR,Vector,"[0.75, 1.8348000049591064, 12.856277465820312, 6.780544281005859]",null,"{""fills"": [{""type"": ""VARIABLE_ALIAS"", ""id"": ""VariableID:2:7""}]}",null,Structural inventory; findings and text review identify assessed defects
14:701,14:709,14:704,FRAME,ios-battery-full,"[44, 0, 25, 11]","[""NONE"", ""FIXED"", ""FIXED"", ""NO_WRAP"", 0, 0, 0, 0, 0, true, ""AUTO"", {""horizontal"": ""MIN"", ""vertical"": ""MIN""}, null, null]",null,null,Structural inventory; findings and text review identify assessed defects
14:701,14:710,14:709,VECTOR,Vector,"[0, 2.200000047683716, 24.400089263916016, 7.150000095367432]",null,"{""fills"": [{""type"": ""VARIABLE_ALIAS"", ""id"": ""VariableID:2:7""}]}",null,Structural inventory; findings and text review identify assessed defects
14:701,14:711,14:701,INSTANCE,Header / Mobile,"[0, 34, 390, 62]","[""HORIZONTAL"", ""FILL"", ""HUG"", ""NO_WRAP"", 16, 24, 16, 24, 0, false, ""AUTO"", {""horizontal"": ""MIN"", ""vertical"": ""MIN""}, null, null]","{""strokes"": [{""type"": ""VARIABLE_ALIAS"", ""id"": ""VariableID:2:6""}]}",null,Structural inventory; findings and text review identify assessed defects
14:701,I14:711;13:330,14:711,FRAME,Brand Identity,"[24, 17, 146, 28]","[""HORIZONTAL"", ""HUG"", ""HUG"", ""NO_WRAP"", 0, 0, 0, 0, 10, false, ""AUTO"", {""horizontal"": ""MIN"", ""vertical"": ""MIN""}, null, null]",null,null,Structural inventory; findings and text review identify assessed defects
14:701,I14:711;13:331,I14:711;13:330,FRAME,Logo Mark,"[0, 0, 28, 28]","[""HORIZONTAL"", ""FIXED"", ""FIXED"", ""NO_WRAP"", 0, 0, 0, 0, 0, false, ""AUTO"", {""horizontal"": ""MIN"", ""vertical"": ""MIN""}, null, null]",null,null,Structural inventory; findings and text review identify assessed defects
14:701,I14:711;13:332,I14:711;13:331,FRAME,cross,"[6, 5, 16, 18]","[""HORIZONTAL"", ""FIXED"", ""FIXED"", ""NO_WRAP"", 0, 0, 0, 0, 0, true, ""AUTO"", {""horizontal"": ""MIN"", ""vertical"": ""MIN""}, null, null]",null,null,Structural inventory; findings and text review identify assessed defects
14:701,I14:711;13:333,I14:711;13:332,VECTOR,Vector,"[2, 3, 12, 12]",null,null,null,Structural inventory; findings and text review identify assessed defects
14:701,I14:711;13:334,I14:711;13:330,TEXT,Wordmark,"[38, 3, 108, 22]",null,"{""fills"": [{""type"": ""VARIABLE_ALIAS"", ""id"": ""VariableID:2:7""}]}",null,Structural inventory; findings and text review identify assessed defects
14:701,I14:711;13:335,14:711,FRAME,Menu Control,"[307, 16, 59, 30]","[""HORIZONTAL"", ""HUG"", ""HUG"", ""NO_WRAP"", 6, 12, 6, 12, 0, false, ""AUTO"", {""horizontal"": ""MIN"", ""vertical"": ""MIN""}, null, null]","{""strokes"": [{""type"": ""VARIABLE_ALIAS"", ""id"": ""VariableID:2:6""}]}","[{""action"": {""type"": ""NODE"", ""destinationId"": ""14:873"", ""navigation"": ""NAVIGATE"", ""transition"": null, ""resetVideoPosition"": false}, ""actions"": [{""type"": ""NODE"", ""destinationId"": ""14:873"", ""navigation"": ""NAVIGATE"", ""transition"": null, ""resetVideoPosition"": false}], ""trigger"": {""type"": ""ON_CLICK""}}]",Structural inventory; findings and text review identify assessed defects
14:701,I14:711;13:336,I14:711;13:335,TEXT,MENU,"[12, 6, 35, 18]",null,"{""fills"": [{""type"": ""VARIABLE_ALIAS"", ""id"": ""VariableID:2:8""}]}",null,Structural inventory; findings and text review identify assessed defects
14:701,14:719,14:701,FRAME,Hero Section,"[0, 96, 390, 456]","[""VERTICAL"", ""FILL"", ""HUG"", ""NO_WRAP"", 48, 24, 48, 24, 24, false, ""AUTO"", {""horizontal"": ""MIN"", ""vertical"": ""MIN""}, null, null]","{""itemSpacing"": {""type"": ""VARIABLE_ALIAS"", ""id"": ""VariableID:2:13""}, ""paddingLeft"": {""type"": ""VARIABLE_ALIAS"", ""id"": ""VariableID:2:13""}, ""paddingTop"": {""type"": ""VARIABLE_ALIAS"", ""id"": ""VariableID:2:15""}, ""paddingRight"": {""type"": ""VARIABLE_ALIAS"", ""id"": ""VariableID:2:13""}, ""paddingBottom"": {""type"": ""VARIABLE_ALIAS"", ""id"": ""VariableID:2:15""}}",null,Structural inventory; findings and text review identify assessed defects
14:701,14:720,14:719,TEXT,CONCEPT DESIGN,"[24, 48, 342, 18]",null,"{""fills"": [{""type"": ""VARIABLE_ALIAS"", ""id"": ""VariableID:2:10""}]}",null,Structural inventory; findings and text review identify assessed defects
14:701,14:721,14:719,TEXT,A small practice built around clearer evidence,"[24, 90, 342, 120]",null,"{""fills"": [{""type"": ""VARIABLE_ALIAS"", ""id"": ""VariableID:2:7""}]}",null,Structural inventory; findings and text review identify assessed defects
14:701,14:722,14:719,TEXT,MindLeverX is a developing concept for a proposed evidence-led GEO review service. We prioritize honest observation and structural facts over optimization metrics and outcomes. Exact buyer segment and offer remain undecided.,"[24, 234, 342, 174]",null,"{""fills"": [{""type"": ""VARIABLE_ALIAS"", ""id"": ""VariableID:2:8""}]}",null,Structural inventory; findings and text review identify assessed defects
14:701,14:723,14:701,FRAME,Core Approach,"[0, 552, 390, 461]","[""VERTICAL"", ""FILL"", ""HUG"", ""NO_WRAP"", 48, 24, 48, 24, 32, false, ""AUTO"", {""horizontal"": ""MIN"", ""vertical"": ""MIN""}, null, null]","{""itemSpacing"": {""type"": ""VARIABLE_ALIAS"", ""id"": ""VariableID:2:14""}, ""paddingLeft"": {""type"": ""VARIABLE_ALIAS"", ""id"": ""VariableID:2:13""}, ""paddingTop"": {""type"": ""VARIABLE_ALIAS"", ""id"": ""VariableID:2:15""}, ""paddingRight"": {""type"": ""VARIABLE_ALIAS"", ""id"": ""VariableID:2:13""}, ""paddingBottom"": {""type"": ""VARIABLE_ALIAS"", ""id"": ""VariableID:2:15""}, ""fills"": [{""type"": ""VARIABLE_ALIAS"", ""id"": ""VariableID:2:5""}], ""strokes"": [{""type"": ""VARIABLE_ALIAS"", ""id"": ""VariableID:2:6""}]}",null,Structural inventory; findings and text review identify assessed defects
14:701,14:724,14:723,TEXT,OUR CORE PERSPECTIVE,"[24, 48, 342, 18]",null,"{""fills"": [{""type"": ""VARIABLE_ALIAS"", ""id"": ""VariableID:2:10""}]}",null,Structural inventory; findings and text review identify assessed defects
14:701,14:725,14:723,TEXT,Observe carefully. Retain context.,"[24, 98, 342, 80]",null,"{""fills"": [{""type"": ""VARIABLE_ALIAS"", ""id"": ""VariableID:2:7""}]}",null,Structural inventory; findings and text review identify assessed defects
14:701,14:726,14:723,TEXT,"We propose an analytical review method that separates findings from interpretation. By explicitly stating limitations and relying on diligent human review, we design proposed next actions only when direct empirical evidence supports them.","[24, 210, 342, 203]",null,"{""fills"": [{""type"": ""VARIABLE_ALIAS"", ""id"": ""VariableID:2:8""}]}",null,Structural inventory; findings and text review identify assessed defects
14:701,14:727,14:701,FRAME,Principles Section,"[0, 1013, 390, 1797]","[""VERTICAL"", ""FILL"", ""HUG"", ""NO_WRAP"", 48, 24, 48, 24, 32, false, ""AUTO"", {""horizontal"": ""MIN"", ""vertical"": ""MIN""}, null, null]","{""itemSpacing"": {""type"": ""VARIABLE_ALIAS"", ""id"": ""VariableID:2:14""}, ""paddingLeft"": {""type"": ""VARIABLE_ALIAS"", ""id"": ""VariableID:2:13""}, ""paddingTop"": {""type"": ""VARIABLE_ALIAS"", ""id"": ""VariableID:2:15""}, ""paddingRight"": {""type"": ""VARIABLE_ALIAS"", ""id"": ""VariableID:2:13""}, ""paddingBottom"": {""type"": ""VARIABLE_ALIAS"", ""id"": ""VariableID:2:15""}}",null,Structural inventory; findings and text review identify assessed defects
14:701,14:728,14:727,FRAME,Frame,"[24, 48, 342, 106]","[""VERTICAL"", ""FILL"", ""HUG"", ""NO_WRAP"", 0, 0, 0, 0, 8, false, ""AUTO"", {""horizontal"": ""MIN"", ""vertical"": ""MIN""}, null, null]",null,null,Structural inventory; findings and text review identify assessed defects
14:701,14:729,14:728,TEXT,OPERATING FOUNDATIONS,"[0, 0, 342, 18]",null,"{""fills"": [{""type"": ""VARIABLE_ALIAS"", ""id"": ""VariableID:2:10""}]}",null,Structural inventory; findings and text review identify assessed defects
14:701,14:730,14:728,TEXT,Our five core principles,"[0, 26, 342, 80]",null,"{""fills"": [{""type"": ""VARIABLE_ALIAS"", ""id"": ""VariableID:2:7""}]}",null,Structural inventory; findings and text review identify assessed defects
14:701,14:731,14:727,FRAME,Frame,"[24, 186, 342, 1563]","[""VERTICAL"", ""FILL"", ""HUG"", ""NO_WRAP"", 0, 0, 0, 0, 16, false, ""AUTO"", {""horizontal"": ""MIN"", ""vertical"": ""MIN""}, null, null]",null,null,Structural inventory; findings and text review identify assessed defects
14:701,14:732,14:731,INSTANCE,Card / Audit area,"[0, 0, 342, 294]","[""VERTICAL"", ""FILL"", ""HUG"", ""NO_WRAP"", 32, 32, 32, 32, 16, false, ""AUTO"", {""horizontal"": ""MIN"", ""vertical"": ""MIN""}, null, null]","{""itemSpacing"": {""type"": ""VARIABLE_ALIAS"", ""id"": ""VariableID:2:12""}, ""paddingLeft"": {""type"": ""VARIABLE_ALIAS"", ""id"": ""VariableID:2:14""}, ""paddingTop"": {""type"": ""VARIABLE_ALIAS"", ""id"": ""VariableID:2:14""}, ""paddingRight"": {""type"": ""VARIABLE_ALIAS"", ""id"": ""VariableID:2:14""}, ""paddingBottom"": {""type"": ""VARIABLE_ALIAS"", ""id"": ""VariableID:2:14""}, ""fills"": [{""type"": ""VARIABLE_ALIAS"", ""id"": ""VariableID:2:4""}], ""strokes"": [{""type"": ""VARIABLE_ALIAS"", ""id"": ""VariableID:2:6""}]}",null,Structural inventory; findings and text review identify assessed defects
14:701,I14:732;3:10,14:732,TEXT,Index,"[33, 33, 276, 18]",null,"{""fills"": [{""type"": ""VARIABLE_ALIAS"", ""id"": ""VariableID:2:10""}]}",null,Structural inventory; findings and text review identify assessed defects
14:701,I14:732;3:11,14:732,TEXT,Title,"[33, 67, 276, 62]",null,"{""fills"": [{""type"": ""VARIABLE_ALIAS"", ""id"": ""VariableID:2:7""}]}",null,Structural inventory; findings and text review identify assessed defects
14:701,I14:732;3:12,14:732,TEXT,Body,"[33, 145, 276, 116]",null,"{""fills"": [{""type"": ""VARIABLE_ALIAS"", ""id"": ""VariableID:2:8""}]}",null,Structural inventory; findings and text review identify assessed defects
14:701,14:736,14:731,INSTANCE,Card / Audit area,"[0, 310, 342, 323]","[""VERTICAL"", ""FILL"", ""HUG"", ""NO_WRAP"", 32, 32, 32, 32, 16, false, ""AUTO"", {""horizontal"": ""MIN"", ""vertical"": ""MIN""}, null, null]","{""itemSpacing"": {""type"": ""VARIABLE_ALIAS"", ""id"": ""VariableID:2:12""}, ""paddingLeft"": {""type"": ""VARIABLE_ALIAS"", ""id"": ""VariableID:2:14""}, ""paddingTop"": {""type"": ""VARIABLE_ALIAS"", ""id"": ""VariableID:2:14""}, ""paddingRight"": {""type"": ""VARIABLE_ALIAS"", ""id"": ""VariableID:2:14""}, ""paddingBottom"": {""type"": ""VARIABLE_ALIAS"", ""id"": ""VariableID:2:14""}, ""fills"": [{""type"": ""VARIABLE_ALIAS"", ""id"": ""VariableID:2:4""}], ""strokes"": [{""type"": ""VARIABLE_ALIAS"", ""id"": ""VariableID:2:6""}]}",null,Structural inventory; findings and text review identify assessed defects
14:701,I14:736;3:10,14:736,TEXT,Index,"[33, 33, 276, 18]",null,"{""fills"": [{""type"": ""VARIABLE_ALIAS"", ""id"": ""VariableID:2:10""}]}",null,Structural inventory; findings and text review identify assessed defects
14:701,I14:736;3:11,14:736,TEXT,Title,"[33, 67, 276, 62]",null,"{""fills"": [{""type"": ""VARIABLE_ALIAS"", ""id"": ""VariableID:2:7""}]}",null,Structural inventory; findings and text review identify assessed defects
14:701,I14:736;3:12,14:736,TEXT,Body,"[33, 145, 276, 145]",null,"{""fills"": [{""type"": ""VARIABLE_ALIAS"", ""id"": ""VariableID:2:8""}]}",null,Structural inventory; findings and text review identify assessed defects
14:701,14:740,14:731,INSTANCE,Card / Audit area,"[0, 649, 342, 294]","[""VERTICAL"", ""FILL"", ""HUG"", ""NO_WRAP"", 32, 32, 32, 32, 16, false, ""AUTO"", {""horizontal"": ""MIN"", ""vertical"": ""MIN""}, null, null]","{""itemSpacing"": {""type"": ""VARIABLE_ALIAS"", ""id"": ""VariableID:2:12""}, ""paddingLeft"": {""type"": ""VARIABLE_ALIAS"", ""id"": ""VariableID:2:14""}, ""paddingTop"": {""type"": ""VARIABLE_ALIAS"", ""id"": ""VariableID:2:14""}, ""paddingRight"": {""type"": ""VARIABLE_ALIAS"", ""id"": ""VariableID:2:14""}, ""paddingBottom"": {""type"": ""VARIABLE_ALIAS"", ""id"": ""VariableID:2:14""}, ""fills"": [{""type"": ""VARIABLE_ALIAS"", ""id"": ""VariableID:2:4""}], ""strokes"": [{""type"": ""VARIABLE_ALIAS"", ""id"": ""VariableID:2:6""}]}",null,Structural inventory; findings and text review identify assessed defects
14:701,I14:740;3:10,14:740,TEXT,Index,"[33, 33, 276, 18]",null,"{""fills"": [{""type"": ""VARIABLE_ALIAS"", ""id"": ""VariableID:2:10""}]}",null,Structural inventory; findings and text review identify assessed defects
14:701,I14:740;3:11,14:740,TEXT,Title,"[33, 67, 276, 62]",null,"{""fills"": [{""type"": ""VARIABLE_ALIAS"", ""id"": ""VariableID:2:7""}]}",null,Structural inventory; findings and text review identify assessed defects
14:701,I14:740;3:12,14:740,TEXT,Body,"[33, 145, 276, 116]",null,"{""fills"": [{""type"": ""VARIABLE_ALIAS"", ""id"": ""VariableID:2:8""}]}",null,Structural inventory; findings and text review identify assessed defects
14:701,14:744,14:731,INSTANCE,Card / Audit area,"[0, 959, 342, 294]","[""VERTICAL"", ""FILL"", ""HUG"", ""NO_WRAP"", 32, 32, 32, 32, 16, false, ""AUTO"", {""horizontal"": ""MIN"", ""vertical"": ""MIN""}, null, null]","{""itemSpacing"": {""type"": ""VARIABLE_ALIAS"", ""id"": ""VariableID:2:12""}, ""paddingLeft"": {""type"": ""VARIABLE_ALIAS"", ""id"": ""VariableID:2:14""}, ""paddingTop"": {""type"": ""VARIABLE_ALIAS"", ""id"": ""VariableID:2:14""}, ""paddingRight"": {""type"": ""VARIABLE_ALIAS"", ""id"": ""VariableID:2:14""}, ""paddingBottom"": {""type"": ""VARIABLE_ALIAS"", ""id"": ""VariableID:2:14""}, ""fills"": [{""type"": ""VARIABLE_ALIAS"", ""id"": ""VariableID:2:4""}], ""strokes"": [{""type"": ""VARIABLE_ALIAS"", ""id"": ""VariableID:2:6""}]}",null,Structural inventory; findings and text review identify assessed defects
14:701,I14:744;3:10,14:744,TEXT,Index,"[33, 33, 276, 18]",null,"{""fills"": [{""type"": ""VARIABLE_ALIAS"", ""id"": ""VariableID:2:10""}]}",null,Structural inventory; findings and text review identify assessed defects
14:701,I14:744;3:11,14:744,TEXT,Title,"[33, 67, 276, 62]",null,"{""fills"": [{""type"": ""VARIABLE_ALIAS"", ""id"": ""VariableID:2:7""}]}",null,Structural inventory; findings and text review identify assessed defects
14:701,I14:744;3:12,14:744,TEXT,Body,"[33, 145, 276, 116]",null,"{""fills"": [{""type"": ""VARIABLE_ALIAS"", ""id"": ""VariableID:2:8""}]}",null,Structural inventory; findings and text review identify assessed defects
14:701,14:748,14:731,INSTANCE,Card / Audit area,"[0, 1269, 342, 294]","[""VERTICAL"", ""FILL"", ""HUG"", ""NO_WRAP"", 32, 32, 32, 32, 16, false, ""AUTO"", {""horizontal"": ""MIN"", ""vertical"": ""MIN""}, null, null]","{""itemSpacing"": {""type"": ""VARIABLE_ALIAS"", ""id"": ""VariableID:2:12""}, ""paddingLeft"": {""type"": ""VARIABLE_ALIAS"", ""id"": ""VariableID:2:14""}, ""paddingTop"": {""type"": ""VARIABLE_ALIAS"", ""id"": ""VariableID:2:14""}, ""paddingRight"": {""type"": ""VARIABLE_ALIAS"", ""id"": ""VariableID:2:14""}, ""paddingBottom"": {""type"": ""VARIABLE_ALIAS"", ""id"": ""VariableID:2:14""}, ""fills"": [{""type"": ""VARIABLE_ALIAS"", ""id"": ""VariableID:2:4""}], ""strokes"": [{""type"": ""VARIABLE_ALIAS"", ""id"": ""VariableID:2:6""}]}",null,Structural inventory; findings and text review identify assessed defects
14:701,I14:748;3:10,14:748,TEXT,Index,"[33, 33, 276, 18]",null,"{""fills"": [{""type"": ""VARIABLE_ALIAS"", ""id"": ""VariableID:2:10""}]}",null,Structural inventory; findings and text review identify assessed defects
14:701,I14:748;3:11,14:748,TEXT,Title,"[33, 67, 276, 62]",null,"{""fills"": [{""type"": ""VARIABLE_ALIAS"", ""id"": ""VariableID:2:7""}]}",null,Structural inventory; findings and text review identify assessed defects
14:701,I14:748;3:12,14:748,TEXT,Body,"[33, 145, 276, 116]",null,"{""fills"": [{""type"": ""VARIABLE_ALIAS"", ""id"": ""VariableID:2:8""}]}",null,Structural inventory; findings and text review identify assessed defects
14:701,14:752,14:701,FRAME,Scope Boundaries,"[0, 2810, 390, 374]","[""VERTICAL"", ""FILL"", ""HUG"", ""NO_WRAP"", 48, 24, 48, 24, 24, false, ""AUTO"", {""horizontal"": ""MIN"", ""vertical"": ""MIN""}, null, null]","{""itemSpacing"": {""type"": ""VARIABLE_ALIAS"", ""id"": ""VariableID:2:13""}, ""paddingLeft"": {""type"": ""VARIABLE_ALIAS"", ""id"": ""VariableID:2:13""}, ""paddingTop"": {""type"": ""VARIABLE_ALIAS"", ""id"": ""VariableID:2:15""}, ""paddingRight"": {""type"": ""VARIABLE_ALIAS"", ""id"": ""VariableID:2:13""}, ""paddingBottom"": {""type"": ""VARIABLE_ALIAS"", ""id"": ""VariableID:2:15""}, ""fills"": [{""type"": ""VARIABLE_ALIAS"", ""id"": ""VariableID:2:4""}], ""strokes"": [{""type"": ""VARIABLE_ALIAS"", ""id"": ""VariableID:2:6""}]}",null,Structural inventory; findings and text review identify assessed defects
14:701,14:753,14:752,TEXT,DEVELOPMENT TRANSPARENCY,"[24, 48, 342, 18]",null,null,null,Structural inventory; findings and text review identify assessed defects
14:701,14:754,14:752,TEXT,What is not being claimed,"[24, 90, 342, 80]",null,"{""fills"": [{""type"": ""VARIABLE_ALIAS"", ""id"": ""VariableID:2:7""}]}",null,Structural inventory; findings and text review identify assessed defects
14:701,14:755,14:752,TEXT,"For complete clarity, this concept does not specify a founder biography, credentials, team size, ownership structure, staff, clients, customers, partners, awards, proprietary advantage, guaranteed outcomes, or completed operating service. Do not invent or imply any of these.","[24, 194, 342, 132]",null,"{""fills"": [{""type"": ""VARIABLE_ALIAS"", ""id"": ""VariableID:2:8""}]}",null,Structural inventory; findings and text review identify assessed defects
14:701,14:756,14:701,FRAME,Current Status,"[0, 3184, 390, 716]","[""VERTICAL"", ""FILL"", ""HUG"", ""NO_WRAP"", 48, 24, 48, 24, 32, false, ""AUTO"", {""horizontal"": ""MIN"", ""vertical"": ""MIN""}, null, null]","{""itemSpacing"": {""type"": ""VARIABLE_ALIAS"", ""id"": ""VariableID:2:14""}, ""paddingLeft"": {""type"": ""VARIABLE_ALIAS"", ""id"": ""VariableID:2:13""}, ""paddingTop"": {""type"": ""VARIABLE_ALIAS"", ""id"": ""VariableID:2:15""}, ""paddingRight"": {""type"": ""VARIABLE_ALIAS"", ""id"": ""VariableID:2:13""}, ""paddingBottom"": {""type"": ""VARIABLE_ALIAS"", ""id"": ""VariableID:2:15""}, ""fills"": [{""type"": ""VARIABLE_ALIAS"", ""id"": ""VariableID:2:5""}]}",null,Structural inventory; findings and text review identify assessed defects
14:701,14:757,14:756,FRAME,Frame,"[24, 48, 342, 374]","[""VERTICAL"", ""FILL"", ""HUG"", ""NO_WRAP"", 0, 0, 0, 0, 12, false, ""AUTO"", {""horizontal"": ""MIN"", ""vertical"": ""MIN""}, null, null]",null,null,Structural inventory; findings and text review identify assessed defects
14:701,14:758,14:757,TEXT,PROPOSAL STATUS,"[0, 0, 342, 18]",null,"{""fills"": [{""type"": ""VARIABLE_ALIAS"", ""id"": ""VariableID:2:10""}]}",null,Structural inventory; findings and text review identify assessed defects
14:701,14:759,14:757,TEXT,Early Conceptual Stage,"[0, 30, 342, 80]",null,"{""fills"": [{""type"": ""VARIABLE_ALIAS"", ""id"": ""VariableID:2:7""}]}",null,Structural inventory; findings and text review identify assessed defects
14:701,14:760,14:757,TEXT,"The site interface, research templates, and general method remain concepts. The final operational models, offer scopes, exact user targets, and timing boundaries are subject to owner decisions.","[0, 122, 342, 174]",null,"{""fills"": [{""type"": ""VARIABLE_ALIAS"", ""id"": ""VariableID:2:8""}]}",null,Structural inventory; findings and text review identify assessed defects
14:701,14:761,14:757,TEXT,"Qualified collection, payment workflows, private report delivery, and recurring cadence are currently unfinished and not live.","[0, 308, 342, 66]",null,"{""fills"": [{""type"": ""VARIABLE_ALIAS"", ""id"": ""VariableID:2:8""}]}",null,Structural inventory; findings and text review identify assessed defects
14:701,14:762,14:756,FRAME,Frame,"[24, 454, 342, 116]","[""VERTICAL"", ""FILL"", ""HUG"", ""NO_WRAP"", 0, 0, 0, 0, 12, false, ""AUTO"", {""horizontal"": ""MIN"", ""vertical"": ""MIN""}, null, null]",null,null,Structural inventory; findings and text review identify assessed defects
14:701,14:763,14:762,INSTANCE,Button / Primary,"[0, 0, 342, 54]","[""VERTICAL"", ""FILL"", ""HUG"", ""NO_WRAP"", 16, 16, 16, 16, 16, false, ""AUTO"", {""horizontal"": ""MIN"", ""vertical"": ""MIN""}, null, null]","{""itemSpacing"": {""type"": ""VARIABLE_ALIAS"", ""id"": ""VariableID:2:12""}, ""paddingLeft"": {""type"": ""VARIABLE_ALIAS"", ""id"": ""VariableID:2:12""}, ""paddingTop"": {""type"": ""VARIABLE_ALIAS"", ""id"": ""VariableID:2:12""}, ""paddingRight"": {""type"": ""VARIABLE_ALIAS"", ""id"": ""VariableID:2:12""}, ""paddingBottom"": {""type"": ""VARIABLE_ALIAS"", ""id"": ""VariableID:2:12""}, ""fills"": [{""type"": ""VARIABLE_ALIAS"", ""id"": ""VariableID:2:9""}]}","[{""action"": {""type"": ""NODE"", ""destinationId"": ""14:266"", ""navigation"": ""NAVIGATE"", ""transition"": null, ""resetVideoPosition"": false}, ""actions"": [{""type"": ""NODE"", ""destinationId"": ""14:266"", ""navigation"": ""NAVIGATE"", ""transition"": null, ""resetVideoPosition"": false}], ""trigger"": {""type"": ""ON_CLICK""}}]",Structural inventory; findings and text review identify assessed defects
14:701,I14:763;3:8,14:763,TEXT,Label,"[16, 16, 310, 22]",null,"{""fills"": [{""type"": ""VARIABLE_ALIAS"", ""id"": ""VariableID:2:3""}]}",null,Structural inventory; findings and text review identify assessed defects
14:701,14:765,14:762,FRAME,Secondary Route,"[0, 66, 342, 50]","[""VERTICAL"", ""FILL"", ""HUG"", ""NO_WRAP"", 16, 16, 16, 16, 0, false, ""AUTO"", {""horizontal"": ""MIN"", ""vertical"": ""MIN""}, null, null]","{""paddingLeft"": {""type"": ""VARIABLE_ALIAS"", ""id"": ""VariableID:2:12""}, ""paddingTop"": {""type"": ""VARIABLE_ALIAS"", ""id"": ""VariableID:2:12""}, ""paddingRight"": {""type"": ""VARIABLE_ALIAS"", ""id"": ""VariableID:2:12""}, ""paddingBottom"": {""type"": ""VARIABLE_ALIAS"", ""id"": ""VariableID:2:12""}, ""strokes"": [{""type"": ""VARIABLE_ALIAS"", ""id"": ""VariableID:2:6""}]}","[{""action"": {""type"": ""NODE"", ""destinationId"": ""14:785"", ""navigation"": ""NAVIGATE"", ""transition"": null, ""resetVideoPosition"": false}, ""actions"": [{""type"": ""NODE"", ""destinationId"": ""14:785"", ""navigation"": ""NAVIGATE"", ""transition"": null, ""resetVideoPosition"": false}], ""trigger"": {""type"": ""ON_CLICK""}}]",Structural inventory; findings and text review identify assessed defects
14:701,14:766,14:765,TEXT,View availability,"[123, 16, 96, 18]",null,"{""fills"": [{""type"": ""VARIABLE_ALIAS"", ""id"": ""VariableID:2:10""}]}",null,Structural inventory; findings and text review identify assessed defects
14:701,14:767,14:756,TEXT,"All operational steps, exact buyer segment definitions, price boundaries, and service timings remain owner decisions and are not finalized.","[24, 602, 342, 66]",null,"{""fills"": [{""type"": ""VARIABLE_ALIAS"", ""id"": ""VariableID:2:8""}]}",null,Structural inventory; findings and text review identify assessed defects
14:701,14:768,14:701,INSTANCE,Footer / Mobile,"[0, 3900, 390, 557]","[""VERTICAL"", ""FILL"", ""HUG"", ""NO_WRAP"", 48, 24, 48, 24, 32, false, ""AUTO"", {""horizontal"": ""MIN"", ""vertical"": ""MIN""}, null, null]","{""paddingLeft"": {""type"": ""VARIABLE_ALIAS"", ""id"": ""VariableID:2:13""}, ""paddingTop"": {""type"": ""VARIABLE_ALIAS"", ""id"": ""VariableID:2:15""}, ""paddingRight"": {""type"": ""VARIABLE_ALIAS"", ""id"": ""VariableID:2:13""}, ""paddingBottom"": {""type"": ""VARIABLE_ALIAS"", ""id"": ""VariableID:2:15""}, ""strokes"": [{""type"": ""VARIABLE_ALIAS"", ""id"": ""VariableID:2:6""}]}",null,Structural inventory; findings and text review identify assessed defects
14:701,I14:768;13:451,14:768,FRAME,Frame,"[24, 48, 342, 86]","[""VERTICAL"", ""FILL"", ""HUG"", ""NO_WRAP"", 0, 0, 0, 0, 12, false, ""AUTO"", {""horizontal"": ""MIN"", ""vertical"": ""MIN""}, null, null]",null,null,Structural inventory; findings and text review identify assessed defects
14:701,I14:768;13:452,I14:768;13:451,TEXT,MindLeverX.,"[0, 0, 135, 30]",null,"{""fills"": [{""type"": ""VARIABLE_ALIAS"", ""id"": ""VariableID:2:7""}]}",null,Structural inventory; findings and text review identify assessed defects
14:701,I14:768;13:453,I14:768;13:451,TEXT,A proposed evidence-led Generative Engine Optimization review concept.,"[0, 42, 342, 44]",null,"{""fills"": [{""type"": ""VARIABLE_ALIAS"", ""id"": ""VariableID:2:8""}]}",null,Structural inventory; findings and text review identify assessed defects
14:701,I14:768;13:454,14:768,FRAME,Frame,"[24, 166, 342, 212]","[""VERTICAL"", ""FILL"", ""HUG"", ""NO_WRAP"", 0, 0, 0, 0, 16, false, ""AUTO"", {""horizontal"": ""MIN"", ""vertical"": ""MIN""}, null, null]",null,null,Structural inventory; findings and text review identify assessed defects
14:701,I14:768;13:455,I14:768;13:454,TEXT,Home,"[0, 0, 39, 22]",null,"{""fills"": [{""type"": ""VARIABLE_ALIAS"", ""id"": ""VariableID:2:8""}]}","[{""action"": {""type"": ""NODE"", ""destinationId"": ""13:322"", ""navigation"": ""NAVIGATE"", ""transition"": null, ""resetVideoPosition"": false}, ""actions"": [{""type"": ""NODE"", ""destinationId"": ""13:322"", ""navigation"": ""NAVIGATE"", ""transition"": null, ""resetVideoPosition"": false}], ""trigger"": {""type"": ""ON_CLICK""}}]",Structural inventory; findings and text review identify assessed defects
14:701,I14:768;13:456,I14:768;13:454,TEXT,Method,"[0, 38, 51, 22]",null,"{""fills"": [{""type"": ""VARIABLE_ALIAS"", ""id"": ""VariableID:2:8""}]}","[{""action"": {""type"": ""NODE"", ""destinationId"": ""14:266"", ""navigation"": ""NAVIGATE"", ""transition"": null, ""resetVideoPosition"": false}, ""actions"": [{""type"": ""NODE"", ""destinationId"": ""14:266"", ""navigation"": ""NAVIGATE"", ""transition"": null, ""resetVideoPosition"": false}], ""trigger"": {""type"": ""ON_CLICK""}}]",Structural inventory; findings and text review identify assessed defects
14:701,I14:768;13:457,I14:768;13:454,TEXT,What is GEO,"[0, 76, 82, 22]",null,"{""fills"": [{""type"": ""VARIABLE_ALIAS"", ""id"": ""VariableID:2:8""}]}","[{""action"": {""type"": ""NODE"", ""destinationId"": ""14:403"", ""navigation"": ""NAVIGATE"", ""transition"": null, ""resetVideoPosition"": false}, ""actions"": [{""type"": ""NODE"", ""destinationId"": ""14:403"", ""navigation"": ""NAVIGATE"", ""transition"": null, ""resetVideoPosition"": false}], ""trigger"": {""type"": ""ON_CLICK""}}]",Structural inventory; findings and text review identify assessed defects
14:701,I14:768;13:458,I14:768;13:454,TEXT,Example Report,"[0, 114, 103, 22]",null,"{""fills"": [{""type"": ""VARIABLE_ALIAS"", ""id"": ""VariableID:2:8""}]}","[{""action"": {""type"": ""NODE"", ""destinationId"": ""14:489"", ""navigation"": ""NAVIGATE"", ""transition"": null, ""resetVideoPosition"": false}, ""actions"": [{""type"": ""NODE"", ""destinationId"": ""14:489"", ""navigation"": ""NAVIGATE"", ""transition"": null, ""resetVideoPosition"": false}], ""trigger"": {""type"": ""ON_CLICK""}}]",Structural inventory; findings and text review identify assessed defects
14:701,I14:768;13:459,I14:768;13:454,TEXT,About,"[0, 152, 40, 22]",null,"{""fills"": [{""type"": ""VARIABLE_ALIAS"", ""id"": ""VariableID:2:8""}]}","[{""action"": {""type"": ""NODE"", ""destinationId"": ""14:701"", ""navigation"": ""NAVIGATE"", ""transition"": null, ""resetVideoPosition"": false}, ""actions"": [{""type"": ""NODE"", ""destinationId"": ""14:701"", ""navigation"": ""NAVIGATE"", ""transition"": null, ""resetVideoPosition"": false}], ""trigger"": {""type"": ""ON_CLICK""}}]",Structural inventory; findings and text review identify assessed defects
14:701,I14:768;13:460,I14:768;13:454,TEXT,Availability,"[0, 190, 70, 22]",null,"{""fills"": [{""type"": ""VARIABLE_ALIAS"", ""id"": ""VariableID:2:10""}]}","[{""action"": {""type"": ""NODE"", ""destinationId"": ""14:785"", ""navigation"": ""NAVIGATE"", ""transition"": null, ""resetVideoPosition"": false}, ""actions"": [{""type"": ""NODE"", ""destinationId"": ""14:785"", ""navigation"": ""NAVIGATE"", ""transition"": null, ""resetVideoPosition"": false}], ""trigger"": {""type"": ""ON_CLICK""}}]",Structural inventory; findings and text review identify assessed defects
14:701,I14:768;13:461,14:768,RECTANGLE,Rectangle,"[24, 410, 342, 1]",null,"{""fills"": [{""type"": ""VARIABLE_ALIAS"", ""id"": ""VariableID:2:6""}]}",null,Structural inventory; findings and text review identify assessed defects
14:701,I14:768;13:462,14:768,TEXT,"DESIGN CONCEPT · SEP 2026 — Offer, pricing, timing, collection, delivery, and availability remain subject to owner decisions.","[24, 443, 342, 66]",null,"{""fills"": [{""type"": ""VARIABLE_ALIAS"", ""id"": ""VariableID:2:8""}]}",null,Structural inventory; findings and text review identify assessed defects
14:701,14:781,14:701,FRAME,Home Indicator Bar,"[0, 4457, 390, 33]","[""VERTICAL"", ""FILL"", ""HUG"", ""NO_WRAP"", 20, 0, 8, 0, 0, false, ""AUTO"", {""horizontal"": ""MIN"", ""vertical"": ""MIN""}, null, null]",null,null,Structural inventory; findings and text review identify assessed defects
14:701,14:782,14:781,RECTANGLE,Indicator,"[125, 20, 140, 5]",null,"{""fills"": [{""type"": ""VARIABLE_ALIAS"", ""id"": ""VariableID:2:6""}]}",null,Structural inventory; findings and text review identify assessed defects
2:27,2:27,0:1,FRAME,Mobile · 390,"[1740, 200, 390, 6829]","[""VERTICAL"", ""FIXED"", ""HUG"", ""NO_WRAP"", 0, 0, 0, 0, 0, true, ""AUTO"", {""horizontal"": ""MIN"", ""vertical"": ""MIN""}, null, null]","{""fills"": [{""type"": ""VARIABLE_ALIAS"", ""id"": ""VariableID:2:3""}]}",null,Structural inventory; findings and text review identify assessed defects
2:27,3:153,2:27,FRAME,01 · Navigation,"[0, 0, 348, 79]","[""HORIZONTAL"", ""FIXED"", ""HUG"", ""NO_WRAP"", 24, 24, 24, 24, 24, false, ""AUTO"", {""horizontal"": ""MIN"", ""vertical"": ""MIN""}, null, null]","{""itemSpacing"": {""type"": ""VARIABLE_ALIAS"", ""id"": ""VariableID:2:13""}, ""fills"": [{""type"": ""VARIABLE_ALIAS"", ""id"": ""VariableID:2:3""}]}",null,Structural inventory; findings and text review identify assessed defects
2:27,3:154,3:153,TEXT,Wordmark,"[24, 24, 230, 31]",null,"{""fills"": [{""type"": ""VARIABLE_ALIAS"", ""id"": ""VariableID:2:7""}]}",null,Structural inventory; findings and text review identify assessed defects
2:27,3:155,3:153,TEXT,Menu,"[254, 28.5, 70, 22]",null,"{""fills"": [{""type"": ""VARIABLE_ALIAS"", ""id"": ""VariableID:2:8""}]}",null,Structural inventory; findings and text review identify assessed defects
2:27,3:156,2:27,FRAME,02 · Hero,"[0, 79, 390, 1041]","[""VERTICAL"", ""FIXED"", ""HUG"", ""NO_WRAP"", 48, 24, 48, 24, 32, false, ""AUTO"", {""horizontal"": ""MIN"", ""vertical"": ""MIN""}, null, null]","{""itemSpacing"": {""type"": ""VARIABLE_ALIAS"", ""id"": ""VariableID:2:14""}, ""paddingLeft"": {""type"": ""VARIABLE_ALIAS"", ""id"": ""VariableID:2:13""}, ""paddingTop"": {""type"": ""VARIABLE_ALIAS"", ""id"": ""VariableID:2:15""}, ""paddingRight"": {""type"": ""VARIABLE_ALIAS"", ""id"": ""VariableID:2:13""}, ""paddingBottom"": {""type"": ""VARIABLE_ALIAS"", ""id"": ""VariableID:2:15""}, ""fills"": [{""type"": ""VARIABLE_ALIAS"", ""id"": ""VariableID:2:3""}]}",null,Structural inventory; findings and text review identify assessed defects
2:27,3:157,3:156,FRAME,Hero columns,"[24, 48, 342, 945]","[""VERTICAL"", ""FIXED"", ""HUG"", ""NO_WRAP"", 0, 0, 0, 0, 48, false, ""AUTO"", {""horizontal"": ""MIN"", ""vertical"": ""MIN""}, null, null]","{""itemSpacing"": {""type"": ""VARIABLE_ALIAS"", ""id"": ""VariableID:2:15""}}",null,Structural inventory; findings and text review identify assessed defects
2:27,3:158,3:157,FRAME,Hero message,"[0, 0, 342, 462]","[""VERTICAL"", ""FIXED"", ""HUG"", ""NO_WRAP"", 0, 0, 0, 0, 24, false, ""AUTO"", {""horizontal"": ""MIN"", ""vertical"": ""MIN""}, null, null]","{""itemSpacing"": {""type"": ""VARIABLE_ALIAS"", ""id"": ""VariableID:2:13""}}",null,Structural inventory; findings and text review identify assessed defects
2:27,3:159,3:158,TEXT,Eyebrow,"[0, 0, 342, 18]",null,"{""fills"": [{""type"": ""VARIABLE_ALIAS"", ""id"": ""VariableID:2:10""}]}",null,Structural inventory; findings and text review identify assessed defects
2:27,3:160,3:158,TEXT,Hero headline,"[0, 42, 342, 156]",null,"{""fills"": [{""type"": ""VARIABLE_ALIAS"", ""id"": ""VariableID:2:7""}]}",null,Structural inventory; findings and text review identify assessed defects
2:27,3:161,3:158,TEXT,Hero description,"[0, 222, 342, 116]",null,"{""fills"": [{""type"": ""VARIABLE_ALIAS"", ""id"": ""VariableID:2:8""}]}",null,Structural inventory; findings and text review identify assessed defects
2:27,3:162,3:158,INSTANCE,Action / Check audit availability  →,"[0, 362, 252, 54]","[""VERTICAL"", ""FIXED"", ""HUG"", ""NO_WRAP"", 16, 16, 16, 16, 16, false, ""AUTO"", {""horizontal"": ""MIN"", ""vertical"": ""MIN""}, null, null]","{""itemSpacing"": {""type"": ""VARIABLE_ALIAS"", ""id"": ""VariableID:2:12""}, ""paddingLeft"": {""type"": ""VARIABLE_ALIAS"", ""id"": ""VariableID:2:12""}, ""paddingTop"": {""type"": ""VARIABLE_ALIAS"", ""id"": ""VariableID:2:12""}, ""paddingRight"": {""type"": ""VARIABLE_ALIAS"", ""id"": ""VariableID:2:12""}, ""paddingBottom"": {""type"": ""VARIABLE_ALIAS"", ""id"": ""VariableID:2:12""}, ""fills"": [{""type"": ""VARIABLE_ALIAS"", ""id"": ""VariableID:2:9""}]}",null,Structural inventory; findings and text review identify assessed defects
2:27,I3:162;3:8,3:162,TEXT,Label,"[16, 16, 220, 22]",null,"{""fills"": [{""type"": ""VARIABLE_ALIAS"", ""id"": ""VariableID:2:3""}]}",null,Structural inventory; findings and text review identify assessed defects
2:27,3:164,3:158,TEXT,Secondary action,"[0, 440, 342, 22]",null,"{""fills"": [{""type"": ""VARIABLE_ALIAS"", ""id"": ""VariableID:2:8""}]}",null,Structural inventory; findings and text review identify assessed defects
2:27,3:165,3:157,FRAME,Report content preview,"[0, 510, 342, 435]","[""VERTICAL"", ""FIXED"", ""HUG"", ""NO_WRAP"", 24, 24, 24, 24, 24, false, ""AUTO"", {""horizontal"": ""MIN"", ""vertical"": ""MIN""}, null, null]","{""itemSpacing"": {""type"": ""VARIABLE_ALIAS"", ""id"": ""VariableID:2:13""}, ""paddingLeft"": {""type"": ""VARIABLE_ALIAS"", ""id"": ""VariableID:2:13""}, ""paddingTop"": {""type"": ""VARIABLE_ALIAS"", ""id"": ""VariableID:2:13""}, ""paddingRight"": {""type"": ""VARIABLE_ALIAS"", ""id"": ""VariableID:2:13""}, ""paddingBottom"": {""type"": ""VARIABLE_ALIAS"", ""id"": ""VariableID:2:13""}, ""fills"": [{""type"": ""VARIABLE_ALIAS"", ""id"": ""VariableID:2:4""}], ""strokes"": [{""type"": ""VARIABLE_ALIAS"", ""id"": ""VariableID:2:6""}]}",null,Structural inventory; findings and text review identify assessed defects
2:27,3:166,3:165,TEXT,Eyebrow,"[25, 25, 294, 18]",null,"{""fills"": [{""type"": ""VARIABLE_ALIAS"", ""id"": ""VariableID:2:10""}]}",null,Structural inventory; findings and text review identify assessed defects
2:27,3:167,3:165,TEXT,Preview headline,"[25, 67, 294, 62]",null,"{""fills"": [{""type"": ""VARIABLE_ALIAS"", ""id"": ""VariableID:2:7""}]}",null,Structural inventory; findings and text review identify assessed defects
2:27,3:168,3:165,FRAME,Report topic,"[25, 153, 294, 22]","[""HORIZONTAL"", ""FIXED"", ""HUG"", ""NO_WRAP"", 0, 0, 0, 0, 16, false, ""AUTO"", {""horizontal"": ""MIN"", ""vertical"": ""MIN""}, null, null]","{""itemSpacing"": {""type"": ""VARIABLE_ALIAS"", ""id"": ""VariableID:2:12""}}",null,Structural inventory; findings and text review identify assessed defects
2:27,3:169,3:168,TEXT,Number,"[0, 0, 26, 18]",null,"{""fills"": [{""type"": ""VARIABLE_ALIAS"", ""id"": ""VariableID:2:10""}]}",null,Structural inventory; findings and text review identify assessed defects
2:27,3:170,3:168,TEXT,Topic,"[42, 0, 252, 22]",null,"{""fills"": [{""type"": ""VARIABLE_ALIAS"", ""id"": ""VariableID:2:8""}]}",null,Structural inventory; findings and text review identify assessed defects
2:27,3:171,3:165,RECTANGLE,Divider,"[25, 199, 294, 1]",null,"{""fills"": [{""type"": ""VARIABLE_ALIAS"", ""id"": ""VariableID:2:6""}]}",null,Structural inventory; findings and text review identify assessed defects
2:27,3:172,3:165,FRAME,Report topic,"[25, 224, 294, 22]","[""HORIZONTAL"", ""FIXED"", ""HUG"", ""NO_WRAP"", 0, 0, 0, 0, 16, false, ""AUTO"", {""horizontal"": ""MIN"", ""vertical"": ""MIN""}, null, null]","{""itemSpacing"": {""type"": ""VARIABLE_ALIAS"", ""id"": ""VariableID:2:12""}}",null,Structural inventory; findings and text review identify assessed defects
2:27,3:173,3:172,TEXT,Number,"[0, 0, 26, 18]",null,"{""fills"": [{""type"": ""VARIABLE_ALIAS"", ""id"": ""VariableID:2:10""}]}",null,Structural inventory; findings and text review identify assessed defects
2:27,3:174,3:172,TEXT,Topic,"[42, 0, 252, 22]",null,"{""fills"": [{""type"": ""VARIABLE_ALIAS"", ""id"": ""VariableID:2:8""}]}",null,Structural inventory; findings and text review identify assessed defects
2:27,3:175,3:165,RECTANGLE,Divider,"[25, 270, 294, 1]",null,"{""fills"": [{""type"": ""VARIABLE_ALIAS"", ""id"": ""VariableID:2:6""}]}",null,Structural inventory; findings and text review identify assessed defects
2:27,3:176,3:165,FRAME,Report topic,"[25, 295, 294, 22]","[""HORIZONTAL"", ""FIXED"", ""HUG"", ""NO_WRAP"", 0, 0, 0, 0, 16, false, ""AUTO"", {""horizontal"": ""MIN"", ""vertical"": ""MIN""}, null, null]","{""itemSpacing"": {""type"": ""VARIABLE_ALIAS"", ""id"": ""VariableID:2:12""}}",null,Structural inventory; findings and text review identify assessed defects
2:27,3:177,3:176,TEXT,Number,"[0, 0, 26, 18]",null,"{""fills"": [{""type"": ""VARIABLE_ALIAS"", ""id"": ""VariableID:2:10""}]}",null,Structural inventory; findings and text review identify assessed defects
2:27,3:178,3:176,TEXT,Topic,"[42, 0, 252, 22]",null,"{""fills"": [{""type"": ""VARIABLE_ALIAS"", ""id"": ""VariableID:2:8""}]}",null,Structural inventory; findings and text review identify assessed defects
2:27,3:179,3:165,RECTANGLE,Divider,"[25, 341, 294, 1]",null,"{""fills"": [{""type"": ""VARIABLE_ALIAS"", ""id"": ""VariableID:2:6""}]}",null,Structural inventory; findings and text review identify assessed defects
2:27,3:180,3:165,TEXT,Preview qualifier,"[25, 366, 294, 44]",null,"{""fills"": [{""type"": ""VARIABLE_ALIAS"", ""id"": ""VariableID:2:8""}]}",null,Structural inventory; findings and text review identify assessed defects
2:27,3:181,2:27,FRAME,03 · Value strip,"[0, 1120, 390, 205]","[""VERTICAL"", ""FIXED"", ""HUG"", ""NO_WRAP"", 32, 24, 32, 24, 24, false, ""AUTO"", {""horizontal"": ""MIN"", ""vertical"": ""MIN""}, null, null]","{""itemSpacing"": {""type"": ""VARIABLE_ALIAS"", ""id"": ""VariableID:2:13""}, ""fills"": [{""type"": ""VARIABLE_ALIAS"", ""id"": ""VariableID:2:5""}]}",null,Structural inventory; findings and text review identify assessed defects
2:27,3:182,3:181,TEXT,Clear questions,"[24, 32, 342, 31]",null,"{""fills"": [{""type"": ""VARIABLE_ALIAS"", ""id"": ""VariableID:2:7""}]}",null,Structural inventory; findings and text review identify assessed defects
2:27,3:183,3:181,TEXT,Traceable evidence,"[24, 87, 342, 31]",null,"{""fills"": [{""type"": ""VARIABLE_ALIAS"", ""id"": ""VariableID:2:7""}]}",null,Structural inventory; findings and text review identify assessed defects
2:27,3:184,3:181,TEXT,Practical next steps,"[24, 142, 342, 31]",null,"{""fills"": [{""type"": ""VARIABLE_ALIAS"", ""id"": ""VariableID:2:7""}]}",null,Structural inventory; findings and text review identify assessed defects
2:27,3:185,2:27,FRAME,04 · What is GEO?,"[0, 1325, 390, 609]","[""VERTICAL"", ""FIXED"", ""HUG"", ""NO_WRAP"", 48, 24, 48, 24, 32, false, ""AUTO"", {""horizontal"": ""MIN"", ""vertical"": ""MIN""}, null, null]","{""itemSpacing"": {""type"": ""VARIABLE_ALIAS"", ""id"": ""VariableID:2:14""}, ""paddingLeft"": {""type"": ""VARIABLE_ALIAS"", ""id"": ""VariableID:2:13""}, ""paddingTop"": {""type"": ""VARIABLE_ALIAS"", ""id"": ""VariableID:2:15""}, ""paddingRight"": {""type"": ""VARIABLE_ALIAS"", ""id"": ""VariableID:2:13""}, ""paddingBottom"": {""type"": ""VARIABLE_ALIAS"", ""id"": ""VariableID:2:15""}, ""fills"": [{""type"": ""VARIABLE_ALIAS"", ""id"": ""VariableID:2:3""}]}",null,Structural inventory; findings and text review identify assessed defects
2:27,3:186,3:185,TEXT,Eyebrow,"[24, 48, 342, 18]",null,"{""fills"": [{""type"": ""VARIABLE_ALIAS"", ""id"": ""VariableID:2:10""}]}",null,Structural inventory; findings and text review identify assessed defects
2:27,3:187,3:185,FRAME,GEO columns,"[24, 98, 342, 463]","[""VERTICAL"", ""FIXED"", ""HUG"", ""NO_WRAP"", 0, 0, 0, 0, 48, false, ""AUTO"", {""horizontal"": ""MIN"", ""vertical"": ""MIN""}, null, null]","{""itemSpacing"": {""type"": ""VARIABLE_ALIAS"", ""id"": ""VariableID:2:15""}}",null,Structural inventory; findings and text review identify assessed defects
2:27,3:188,3:187,TEXT,Heading,"[0, 0, 342, 40]",null,"{""fills"": [{""type"": ""VARIABLE_ALIAS"", ""id"": ""VariableID:2:7""}]}",null,Structural inventory; findings and text review identify assessed defects
2:27,3:189,3:187,FRAME,GEO explanation,"[0, 88, 342, 375]","[""VERTICAL"", ""FIXED"", ""HUG"", ""NO_WRAP"", 0, 0, 0, 0, 24, false, ""AUTO"", {""horizontal"": ""MIN"", ""vertical"": ""MIN""}, null, null]","{""itemSpacing"": {""type"": ""VARIABLE_ALIAS"", ""id"": ""VariableID:2:13""}}",null,Structural inventory; findings and text review identify assessed defects
2:27,3:190,3:189,TEXT,Definition,"[0, 0, 342, 116]",null,"{""fills"": [{""type"": ""VARIABLE_ALIAS"", ""id"": ""VariableID:2:7""}]}",null,Structural inventory; findings and text review identify assessed defects
2:27,3:191,3:189,TEXT,Context,"[0, 140, 342, 145]",null,"{""fills"": [{""type"": ""VARIABLE_ALIAS"", ""id"": ""VariableID:2:8""}]}",null,Structural inventory; findings and text review identify assessed defects
2:27,3:192,3:189,TEXT,Scope note,"[0, 309, 342, 66]",null,"{""fills"": [{""type"": ""VARIABLE_ALIAS"", ""id"": ""VariableID:2:8""}]}",null,Structural inventory; findings and text review identify assessed defects
2:27,3:193,2:27,FRAME,05 · Audit areas,"[0, 1934, 390, 1088]","[""VERTICAL"", ""FIXED"", ""HUG"", ""NO_WRAP"", 48, 24, 48, 24, 32, false, ""AUTO"", {""horizontal"": ""MIN"", ""vertical"": ""MIN""}, null, null]","{""itemSpacing"": {""type"": ""VARIABLE_ALIAS"", ""id"": ""VariableID:2:14""}, ""paddingLeft"": {""type"": ""VARIABLE_ALIAS"", ""id"": ""VariableID:2:13""}, ""paddingTop"": {""type"": ""VARIABLE_ALIAS"", ""id"": ""VariableID:2:15""}, ""paddingRight"": {""type"": ""VARIABLE_ALIAS"", ""id"": ""VariableID:2:13""}, ""paddingBottom"": {""type"": ""VARIABLE_ALIAS"", ""id"": ""VariableID:2:15""}, ""fills"": [{""type"": ""VARIABLE_ALIAS"", ""id"": ""VariableID:2:4""}]}",null,Structural inventory; findings and text review identify assessed defects
2:27,3:194,3:193,TEXT,Eyebrow,"[24, 48, 342, 18]",null,"{""fills"": [{""type"": ""VARIABLE_ALIAS"", ""id"": ""VariableID:2:10""}]}",null,Structural inventory; findings and text review identify assessed defects
2:27,3:195,3:193,TEXT,Heading,"[24, 98, 342, 160]",null,"{""fills"": [{""type"": ""VARIABLE_ALIAS"", ""id"": ""VariableID:2:7""}]}",null,Structural inventory; findings and text review identify assessed defects
2:27,3:196,3:193,FRAME,Audit card grid,"[24, 290, 342, 750]","[""VERTICAL"", ""FIXED"", ""HUG"", ""NO_WRAP"", 0, 0, 0, 0, 24, false, ""AUTO"", {""horizontal"": ""MIN"", ""vertical"": ""MIN""}, null, null]","{""itemSpacing"": {""type"": ""VARIABLE_ALIAS"", ""id"": ""VariableID:2:13""}}",null,Structural inventory; findings and text review identify assessed defects
2:27,3:197,3:196,INSTANCE,AI answer visibility,"[0, 0, 342, 234]","[""VERTICAL"", ""FIXED"", ""HUG"", ""NO_WRAP"", 32, 32, 32, 32, 16, false, ""AUTO"", {""horizontal"": ""MIN"", ""vertical"": ""MIN""}, null, null]","{""itemSpacing"": {""type"": ""VARIABLE_ALIAS"", ""id"": ""VariableID:2:12""}, ""paddingLeft"": {""type"": ""VARIABLE_ALIAS"", ""id"": ""VariableID:2:14""}, ""paddingTop"": {""type"": ""VARIABLE_ALIAS"", ""id"": ""VariableID:2:14""}, ""paddingRight"": {""type"": ""VARIABLE_ALIAS"", ""id"": ""VariableID:2:14""}, ""paddingBottom"": {""type"": ""VARIABLE_ALIAS"", ""id"": ""VariableID:2:14""}, ""fills"": [{""type"": ""VARIABLE_ALIAS"", ""id"": ""VariableID:2:4""}], ""strokes"": [{""type"": ""VARIABLE_ALIAS"", ""id"": ""VariableID:2:6""}]}",null,Structural inventory; findings and text review identify assessed defects
2:27,I3:197;3:10,3:197,TEXT,Index,"[33, 33, 276, 18]",null,"{""fills"": [{""type"": ""VARIABLE_ALIAS"", ""id"": ""VariableID:2:10""}]}",null,Structural inventory; findings and text review identify assessed defects
2:27,I3:197;3:11,3:197,TEXT,Title,"[33, 67, 276, 31]",null,"{""fills"": [{""type"": ""VARIABLE_ALIAS"", ""id"": ""VariableID:2:7""}]}",null,Structural inventory; findings and text review identify assessed defects
2:27,I3:197;3:12,3:197,TEXT,Body,"[33, 114, 276, 87]",null,"{""fills"": [{""type"": ""VARIABLE_ALIAS"", ""id"": ""VariableID:2:8""}]}",null,Structural inventory; findings and text review identify assessed defects
2:27,3:201,3:196,INSTANCE,Sources & citations,"[0, 258, 342, 234]","[""VERTICAL"", ""FIXED"", ""HUG"", ""NO_WRAP"", 32, 32, 32, 32, 16, false, ""AUTO"", {""horizontal"": ""MIN"", ""vertical"": ""MIN""}, null, null]","{""itemSpacing"": {""type"": ""VARIABLE_ALIAS"", ""id"": ""VariableID:2:12""}, ""paddingLeft"": {""type"": ""VARIABLE_ALIAS"", ""id"": ""VariableID:2:14""}, ""paddingTop"": {""type"": ""VARIABLE_ALIAS"", ""id"": ""VariableID:2:14""}, ""paddingRight"": {""type"": ""VARIABLE_ALIAS"", ""id"": ""VariableID:2:14""}, ""paddingBottom"": {""type"": ""VARIABLE_ALIAS"", ""id"": ""VariableID:2:14""}, ""fills"": [{""type"": ""VARIABLE_ALIAS"", ""id"": ""VariableID:2:4""}], ""strokes"": [{""type"": ""VARIABLE_ALIAS"", ""id"": ""VariableID:2:6""}]}",null,Structural inventory; findings and text review identify assessed defects
2:27,I3:201;3:10,3:201,TEXT,Index,"[33, 33, 276, 18]",null,"{""fills"": [{""type"": ""VARIABLE_ALIAS"", ""id"": ""VariableID:2:10""}]}",null,Structural inventory; findings and text review identify assessed defects
2:27,I3:201;3:11,3:201,TEXT,Title,"[33, 67, 276, 31]",null,"{""fills"": [{""type"": ""VARIABLE_ALIAS"", ""id"": ""VariableID:2:7""}]}",null,Structural inventory; findings and text review identify assessed defects
2:27,I3:201;3:12,3:201,TEXT,Body,"[33, 114, 276, 87]",null,"{""fills"": [{""type"": ""VARIABLE_ALIAS"", ""id"": ""VariableID:2:8""}]}",null,Structural inventory; findings and text review identify assessed defects
2:27,3:205,3:196,INSTANCE,Website readiness,"[0, 516, 342, 234]","[""VERTICAL"", ""FIXED"", ""HUG"", ""NO_WRAP"", 32, 32, 32, 32, 16, false, ""AUTO"", {""horizontal"": ""MIN"", ""vertical"": ""MIN""}, null, null]","{""itemSpacing"": {""type"": ""VARIABLE_ALIAS"", ""id"": ""VariableID:2:12""}, ""paddingLeft"": {""type"": ""VARIABLE_ALIAS"", ""id"": ""VariableID:2:14""}, ""paddingTop"": {""type"": ""VARIABLE_ALIAS"", ""id"": ""VariableID:2:14""}, ""paddingRight"": {""type"": ""VARIABLE_ALIAS"", ""id"": ""VariableID:2:14""}, ""paddingBottom"": {""type"": ""VARIABLE_ALIAS"", ""id"": ""VariableID:2:14""}, ""fills"": [{""type"": ""VARIABLE_ALIAS"", ""id"": ""VariableID:2:4""}], ""strokes"": [{""type"": ""VARIABLE_ALIAS"", ""id"": ""VariableID:2:6""}]}",null,Structural inventory; findings and text review identify assessed defects
2:27,I3:205;3:10,3:205,TEXT,Index,"[33, 33, 276, 18]",null,"{""fills"": [{""type"": ""VARIABLE_ALIAS"", ""id"": ""VariableID:2:10""}]}",null,Structural inventory; findings and text review identify assessed defects
2:27,I3:205;3:11,3:205,TEXT,Title,"[33, 67, 276, 31]",null,"{""fills"": [{""type"": ""VARIABLE_ALIAS"", ""id"": ""VariableID:2:7""}]}",null,Structural inventory; findings and text review identify assessed defects
2:27,I3:205;3:12,3:205,TEXT,Body,"[33, 114, 276, 87]",null,"{""fills"": [{""type"": ""VARIABLE_ALIAS"", ""id"": ""VariableID:2:8""}]}",null,Structural inventory; findings and text review identify assessed defects
2:27,3:209,2:27,FRAME,06 · Evidence and deliverable,"[0, 3022, 390, 1249]","[""VERTICAL"", ""FIXED"", ""HUG"", ""NO_WRAP"", 48, 24, 48, 24, 32, false, ""AUTO"", {""horizontal"": ""MIN"", ""vertical"": ""MIN""}, null, null]","{""itemSpacing"": {""type"": ""VARIABLE_ALIAS"", ""id"": ""VariableID:2:14""}, ""paddingLeft"": {""type"": ""VARIABLE_ALIAS"", ""id"": ""VariableID:2:13""}, ""paddingTop"": {""type"": ""VARIABLE_ALIAS"", ""id"": ""VariableID:2:15""}, ""paddingRight"": {""type"": ""VARIABLE_ALIAS"", ""id"": ""VariableID:2:13""}, ""paddingBottom"": {""type"": ""VARIABLE_ALIAS"", ""id"": ""VariableID:2:15""}, ""fills"": [{""type"": ""VARIABLE_ALIAS"", ""id"": ""VariableID:2:3""}]}",null,Structural inventory; findings and text review identify assessed defects
2:27,3:210,3:209,TEXT,Eyebrow,"[24, 48, 342, 18]",null,"{""fills"": [{""type"": ""VARIABLE_ALIAS"", ""id"": ""VariableID:2:10""}]}",null,Structural inventory; findings and text review identify assessed defects
2:27,3:211,3:209,FRAME,Deliverable columns,"[24, 98, 342, 1103]","[""VERTICAL"", ""FIXED"", ""HUG"", ""NO_WRAP"", 0, 0, 0, 0, 48, false, ""AUTO"", {""horizontal"": ""MIN"", ""vertical"": ""MIN""}, null, null]","{""itemSpacing"": {""type"": ""VARIABLE_ALIAS"", ""id"": ""VariableID:2:15""}}",null,Structural inventory; findings and text review identify assessed defects
2:27,3:212,3:211,FRAME,Deliverable message,"[0, 0, 342, 620]","[""VERTICAL"", ""FIXED"", ""HUG"", ""NO_WRAP"", 0, 0, 0, 0, 24, false, ""AUTO"", {""horizontal"": ""MIN"", ""vertical"": ""MIN""}, null, null]","{""itemSpacing"": {""type"": ""VARIABLE_ALIAS"", ""id"": ""VariableID:2:13""}}",null,Structural inventory; findings and text review identify assessed defects
2:27,3:213,3:212,TEXT,Heading,"[0, 0, 342, 80]",null,"{""fills"": [{""type"": ""VARIABLE_ALIAS"", ""id"": ""VariableID:2:7""}]}",null,Structural inventory; findings and text review identify assessed defects
2:27,3:214,3:212,TEXT,Deliverable description,"[0, 104, 342, 116]",null,"{""fills"": [{""type"": ""VARIABLE_ALIAS"", ""id"": ""VariableID:2:8""}]}",null,Structural inventory; findings and text review identify assessed defects
2:27,3:215,3:212,TEXT,Findings you can inspect,"[0, 244, 342, 31]",null,"{""fills"": [{""type"": ""VARIABLE_ALIAS"", ""id"": ""VariableID:2:7""}]}",null,Structural inventory; findings and text review identify assessed defects
2:27,3:216,3:212,TEXT,Findings you can inspect detail,"[0, 299, 342, 44]",null,"{""fills"": [{""type"": ""VARIABLE_ALIAS"", ""id"": ""VariableID:2:8""}]}",null,Structural inventory; findings and text review identify assessed defects
2:27,3:217,3:212,TEXT,Recommendations with context,"[0, 367, 342, 62]",null,"{""fills"": [{""type"": ""VARIABLE_ALIAS"", ""id"": ""VariableID:2:7""}]}",null,Structural inventory; findings and text review identify assessed defects
2:27,3:218,3:212,TEXT,Recommendations with context detail,"[0, 453, 342, 44]",null,"{""fills"": [{""type"": ""VARIABLE_ALIAS"", ""id"": ""VariableID:2:8""}]}",null,Structural inventory; findings and text review identify assessed defects
2:27,3:219,3:212,TEXT,A basis for later comparison,"[0, 521, 342, 31]",null,"{""fills"": [{""type"": ""VARIABLE_ALIAS"", ""id"": ""VariableID:2:7""}]}",null,Structural inventory; findings and text review identify assessed defects
2:27,3:220,3:212,TEXT,A basis for later comparison detail,"[0, 576, 342, 44]",null,"{""fills"": [{""type"": ""VARIABLE_ALIAS"", ""id"": ""VariableID:2:8""}]}",null,Structural inventory; findings and text review identify assessed defects
2:27,3:221,3:211,FRAME,Report content preview,"[0, 668, 342, 435]","[""VERTICAL"", ""FIXED"", ""HUG"", ""NO_WRAP"", 24, 24, 24, 24, 24, false, ""AUTO"", {""horizontal"": ""MIN"", ""vertical"": ""MIN""}, null, null]","{""itemSpacing"": {""type"": ""VARIABLE_ALIAS"", ""id"": ""VariableID:2:13""}, ""paddingLeft"": {""type"": ""VARIABLE_ALIAS"", ""id"": ""VariableID:2:13""}, ""paddingTop"": {""type"": ""VARIABLE_ALIAS"", ""id"": ""VariableID:2:13""}, ""paddingRight"": {""type"": ""VARIABLE_ALIAS"", ""id"": ""VariableID:2:13""}, ""paddingBottom"": {""type"": ""VARIABLE_ALIAS"", ""id"": ""VariableID:2:13""}, ""fills"": [{""type"": ""VARIABLE_ALIAS"", ""id"": ""VariableID:2:4""}], ""strokes"": [{""type"": ""VARIABLE_ALIAS"", ""id"": ""VariableID:2:6""}]}",null,Structural inventory; findings and text review identify assessed defects
2:27,3:222,3:221,TEXT,Eyebrow,"[25, 25, 294, 18]",null,"{""fills"": [{""type"": ""VARIABLE_ALIAS"", ""id"": ""VariableID:2:10""}]}",null,Structural inventory; findings and text review identify assessed defects
2:27,3:223,3:221,TEXT,Preview headline,"[25, 67, 294, 62]",null,"{""fills"": [{""type"": ""VARIABLE_ALIAS"", ""id"": ""VariableID:2:7""}]}",null,Structural inventory; findings and text review identify assessed defects
2:27,3:224,3:221,FRAME,Report topic,"[25, 153, 294, 22]","[""HORIZONTAL"", ""FIXED"", ""HUG"", ""NO_WRAP"", 0, 0, 0, 0, 16, false, ""AUTO"", {""horizontal"": ""MIN"", ""vertical"": ""MIN""}, null, null]","{""itemSpacing"": {""type"": ""VARIABLE_ALIAS"", ""id"": ""VariableID:2:12""}}",null,Structural inventory; findings and text review identify assessed defects
2:27,3:225,3:224,TEXT,Number,"[0, 0, 26, 18]",null,"{""fills"": [{""type"": ""VARIABLE_ALIAS"", ""id"": ""VariableID:2:10""}]}",null,Structural inventory; findings and text review identify assessed defects
2:27,3:226,3:224,TEXT,Topic,"[42, 0, 252, 22]",null,"{""fills"": [{""type"": ""VARIABLE_ALIAS"", ""id"": ""VariableID:2:8""}]}",null,Structural inventory; findings and text review identify assessed defects
2:27,3:227,3:221,RECTANGLE,Divider,"[25, 199, 294, 1]",null,"{""fills"": [{""type"": ""VARIABLE_ALIAS"", ""id"": ""VariableID:2:6""}]}",null,Structural inventory; findings and text review identify assessed defects
2:27,3:228,3:221,FRAME,Report topic,"[25, 224, 294, 22]","[""HORIZONTAL"", ""FIXED"", ""HUG"", ""NO_WRAP"", 0, 0, 0, 0, 16, false, ""AUTO"", {""horizontal"": ""MIN"", ""vertical"": ""MIN""}, null, null]","{""itemSpacing"": {""type"": ""VARIABLE_ALIAS"", ""id"": ""VariableID:2:12""}}",null,Structural inventory; findings and text review identify assessed defects
2:27,3:229,3:228,TEXT,Number,"[0, 0, 26, 18]",null,"{""fills"": [{""type"": ""VARIABLE_ALIAS"", ""id"": ""VariableID:2:10""}]}",null,Structural inventory; findings and text review identify assessed defects
2:27,3:230,3:228,TEXT,Topic,"[42, 0, 252, 22]",null,"{""fills"": [{""type"": ""VARIABLE_ALIAS"", ""id"": ""VariableID:2:8""}]}",null,Structural inventory; findings and text review identify assessed defects
2:27,3:231,3:221,RECTANGLE,Divider,"[25, 270, 294, 1]",null,"{""fills"": [{""type"": ""VARIABLE_ALIAS"", ""id"": ""VariableID:2:6""}]}",null,Structural inventory; findings and text review identify assessed defects
2:27,3:232,3:221,FRAME,Report topic,"[25, 295, 294, 22]","[""HORIZONTAL"", ""FIXED"", ""HUG"", ""NO_WRAP"", 0, 0, 0, 0, 16, false, ""AUTO"", {""horizontal"": ""MIN"", ""vertical"": ""MIN""}, null, null]","{""itemSpacing"": {""type"": ""VARIABLE_ALIAS"", ""id"": ""VariableID:2:12""}}",null,Structural inventory; findings and text review identify assessed defects
2:27,3:233,3:232,TEXT,Number,"[0, 0, 26, 18]",null,"{""fills"": [{""type"": ""VARIABLE_ALIAS"", ""id"": ""VariableID:2:10""}]}",null,Structural inventory; findings and text review identify assessed defects
2:27,3:234,3:232,TEXT,Topic,"[42, 0, 252, 22]",null,"{""fills"": [{""type"": ""VARIABLE_ALIAS"", ""id"": ""VariableID:2:8""}]}",null,Structural inventory; findings and text review identify assessed defects
2:27,3:235,3:221,RECTANGLE,Divider,"[25, 341, 294, 1]",null,"{""fills"": [{""type"": ""VARIABLE_ALIAS"", ""id"": ""VariableID:2:6""}]}",null,Structural inventory; findings and text review identify assessed defects
2:27,3:236,3:221,TEXT,Preview qualifier,"[25, 366, 294, 44]",null,"{""fills"": [{""type"": ""VARIABLE_ALIAS"", ""id"": ""VariableID:2:8""}]}",null,Structural inventory; findings and text review identify assessed defects
2:27,3:237,2:27,FRAME,07 · Process,"[0, 4271, 390, 1198]","[""VERTICAL"", ""FIXED"", ""HUG"", ""NO_WRAP"", 48, 24, 48, 24, 32, false, ""AUTO"", {""horizontal"": ""MIN"", ""vertical"": ""MIN""}, null, null]","{""itemSpacing"": {""type"": ""VARIABLE_ALIAS"", ""id"": ""VariableID:2:14""}, ""paddingLeft"": {""type"": ""VARIABLE_ALIAS"", ""id"": ""VariableID:2:13""}, ""paddingTop"": {""type"": ""VARIABLE_ALIAS"", ""id"": ""VariableID:2:15""}, ""paddingRight"": {""type"": ""VARIABLE_ALIAS"", ""id"": ""VariableID:2:13""}, ""paddingBottom"": {""type"": ""VARIABLE_ALIAS"", ""id"": ""VariableID:2:15""}, ""fills"": [{""type"": ""VARIABLE_ALIAS"", ""id"": ""VariableID:2:5""}]}",null,Structural inventory; findings and text review identify assessed defects
2:27,3:238,3:237,TEXT,Eyebrow,"[24, 48, 342, 18]",null,"{""fills"": [{""type"": ""VARIABLE_ALIAS"", ""id"": ""VariableID:2:10""}]}",null,Structural inventory; findings and text review identify assessed defects
2:27,3:239,3:237,TEXT,Heading,"[24, 98, 342, 120]",null,"{""fills"": [{""type"": ""VARIABLE_ALIAS"", ""id"": ""VariableID:2:7""}]}",null,Structural inventory; findings and text review identify assessed defects
2:27,3:240,3:237,FRAME,Agree the scope,"[24, 250, 342, 168]","[""VERTICAL"", ""FIXED"", ""HUG"", ""NO_WRAP"", 0, 0, 0, 0, 24, false, ""AUTO"", {""horizontal"": ""MIN"", ""vertical"": ""MIN""}, null, null]","{""itemSpacing"": {""type"": ""VARIABLE_ALIAS"", ""id"": ""VariableID:2:13""}}",null,Structural inventory; findings and text review identify assessed defects
2:27,3:241,3:240,TEXT,Step,"[0, 0, 342, 31]",null,"{""fills"": [{""type"": ""VARIABLE_ALIAS"", ""id"": ""VariableID:2:10""}]}",null,Structural inventory; findings and text review identify assessed defects
2:27,3:242,3:240,TEXT,Title,"[0, 55, 342, 31]",null,"{""fills"": [{""type"": ""VARIABLE_ALIAS"", ""id"": ""VariableID:2:7""}]}",null,Structural inventory; findings and text review identify assessed defects
2:27,3:243,3:240,TEXT,Description,"[0, 110, 342, 58]",null,"{""fills"": [{""type"": ""VARIABLE_ALIAS"", ""id"": ""VariableID:2:8""}]}",null,Structural inventory; findings and text review identify assessed defects
2:27,3:244,3:237,RECTANGLE,Divider,"[24, 450, 342, 1]",null,"{""fills"": [{""type"": ""VARIABLE_ALIAS"", ""id"": ""VariableID:2:6""}]}",null,Structural inventory; findings and text review identify assessed defects
2:27,3:245,3:237,FRAME,Collect & review,"[24, 483, 342, 168]","[""VERTICAL"", ""FIXED"", ""HUG"", ""NO_WRAP"", 0, 0, 0, 0, 24, false, ""AUTO"", {""horizontal"": ""MIN"", ""vertical"": ""MIN""}, null, null]","{""itemSpacing"": {""type"": ""VARIABLE_ALIAS"", ""id"": ""VariableID:2:13""}}",null,Structural inventory; findings and text review identify assessed defects
2:27,3:246,3:245,TEXT,Step,"[0, 0, 342, 31]",null,"{""fills"": [{""type"": ""VARIABLE_ALIAS"", ""id"": ""VariableID:2:10""}]}",null,Structural inventory; findings and text review identify assessed defects
2:27,3:247,3:245,TEXT,Title,"[0, 55, 342, 31]",null,"{""fills"": [{""type"": ""VARIABLE_ALIAS"", ""id"": ""VariableID:2:7""}]}",null,Structural inventory; findings and text review identify assessed defects
2:27,3:248,3:245,TEXT,Description,"[0, 110, 342, 58]",null,"{""fills"": [{""type"": ""VARIABLE_ALIAS"", ""id"": ""VariableID:2:8""}]}",null,Structural inventory; findings and text review identify assessed defects
2:27,3:249,3:237,RECTANGLE,Divider,"[24, 683, 342, 1]",null,"{""fills"": [{""type"": ""VARIABLE_ALIAS"", ""id"": ""VariableID:2:6""}]}",null,Structural inventory; findings and text review identify assessed defects
2:27,3:250,3:237,FRAME,Make it useful,"[24, 716, 342, 168]","[""VERTICAL"", ""FIXED"", ""HUG"", ""NO_WRAP"", 0, 0, 0, 0, 24, false, ""AUTO"", {""horizontal"": ""MIN"", ""vertical"": ""MIN""}, null, null]","{""itemSpacing"": {""type"": ""VARIABLE_ALIAS"", ""id"": ""VariableID:2:13""}}",null,Structural inventory; findings and text review identify assessed defects
2:27,3:251,3:250,TEXT,Step,"[0, 0, 342, 31]",null,"{""fills"": [{""type"": ""VARIABLE_ALIAS"", ""id"": ""VariableID:2:10""}]}",null,Structural inventory; findings and text review identify assessed defects
2:27,3:252,3:250,TEXT,Title,"[0, 55, 342, 31]",null,"{""fills"": [{""type"": ""VARIABLE_ALIAS"", ""id"": ""VariableID:2:7""}]}",null,Structural inventory; findings and text review identify assessed defects
2:27,3:253,3:250,TEXT,Description,"[0, 110, 342, 58]",null,"{""fills"": [{""type"": ""VARIABLE_ALIAS"", ""id"": ""VariableID:2:8""}]}",null,Structural inventory; findings and text review identify assessed defects
2:27,3:254,3:237,RECTANGLE,Divider,"[24, 916, 342, 1]",null,"{""fills"": [{""type"": ""VARIABLE_ALIAS"", ""id"": ""VariableID:2:6""}]}",null,Structural inventory; findings and text review identify assessed defects
2:27,3:255,3:237,FRAME,Return with context,"[24, 949, 342, 168]","[""VERTICAL"", ""FIXED"", ""HUG"", ""NO_WRAP"", 0, 0, 0, 0, 24, false, ""AUTO"", {""horizontal"": ""MIN"", ""vertical"": ""MIN""}, null, null]","{""itemSpacing"": {""type"": ""VARIABLE_ALIAS"", ""id"": ""VariableID:2:13""}}",null,Structural inventory; findings and text review identify assessed defects
2:27,3:256,3:255,TEXT,Step,"[0, 0, 342, 31]",null,"{""fills"": [{""type"": ""VARIABLE_ALIAS"", ""id"": ""VariableID:2:10""}]}",null,Structural inventory; findings and text review identify assessed defects
2:27,3:257,3:255,TEXT,Title,"[0, 55, 342, 31]",null,"{""fills"": [{""type"": ""VARIABLE_ALIAS"", ""id"": ""VariableID:2:7""}]}",null,Structural inventory; findings and text review identify assessed defects
2:27,3:258,3:255,TEXT,Description,"[0, 110, 342, 58]",null,"{""fills"": [{""type"": ""VARIABLE_ALIAS"", ""id"": ""VariableID:2:8""}]}",null,Structural inventory; findings and text review identify assessed defects
2:27,3:259,3:237,RECTANGLE,Divider,"[24, 1149, 342, 1]",null,"{""fills"": [{""type"": ""VARIABLE_ALIAS"", ""id"": ""VariableID:2:6""}]}",null,Structural inventory; findings and text review identify assessed defects
2:27,3:260,2:27,FRAME,08 · Questions,"[0, 5469, 390, 759]","[""VERTICAL"", ""FIXED"", ""HUG"", ""NO_WRAP"", 48, 24, 48, 24, 32, false, ""AUTO"", {""horizontal"": ""MIN"", ""vertical"": ""MIN""}, null, null]","{""itemSpacing"": {""type"": ""VARIABLE_ALIAS"", ""id"": ""VariableID:2:14""}, ""paddingLeft"": {""type"": ""VARIABLE_ALIAS"", ""id"": ""VariableID:2:13""}, ""paddingTop"": {""type"": ""VARIABLE_ALIAS"", ""id"": ""VariableID:2:15""}, ""paddingRight"": {""type"": ""VARIABLE_ALIAS"", ""id"": ""VariableID:2:13""}, ""paddingBottom"": {""type"": ""VARIABLE_ALIAS"", ""id"": ""VariableID:2:15""}, ""fills"": [{""type"": ""VARIABLE_ALIAS"", ""id"": ""VariableID:2:3""}]}",null,Structural inventory; findings and text review identify assessed defects
2:27,3:261,3:260,TEXT,Eyebrow,"[24, 48, 342, 18]",null,"{""fills"": [{""type"": ""VARIABLE_ALIAS"", ""id"": ""VariableID:2:10""}]}",null,Structural inventory; findings and text review identify assessed defects
2:27,3:262,3:260,TEXT,Heading,"[24, 98, 342, 80]",null,"{""fills"": [{""type"": ""VARIABLE_ALIAS"", ""id"": ""VariableID:2:7""}]}",null,Structural inventory; findings and text review identify assessed defects
2:27,3:263,3:260,INSTANCE,FAQ / Is GEO the same as SEO?,"[24, 210, 342, 79]","[""HORIZONTAL"", ""FIXED"", ""HUG"", ""NO_WRAP"", 24, 24, 24, 24, 16, false, ""AUTO"", {""horizontal"": ""MIN"", ""vertical"": ""MIN""}, null, null]","{""itemSpacing"": {""type"": ""VARIABLE_ALIAS"", ""id"": ""VariableID:2:12""}, ""paddingLeft"": {""type"": ""VARIABLE_ALIAS"", ""id"": ""VariableID:2:13""}, ""paddingTop"": {""type"": ""VARIABLE_ALIAS"", ""id"": ""VariableID:2:13""}, ""paddingRight"": {""type"": ""VARIABLE_ALIAS"", ""id"": ""VariableID:2:13""}, ""paddingBottom"": {""type"": ""VARIABLE_ALIAS"", ""id"": ""VariableID:2:13""}, ""fills"": [{""type"": ""VARIABLE_ALIAS"", ""id"": ""VariableID:2:3""}]}",null,Structural inventory; findings and text review identify assessed defects
2:27,I3:263;3:14,3:263,TEXT,Question,"[24, 24, 254, 22]",null,"{""fills"": [{""type"": ""VARIABLE_ALIAS"", ""id"": ""VariableID:2:7""}]}",null,Structural inventory; findings and text review identify assessed defects
2:27,I3:263;3:15,3:263,TEXT,Expand,"[294, 24, 24, 31]",null,"{""fills"": [{""type"": ""VARIABLE_ALIAS"", ""id"": ""VariableID:2:10""}]}",null,Structural inventory; findings and text review identify assessed defects
2:27,3:266,3:260,INSTANCE,FAQ / Which AI services will my audit cover?,"[24, 321, 342, 79]","[""HORIZONTAL"", ""FIXED"", ""HUG"", ""NO_WRAP"", 24, 24, 24, 24, 16, false, ""AUTO"", {""horizontal"": ""MIN"", ""vertical"": ""MIN""}, null, null]","{""itemSpacing"": {""type"": ""VARIABLE_ALIAS"", ""id"": ""VariableID:2:12""}, ""paddingLeft"": {""type"": ""VARIABLE_ALIAS"", ""id"": ""VariableID:2:13""}, ""paddingTop"": {""type"": ""VARIABLE_ALIAS"", ""id"": ""VariableID:2:13""}, ""paddingRight"": {""type"": ""VARIABLE_ALIAS"", ""id"": ""VariableID:2:13""}, ""paddingBottom"": {""type"": ""VARIABLE_ALIAS"", ""id"": ""VariableID:2:13""}, ""fills"": [{""type"": ""VARIABLE_ALIAS"", ""id"": ""VariableID:2:3""}]}",null,Structural inventory; findings and text review identify assessed defects
2:27,I3:266;3:14,3:266,TEXT,Question,"[24, 24, 254, 22]",null,"{""fills"": [{""type"": ""VARIABLE_ALIAS"", ""id"": ""VariableID:2:7""}]}",null,Structural inventory; findings and text review identify assessed defects
2:27,I3:266;3:15,3:266,TEXT,Expand,"[294, 24, 24, 31]",null,"{""fills"": [{""type"": ""VARIABLE_ALIAS"", ""id"": ""VariableID:2:10""}]}",null,Structural inventory; findings and text review identify assessed defects
2:27,3:269,3:260,INSTANCE,FAQ / Can you guarantee an AI recommendation?,"[24, 432, 342, 92]","[""HORIZONTAL"", ""FIXED"", ""HUG"", ""NO_WRAP"", 24, 24, 24, 24, 16, false, ""AUTO"", {""horizontal"": ""MIN"", ""vertical"": ""MIN""}, null, null]","{""itemSpacing"": {""type"": ""VARIABLE_ALIAS"", ""id"": ""VariableID:2:12""}, ""paddingLeft"": {""type"": ""VARIABLE_ALIAS"", ""id"": ""VariableID:2:13""}, ""paddingTop"": {""type"": ""VARIABLE_ALIAS"", ""id"": ""VariableID:2:13""}, ""paddingRight"": {""type"": ""VARIABLE_ALIAS"", ""id"": ""VariableID:2:13""}, ""paddingBottom"": {""type"": ""VARIABLE_ALIAS"", ""id"": ""VariableID:2:13""}, ""fills"": [{""type"": ""VARIABLE_ALIAS"", ""id"": ""VariableID:2:3""}]}",null,Structural inventory; findings and text review identify assessed defects
2:27,I3:269;3:14,3:269,TEXT,Question,"[24, 24, 254, 44]",null,"{""fills"": [{""type"": ""VARIABLE_ALIAS"", ""id"": ""VariableID:2:7""}]}",null,Structural inventory; findings and text review identify assessed defects
2:27,I3:269;3:15,3:269,TEXT,Expand,"[294, 24, 24, 31]",null,"{""fills"": [{""type"": ""VARIABLE_ALIAS"", ""id"": ""VariableID:2:10""}]}",null,Structural inventory; findings and text review identify assessed defects
2:27,3:272,3:260,INSTANCE,FAQ / What happens after the report?,"[24, 556, 342, 79]","[""HORIZONTAL"", ""FIXED"", ""HUG"", ""NO_WRAP"", 24, 24, 24, 24, 16, false, ""AUTO"", {""horizontal"": ""MIN"", ""vertical"": ""MIN""}, null, null]","{""itemSpacing"": {""type"": ""VARIABLE_ALIAS"", ""id"": ""VariableID:2:12""}, ""paddingLeft"": {""type"": ""VARIABLE_ALIAS"", ""id"": ""VariableID:2:13""}, ""paddingTop"": {""type"": ""VARIABLE_ALIAS"", ""id"": ""VariableID:2:13""}, ""paddingRight"": {""type"": ""VARIABLE_ALIAS"", ""id"": ""VariableID:2:13""}, ""paddingBottom"": {""type"": ""VARIABLE_ALIAS"", ""id"": ""VariableID:2:13""}, ""fills"": [{""type"": ""VARIABLE_ALIAS"", ""id"": ""VariableID:2:3""}]}",null,Structural inventory; findings and text review identify assessed defects
2:27,I3:272;3:14,3:272,TEXT,Question,"[24, 24, 254, 22]",null,"{""fills"": [{""type"": ""VARIABLE_ALIAS"", ""id"": ""VariableID:2:7""}]}",null,Structural inventory; findings and text review identify assessed defects
2:27,I3:272;3:15,3:272,TEXT,Expand,"[294, 24, 24, 31]",null,"{""fills"": [{""type"": ""VARIABLE_ALIAS"", ""id"": ""VariableID:2:10""}]}",null,Structural inventory; findings and text review identify assessed defects
2:27,3:275,3:260,TEXT,FAQ design note,"[24, 667, 342, 44]",null,"{""fills"": [{""type"": ""VARIABLE_ALIAS"", ""id"": ""VariableID:2:8""}]}",null,Structural inventory; findings and text review identify assessed defects
2:27,3:276,2:27,FRAME,09 · Closing action,"[0, 6228, 390, 402]","[""VERTICAL"", ""FIXED"", ""HUG"", ""NO_WRAP"", 48, 24, 48, 24, 32, false, ""AUTO"", {""horizontal"": ""MIN"", ""vertical"": ""MIN""}, null, null]","{""itemSpacing"": {""type"": ""VARIABLE_ALIAS"", ""id"": ""VariableID:2:14""}, ""paddingLeft"": {""type"": ""VARIABLE_ALIAS"", ""id"": ""VariableID:2:13""}, ""paddingTop"": {""type"": ""VARIABLE_ALIAS"", ""id"": ""VariableID:2:15""}, ""paddingRight"": {""type"": ""VARIABLE_ALIAS"", ""id"": ""VariableID:2:13""}, ""paddingBottom"": {""type"": ""VARIABLE_ALIAS"", ""id"": ""VariableID:2:15""}, ""fills"": [{""type"": ""VARIABLE_ALIAS"", ""id"": ""VariableID:2:5""}]}",null,Structural inventory; findings and text review identify assessed defects
2:27,3:277,3:276,TEXT,Eyebrow,"[24, 48, 342, 18]",null,"{""fills"": [{""type"": ""VARIABLE_ALIAS"", ""id"": ""VariableID:2:10""}]}",null,Structural inventory; findings and text review identify assessed defects
2:27,3:278,3:276,TEXT,Heading,"[24, 98, 342, 80]",null,"{""fills"": [{""type"": ""VARIABLE_ALIAS"", ""id"": ""VariableID:2:7""}]}",null,Structural inventory; findings and text review identify assessed defects
2:27,3:279,3:276,TEXT,CTA support,"[24, 210, 342, 58]",null,"{""fills"": [{""type"": ""VARIABLE_ALIAS"", ""id"": ""VariableID:2:8""}]}",null,Structural inventory; findings and text review identify assessed defects
2:27,3:280,3:276,INSTANCE,Action / Check audit availability  →,"[24, 300, 252, 54]","[""VERTICAL"", ""FIXED"", ""HUG"", ""NO_WRAP"", 16, 16, 16, 16, 16, false, ""AUTO"", {""horizontal"": ""MIN"", ""vertical"": ""MIN""}, null, null]","{""itemSpacing"": {""type"": ""VARIABLE_ALIAS"", ""id"": ""VariableID:2:12""}, ""paddingLeft"": {""type"": ""VARIABLE_ALIAS"", ""id"": ""VariableID:2:12""}, ""paddingTop"": {""type"": ""VARIABLE_ALIAS"", ""id"": ""VariableID:2:12""}, ""paddingRight"": {""type"": ""VARIABLE_ALIAS"", ""id"": ""VariableID:2:12""}, ""paddingBottom"": {""type"": ""VARIABLE_ALIAS"", ""id"": ""VariableID:2:12""}, ""fills"": [{""type"": ""VARIABLE_ALIAS"", ""id"": ""VariableID:2:9""}]}",null,Structural inventory; findings and text review identify assessed defects
2:27,I3:280;3:8,3:280,TEXT,Label,"[16, 16, 220, 22]",null,"{""fills"": [{""type"": ""VARIABLE_ALIAS"", ""id"": ""VariableID:2:3""}]}",null,Structural inventory; findings and text review identify assessed defects
2:27,3:282,2:27,FRAME,10 · Footer,"[0, 6630, 390, 199]","[""VERTICAL"", ""FIXED"", ""HUG"", ""NO_WRAP"", 24, 24, 24, 24, 16, false, ""AUTO"", {""horizontal"": ""MIN"", ""vertical"": ""MIN""}, null, null]","{""itemSpacing"": {""type"": ""VARIABLE_ALIAS"", ""id"": ""VariableID:2:12""}, ""paddingLeft"": {""type"": ""VARIABLE_ALIAS"", ""id"": ""VariableID:2:13""}, ""paddingTop"": {""type"": ""VARIABLE_ALIAS"", ""id"": ""VariableID:2:13""}, ""paddingRight"": {""type"": ""VARIABLE_ALIAS"", ""id"": ""VariableID:2:13""}, ""paddingBottom"": {""type"": ""VARIABLE_ALIAS"", ""id"": ""VariableID:2:13""}, ""fills"": [{""type"": ""VARIABLE_ALIAS"", ""id"": ""VariableID:2:3""}]}",null,Structural inventory; findings and text review identify assessed defects
2:27,3:283,3:282,TEXT,Footer wordmark,"[24, 24, 342, 31]",null,"{""fills"": [{""type"": ""VARIABLE_ALIAS"", ""id"": ""VariableID:2:7""}]}",null,Structural inventory; findings and text review identify assessed defects
2:27,3:284,3:282,TEXT,Footer description,"[24, 71, 342, 44]",null,"{""fills"": [{""type"": ""VARIABLE_ALIAS"", ""id"": ""VariableID:2:8""}]}",null,Structural inventory; findings and text review identify assessed defects
2:27,3:285,3:282,TEXT,Concept footer,"[24, 131, 342, 44]",null,"{""fills"": [{""type"": ""VARIABLE_ALIAS"", ""id"": ""VariableID:2:8""}]}",null,Structural inventory; findings and text review identify assessed defects
13:602,13:602,0:1,FRAME,MindLeverX — What is GEO,"[8664, 876, 1440, 2556]","[""VERTICAL"", ""FIXED"", ""HUG"", ""NO_WRAP"", 0, 0, 0, 0, 0, true, ""AUTO"", {""horizontal"": ""MIN"", ""vertical"": ""MIN""}, null, null]",null,null,Structural inventory; findings and text review identify assessed defects
13:602,13:603,13:602,INSTANCE,Header / Desktop,"[0, 0, 1440, 80]","[""HORIZONTAL"", ""FIXED"", ""HUG"", ""NO_WRAP"", 24, 96, 24, 96, 0, false, ""AUTO"", {""horizontal"": ""MIN"", ""vertical"": ""MIN""}, null, null]",null,null,Structural inventory; findings and text review identify assessed defects
13:602,I13:603;13:169,13:603,FRAME,Brand Identity,"[96, 24, 179, 32]","[""HORIZONTAL"", ""HUG"", ""HUG"", ""NO_WRAP"", 0, 0, 0, 0, 12, false, ""AUTO"", {""horizontal"": ""MIN"", ""vertical"": ""MIN""}, null, null]",null,"[{""action"": {""type"": ""NODE"", ""destinationId"": ""13:167"", ""navigation"": ""NAVIGATE"", ""transition"": null, ""resetVideoPosition"": false}, ""actions"": [{""type"": ""NODE"", ""destinationId"": ""13:167"", ""navigation"": ""NAVIGATE"", ""transition"": null, ""resetVideoPosition"": false}], ""trigger"": {""type"": ""ON_CLICK""}}]",Structural inventory; findings and text review identify assessed defects
13:602,I13:603;13:170,I13:603;13:169,FRAME,Logo Mark,"[0, 0, 32, 32]","[""HORIZONTAL"", ""FIXED"", ""FIXED"", ""NO_WRAP"", 0, 0, 0, 0, 0, false, ""AUTO"", {""horizontal"": ""MIN"", ""vertical"": ""MIN""}, null, null]",null,null,Structural inventory; findings and text review identify assessed defects
13:602,I13:603;13:171,I13:603;13:170,FRAME,cross,"[7, 7, 18, 18]","[""NONE"", ""FIXED"", ""FIXED"", ""NO_WRAP"", 0, 0, 0, 0, 0, true, ""AUTO"", {""horizontal"": ""MIN"", ""vertical"": ""MIN""}, null, null]",null,null,Structural inventory; findings and text review identify assessed defects
13:602,I13:603;13:172,I13:603;13:171,VECTOR,Vector,"[1.499400019645691, 1.499400019645691, 15.001199722290039, 15.001199722290039]",null,null,null,Structural inventory; findings and text review identify assessed defects
13:602,I13:603;13:173,I13:603;13:169,TEXT,Wordmark,"[44, 2.5, 135, 27]",null,null,null,Structural inventory; findings and text review identify assessed defects
13:602,I13:603;13:174,13:603,FRAME,Navigation Links,"[783, 29, 561, 22]","[""HORIZONTAL"", ""HUG"", ""HUG"", ""NO_WRAP"", 0, 0, 0, 0, 32, false, ""AUTO"", {""horizontal"": ""MIN"", ""vertical"": ""MIN""}, null, null]",null,null,Structural inventory; findings and text review identify assessed defects
13:602,I13:603;13:175,I13:603;13:174,TEXT,Nav Link 1,"[0, 0, 39, 22]",null,null,"[{""action"": {""type"": ""NODE"", ""destinationId"": ""13:167"", ""navigation"": ""NAVIGATE"", ""transition"": null, ""resetVideoPosition"": false}, ""actions"": [{""type"": ""NODE"", ""destinationId"": ""13:167"", ""navigation"": ""NAVIGATE"", ""transition"": null, ""resetVideoPosition"": false}], ""trigger"": {""type"": ""ON_CLICK""}}]",Structural inventory; findings and text review identify assessed defects
13:602,I13:603;13:176,I13:603;13:174,TEXT,Nav Link 2,"[71, 0, 51, 22]",null,null,"[{""action"": {""type"": ""NODE"", ""destinationId"": ""13:480"", ""navigation"": ""NAVIGATE"", ""transition"": null, ""resetVideoPosition"": false}, ""actions"": [{""type"": ""NODE"", ""destinationId"": ""13:480"", ""navigation"": ""NAVIGATE"", ""transition"": null, ""resetVideoPosition"": false}], ""trigger"": {""type"": ""ON_CLICK""}}]",Structural inventory; findings and text review identify assessed defects
13:602,I13:603;13:177,I13:603;13:174,TEXT,Nav Link 3,"[154, 0, 82, 22]",null,null,"[{""action"": {""type"": ""NODE"", ""destinationId"": ""13:602"", ""navigation"": ""NAVIGATE"", ""transition"": null, ""resetVideoPosition"": false}, ""actions"": [{""type"": ""NODE"", ""destinationId"": ""13:602"", ""navigation"": ""NAVIGATE"", ""transition"": null, ""resetVideoPosition"": false}], ""trigger"": {""type"": ""ON_CLICK""}}]",Structural inventory; findings and text review identify assessed defects
13:602,I13:603;13:178,I13:603;13:174,TEXT,Nav Link 4,"[268, 0, 103, 22]",null,null,"[{""action"": {""type"": ""NODE"", ""destinationId"": ""13:682"", ""navigation"": ""NAVIGATE"", ""transition"": null, ""resetVideoPosition"": false}, ""actions"": [{""type"": ""NODE"", ""destinationId"": ""13:682"", ""navigation"": ""NAVIGATE"", ""transition"": null, ""resetVideoPosition"": false}], ""trigger"": {""type"": ""ON_CLICK""}}]",Structural inventory; findings and text review identify assessed defects
13:602,I13:603;13:179,I13:603;13:174,TEXT,Nav Link 5,"[403, 0, 40, 22]",null,null,"[{""action"": {""type"": ""NODE"", ""destinationId"": ""13:893"", ""navigation"": ""NAVIGATE"", ""transition"": null, ""resetVideoPosition"": false}, ""actions"": [{""type"": ""NODE"", ""destinationId"": ""13:893"", ""navigation"": ""NAVIGATE"", ""transition"": null, ""resetVideoPosition"": false}], ""trigger"": {""type"": ""ON_CLICK""}}]",Structural inventory; findings and text review identify assessed defects
13:602,I13:603;13:180,I13:603;13:174,FRAME,Nav Link 6 Wrap,"[475, 0, 86, 22]","[""HORIZONTAL"", ""HUG"", ""HUG"", ""NO_WRAP"", 0, 0, 0, 0, 8, false, ""AUTO"", {""horizontal"": ""MIN"", ""vertical"": ""MIN""}, null, null]",null,"[{""action"": {""type"": ""NODE"", ""destinationId"": ""13:966"", ""navigation"": ""NAVIGATE"", ""transition"": null, ""resetVideoPosition"": false}, ""actions"": [{""type"": ""NODE"", ""destinationId"": ""13:966"", ""navigation"": ""NAVIGATE"", ""transition"": null, ""resetVideoPosition"": false}], ""trigger"": {""type"": ""ON_CLICK""}}]",Structural inventory; findings and text review identify assessed defects
13:602,I13:603;13:181,I13:603;13:180,ELLIPSE,Ellipse,"[0, 7, 8, 8]",null,null,null,Structural inventory; findings and text review identify assessed defects
13:602,I13:603;13:182,I13:603;13:180,TEXT,Nav Link 6,"[16, 0, 70, 22]",null,null,null,Structural inventory; findings and text review identify assessed defects
13:602,13:618,13:602,FRAME,Hero,"[0, 80, 1440, 386]","[""VERTICAL"", ""FILL"", ""HUG"", ""NO_WRAP"", 96, 96, 80, 96, 24, false, ""AUTO"", {""horizontal"": ""MIN"", ""vertical"": ""MIN""}, null, null]",null,null,Structural inventory; findings and text review identify assessed defects
13:602,13:619,13:618,TEXT,Eyebrow,"[96, 96, 179, 18]",null,null,null,Structural inventory; findings and text review identify assessed defects
13:602,13:620,13:618,TEXT,Title,"[96, 138, 1248, 57]",null,null,null,Structural inventory; findings and text review identify assessed defects
13:602,13:621,13:618,TEXT,Description,"[96, 219, 800, 87]",null,null,null,Structural inventory; findings and text review identify assessed defects
13:602,13:622,13:602,FRAME,Questions Section,"[0, 466, 1440, 899]","[""VERTICAL"", ""FILL"", ""HUG"", ""NO_WRAP"", 96, 96, 96, 96, 48, false, ""AUTO"", {""horizontal"": ""MIN"", ""vertical"": ""MIN""}, null, null]",null,null,Structural inventory; findings and text review identify assessed defects
13:602,13:623,13:622,TEXT,FREQUENTLY EXAMINED CORE IDEAS,"[96, 96, 213, 18]",null,null,null,Structural inventory; findings and text review identify assessed defects
13:602,13:624,13:622,FRAME,Q&A Cards,"[96, 162, 1248, 641]","[""GRID"", ""FILL"", ""FIXED"", ""NO_WRAP"", 0, 0, 0, 0, 0, false, ""AUTO"", {""horizontal"": ""MIN"", ""vertical"": ""MIN""}, null, null]",null,null,Structural inventory; findings and text review identify assessed defects
13:602,13:625,13:624,FRAME,Frame,"[0, 0, 608, 319]","[""VERTICAL"", ""FILL"", ""HUG"", ""NO_WRAP"", 32, 32, 32, 32, 16, false, ""AUTO"", {""horizontal"": ""MIN"", ""vertical"": ""MIN""}, null, null]",null,null,Structural inventory; findings and text review identify assessed defects
13:602,13:626,13:625,TEXT,01 / RELATION TO SEO,"[32, 32, 127, 18]",null,null,null,Structural inventory; findings and text review identify assessed defects
13:602,13:627,13:625,TEXT,How is GEO different from traditional SEO?,"[32, 66, 468, 31]",null,null,null,Structural inventory; findings and text review identify assessed defects
13:602,13:628,13:625,TEXT,"GEO overlaps heavily with strong SEO technical foundations — structured schema, crawlable URLs, and clear factual copy. However, while SEO optimizes for page rank and visibility, GEO focuses on how language models represent your brand, summarize core claims, and reference sources in downstream answers.","[32, 113, 544, 174]",null,null,null,Structural inventory; findings and text review identify assessed defects
13:602,13:629,13:624,FRAME,Frame,"[640, 0, 608, 261]","[""VERTICAL"", ""FILL"", ""HUG"", ""NO_WRAP"", 32, 32, 32, 32, 16, false, ""AUTO"", {""horizontal"": ""MIN"", ""vertical"": ""MIN""}, null, null]",null,null,Structural inventory; findings and text review identify assessed defects
13:602,13:630,13:629,TEXT,02 / ENGINE SYSTEMS,"[32, 32, 127, 18]",null,null,null,Structural inventory; findings and text review identify assessed defects
13:602,13:631,13:629,TEXT,Are search AI features the same as ChatGPT?,"[32, 66, 500, 31]",null,null,null,Structural inventory; findings and text review identify assessed defects
13:602,13:632,13:629,TEXT,No. Google’s AI features operate within Google Search and its indexing and retrieval systems. Consumer ChatGPT is a separate product and observation context. Behavior seen in one system should not be generalized to every AI system.,"[32, 113, 544, 116]",null,null,null,Structural inventory; findings and text review identify assessed defects
13:602,13:633,13:624,FRAME,Frame,"[0, 351, 608, 290]","[""VERTICAL"", ""FILL"", ""HUG"", ""NO_WRAP"", 32, 32, 32, 32, 16, false, ""AUTO"", {""horizontal"": ""MIN"", ""vertical"": ""MIN""}, null, null]",null,null,Structural inventory; findings and text review identify assessed defects
13:602,13:634,13:633,TEXT,03 / GOOGLE SEARCH GUIDANCE,"[32, 32, 194, 18]",null,null,null,Structural inventory; findings and text review identify assessed defects
13:602,13:635,13:633,TEXT,Does Google require special AI markup or llms.txt?,"[32, 66, 557, 31]",null,null,null,Structural inventory; findings and text review identify assessed defects
13:602,13:636,13:633,TEXT,"No. Google's current official technical guidance states that no specialized AI-specific schema or llms.txt protocol is required for standard search retrieval systems. Prioritize useful, original content, clean site structure, and standard search optimization practices.","[32, 113, 544, 145]",null,null,null,Structural inventory; findings and text review identify assessed defects
13:602,13:637,13:624,FRAME,Frame,"[640, 351, 608, 290]","[""VERTICAL"", ""FILL"", ""HUG"", ""NO_WRAP"", 32, 32, 32, 32, 16, false, ""AUTO"", {""horizontal"": ""MIN"", ""vertical"": ""MIN""}, null, null]",null,null,Structural inventory; findings and text review identify assessed defects
13:602,13:638,13:637,TEXT,04 / GUARANTEALS,"[32, 32, 115, 18]",null,null,null,Structural inventory; findings and text review identify assessed defects
13:602,13:639,13:637,TEXT,Can anyone guarantee an AI recommendation?,"[32, 66, 519, 31]",null,null,null,Structural inventory; findings and text review identify assessed defects
13:602,13:640,13:637,TEXT,"Absolutely not. Any promise of guaranteed AI rankings, automated citation placement, or magic visibility lift is unprovable. Generative models utilize complex, non-deterministic parameters that render single outcome hacks ineffective. Focus on verifiable source clarity.","[32, 113, 544, 145]",null,null,null,Structural inventory; findings and text review identify assessed defects
13:602,13:641,13:602,FRAME,Diagram Area,"[0, 1365, 1440, 610]","[""VERTICAL"", ""FILL"", ""HUG"", ""NO_WRAP"", 96, 96, 96, 96, 48, false, ""AUTO"", {""horizontal"": ""MIN"", ""vertical"": ""MIN""}, null, null]",null,null,Structural inventory; findings and text review identify assessed defects
13:602,13:642,13:641,FRAME,Frame,"[96, 96, 774, 87]","[""VERTICAL"", ""HUG"", ""HUG"", ""NO_WRAP"", 0, 0, 0, 0, 12, false, ""AUTO"", {""horizontal"": ""MIN"", ""vertical"": ""MIN""}, null, null]",null,null,Structural inventory; findings and text review identify assessed defects
13:602,13:643,13:642,TEXT,CONCEPTUAL ARCHITECTURE,"[0, 0, 174, 18]",null,null,null,Structural inventory; findings and text review identify assessed defects
13:602,13:644,13:642,TEXT,Proposed Information Flow Model,"[0, 30, 774, 57]",null,null,null,Structural inventory; findings and text review identify assessed defects
13:602,13:645,13:641,FRAME,Diagram Box,"[96, 231, 1248, 213]","[""HORIZONTAL"", ""FILL"", ""HUG"", ""NO_WRAP"", 48, 48, 48, 48, 40, false, ""AUTO"", {""horizontal"": ""MIN"", ""vertical"": ""MIN""}, null, null]",null,null,Structural inventory; findings and text review identify assessed defects
13:602,13:646,13:645,FRAME,Step A,"[48, 48, 309.3333435058594, 117]","[""VERTICAL"", ""FILL"", ""HUG"", ""NO_WRAP"", 0, 0, 0, 0, 12, false, ""AUTO"", {""horizontal"": ""MIN"", ""vertical"": ""MIN""}, null, null]",null,null,Structural inventory; findings and text review identify assessed defects
13:602,13:647,13:646,TEXT,PHASE 01,"[0, 0, 55, 18]",null,null,null,Structural inventory; findings and text review identify assessed defects
13:602,13:648,13:646,TEXT,SEO Foundations,"[0, 30, 190, 31]",null,null,null,Structural inventory; findings and text review identify assessed defects
13:602,13:649,13:646,TEXT,"Technical crawlability, clean schema structure, and high site-accessibility metrics.","[0, 73, 309.3333435058594, 44]",null,null,null,Structural inventory; findings and text review identify assessed defects
13:602,13:782,13:645,FRAME,arrow-right,"[397.3333435058594, 94.5, 32, 24]","[""NONE"", ""FIXED"", ""FIXED"", ""NO_WRAP"", 0, 0, 0, 0, 0, true, ""AUTO"", {""horizontal"": ""MIN"", ""vertical"": ""MIN""}, null, null]",null,null,Structural inventory; findings and text review identify assessed defects
13:602,13:783,13:782,VECTOR,Vector,"[6.665599822998047, 4.999199867248535, 18.668800354003906, 14.00160026550293]",null,null,null,Structural inventory; findings and text review identify assessed defects
13:602,13:651,13:645,FRAME,Step B,"[469.3333435058594, 48, 309.33331298828125, 117]","[""VERTICAL"", ""FILL"", ""HUG"", ""NO_WRAP"", 0, 0, 0, 0, 12, false, ""AUTO"", {""horizontal"": ""MIN"", ""vertical"": ""MIN""}, null, null]",null,null,Structural inventory; findings and text review identify assessed defects
13:602,13:652,13:651,TEXT,PHASE 02,"[0, 0, 58, 18]",null,null,null,Structural inventory; findings and text review identify assessed defects
13:602,13:653,13:651,TEXT,Source Authority,"[0, 30, 191, 31]",null,null,null,Structural inventory; findings and text review identify assessed defects
13:602,13:654,13:651,TEXT,"Factual copy, documented brand claims, and transparent, high-integrity content sourcing.","[0, 73, 309.33331298828125, 44]",null,null,null,Structural inventory; findings and text review identify assessed defects
13:602,13:785,13:645,FRAME,arrow-right,"[818.6666259765625, 94.5, 32, 24]","[""NONE"", ""FIXED"", ""FIXED"", ""NO_WRAP"", 0, 0, 0, 0, 0, true, ""AUTO"", {""horizontal"": ""MIN"", ""vertical"": ""MIN""}, null, null]",null,null,Structural inventory; findings and text review identify assessed defects
13:602,13:786,13:785,VECTOR,Vector,"[6.665599822998047, 4.999199867248535, 18.668800354003906, 14.00160026550293]",null,null,null,Structural inventory; findings and text review identify assessed defects
13:602,13:656,13:645,FRAME,Step C,"[890.6666259765625, 48, 309.33331298828125, 117]","[""VERTICAL"", ""FILL"", ""HUG"", ""NO_WRAP"", 0, 0, 0, 0, 12, false, ""AUTO"", {""horizontal"": ""MIN"", ""vertical"": ""MIN""}, null, null]",null,null,Structural inventory; findings and text review identify assessed defects
13:602,13:657,13:656,TEXT,PHASE 03,"[0, 0, 58, 18]",null,null,null,Structural inventory; findings and text review identify assessed defects
13:602,13:658,13:656,TEXT,System-specific observation,"[0, 30, 321, 31]",null,null,null,Structural inventory; findings and text review identify assessed defects
13:602,13:659,13:656,TEXT,"Documenting true engine responses, versioning key buyer queries, and tracking references.","[0, 73, 309.33331298828125, 44]",null,null,null,Structural inventory; findings and text review identify assessed defects
13:602,13:660,13:641,TEXT,Note: This diagram is a conceptual framework for proposed service tracking and education; it is not a representation of any private ranking formula.,"[96, 492, 953, 22]",null,null,null,Structural inventory; findings and text review identify assessed defects
13:602,13:661,13:602,FRAME,Action Strip,"[0, 1975, 1440, 309]","[""VERTICAL"", ""FILL"", ""HUG"", ""NO_WRAP"", 96, 96, 96, 96, 32, false, ""AUTO"", {""horizontal"": ""MIN"", ""vertical"": ""MIN""}, null, null]",null,null,Structural inventory; findings and text review identify assessed defects
13:602,13:662,13:661,TEXT,Continue with the related learning paths.,"[490.5, 96, 459, 31]",null,null,null,Structural inventory; findings and text review identify assessed defects
13:602,13:663,13:661,FRAME,Frame,"[522, 159, 396, 54]","[""HORIZONTAL"", ""HUG"", ""HUG"", ""NO_WRAP"", 0, 0, 0, 0, 24, false, ""AUTO"", {""horizontal"": ""MIN"", ""vertical"": ""MIN""}, null, null]",null,"[{""action"": {""type"": ""NODE"", ""destinationId"": ""13:791"", ""navigation"": ""NAVIGATE"", ""transition"": null, ""resetVideoPosition"": false}, ""actions"": [{""type"": ""NODE"", ""destinationId"": ""13:791"", ""navigation"": ""NAVIGATE"", ""transition"": null, ""resetVideoPosition"": false}], ""trigger"": {""type"": ""ON_CLICK""}}]",Structural inventory; findings and text review identify assessed defects
13:602,13:664,13:663,INSTANCE,Button / Primary,"[0, 0, 252, 54]","[""VERTICAL"", ""FIXED"", ""HUG"", ""NO_WRAP"", 16, 16, 16, 16, 16, false, ""AUTO"", {""horizontal"": ""MIN"", ""vertical"": ""MIN""}, null, null]","{""itemSpacing"": {""type"": ""VARIABLE_ALIAS"", ""id"": ""VariableID:2:12""}, ""paddingLeft"": {""type"": ""VARIABLE_ALIAS"", ""id"": ""VariableID:2:12""}, ""paddingTop"": {""type"": ""VARIABLE_ALIAS"", ""id"": ""VariableID:2:12""}, ""paddingRight"": {""type"": ""VARIABLE_ALIAS"", ""id"": ""VariableID:2:12""}, ""paddingBottom"": {""type"": ""VARIABLE_ALIAS"", ""id"": ""VariableID:2:12""}, ""fills"": [{""type"": ""VARIABLE_ALIAS"", ""id"": ""VariableID:2:9""}]}","[{""action"": {""type"": ""NODE"", ""destinationId"": ""13:480"", ""navigation"": ""NAVIGATE"", ""transition"": null, ""resetVideoPosition"": false}, ""actions"": [{""type"": ""NODE"", ""destinationId"": ""13:480"", ""navigation"": ""NAVIGATE"", ""transition"": null, ""resetVideoPosition"": false}], ""trigger"": {""type"": ""ON_CLICK""}}]",Structural inventory; findings and text review identify assessed defects
13:602,I13:664;3:8,13:664,TEXT,Label,"[16, 16, 220, 22]",null,"{""fills"": [{""type"": ""VARIABLE_ALIAS"", ""id"": ""VariableID:2:3""}]}",null,Structural inventory; findings and text review identify assessed defects
13:602,13:666,13:663,TEXT,Research / Evidence,"[276, 18, 120, 18]",null,null,null,Structural inventory; findings and text review identify assessed defects
13:602,13:667,13:602,INSTANCE,Footer / Desktop,"[0, 2284, 1440, 272]","[""VERTICAL"", ""FIXED"", ""HUG"", ""NO_WRAP"", 64, 96, 64, 96, 48, false, ""AUTO"", {""horizontal"": ""MIN"", ""vertical"": ""MIN""}, null, null]",null,null,Structural inventory; findings and text review identify assessed defects
13:602,I13:667;13:305,13:667,FRAME,Footer Top,"[96, 64, 1248, 57]","[""HORIZONTAL"", ""FILL"", ""HUG"", ""NO_WRAP"", 0, 0, 0, 0, 0, false, ""AUTO"", {""horizontal"": ""MIN"", ""vertical"": ""MIN""}, null, null]",null,null,Structural inventory; findings and text review identify assessed defects
13:602,I13:667;13:306,I13:667;13:305,FRAME,Footer Brand,"[0, 0, 481, 57]","[""VERTICAL"", ""HUG"", ""HUG"", ""NO_WRAP"", 0, 0, 0, 0, 8, false, ""AUTO"", {""horizontal"": ""MIN"", ""vertical"": ""MIN""}, null, null]",null,null,Structural inventory; findings and text review identify assessed defects
13:602,I13:667;13:307,I13:667;13:306,TEXT,Footer Wordmark,"[0, 0, 122, 27]",null,null,null,Structural inventory; findings and text review identify assessed defects
13:602,I13:667;13:308,I13:667;13:306,TEXT,A proposed evidence-led Generative Engine Optimization review concept.,"[0, 35, 481, 22]",null,null,null,Structural inventory; findings and text review identify assessed defects
13:602,I13:667;13:309,I13:667;13:305,FRAME,Footer Links,"[837, 0, 411, 22]","[""HORIZONTAL"", ""HUG"", ""HUG"", ""NO_WRAP"", 0, 0, 0, 0, 24, false, ""AUTO"", {""horizontal"": ""MIN"", ""vertical"": ""MIN""}, null, null]",null,null,Structural inventory; findings and text review identify assessed defects
13:602,I13:667;13:310,I13:667;13:309,TEXT,Home,"[0, 0, 39, 22]",null,null,"[{""action"": {""type"": ""NODE"", ""destinationId"": ""13:167"", ""navigation"": ""NAVIGATE"", ""transition"": null, ""resetVideoPosition"": false}, ""actions"": [{""type"": ""NODE"", ""destinationId"": ""13:167"", ""navigation"": ""NAVIGATE"", ""transition"": null, ""resetVideoPosition"": false}], ""trigger"": {""type"": ""ON_CLICK""}}]",Structural inventory; findings and text review identify assessed defects
13:602,I13:667;13:311,I13:667;13:309,TEXT,Method,"[63, 0, 51, 22]",null,null,"[{""action"": {""type"": ""NODE"", ""destinationId"": ""13:480"", ""navigation"": ""NAVIGATE"", ""transition"": null, ""resetVideoPosition"": false}, ""actions"": [{""type"": ""NODE"", ""destinationId"": ""13:480"", ""navigation"": ""NAVIGATE"", ""transition"": null, ""resetVideoPosition"": false}], ""trigger"": {""type"": ""ON_CLICK""}}]",Structural inventory; findings and text review identify assessed defects
13:602,I13:667;13:312,I13:667;13:309,TEXT,What is GEO,"[138, 0, 82, 22]",null,null,"[{""action"": {""type"": ""NODE"", ""destinationId"": ""13:602"", ""navigation"": ""NAVIGATE"", ""transition"": null, ""resetVideoPosition"": false}, ""actions"": [{""type"": ""NODE"", ""destinationId"": ""13:602"", ""navigation"": ""NAVIGATE"", ""transition"": null, ""resetVideoPosition"": false}], ""trigger"": {""type"": ""ON_CLICK""}}]",Structural inventory; findings and text review identify assessed defects
13:602,I13:667;13:313,I13:667;13:309,TEXT,Example Report,"[244, 0, 103, 22]",null,null,"[{""action"": {""type"": ""NODE"", ""destinationId"": ""13:682"", ""navigation"": ""NAVIGATE"", ""transition"": null, ""resetVideoPosition"": false}, ""actions"": [{""type"": ""NODE"", ""destinationId"": ""13:682"", ""navigation"": ""NAVIGATE"", ""transition"": null, ""resetVideoPosition"": false}], ""trigger"": {""type"": ""ON_CLICK""}}]",Structural inventory; findings and text review identify assessed defects
13:602,I13:667;13:314,I13:667;13:309,TEXT,About,"[371, 0, 40, 22]",null,null,"[{""action"": {""type"": ""NODE"", ""destinationId"": ""13:893"", ""navigation"": ""NAVIGATE"", ""transition"": null, ""resetVideoPosition"": false}, ""actions"": [{""type"": ""NODE"", ""destinationId"": ""13:893"", ""navigation"": ""NAVIGATE"", ""transition"": null, ""resetVideoPosition"": false}], ""trigger"": {""type"": ""ON_CLICK""}}]",Structural inventory; findings and text review identify assessed defects
13:602,I13:667;13:315,13:667,FRAME,Footer Bottom,"[96, 169, 1248, 39]","[""VERTICAL"", ""FILL"", ""HUG"", ""NO_WRAP"", 0, 0, 0, 0, 16, false, ""AUTO"", {""horizontal"": ""MIN"", ""vertical"": ""MIN""}, null, null]",null,null,Structural inventory; findings and text review identify assessed defects
13:602,I13:667;13:316,I13:667;13:315,RECTANGLE,Rectangle,"[0, 0, 1248, 1]",null,null,null,Structural inventory; findings and text review identify assessed defects
13:602,I13:667;13:317,I13:667;13:315,TEXT,"DESIGN CONCEPT · SEP 2026 — Offer, pricing, timing, collection, delivery, and availability remain subject to owner decisions.","[0, 17, 1248, 22]",null,null,null,Structural inventory; findings and text review identify assessed defects
13:480,13:480,0:1,FRAME,MindLeverX — Method,"[6642, 876, 1440, 3207]","[""VERTICAL"", ""FIXED"", ""HUG"", ""NO_WRAP"", 0, 0, 0, 0, 0, true, ""AUTO"", {""horizontal"": ""MIN"", ""vertical"": ""MIN""}, null, null]",null,null,Structural inventory; findings and text review identify assessed defects
13:480,13:481,13:480,INSTANCE,Header / Desktop,"[0, 0, 1440, 80]","[""HORIZONTAL"", ""FIXED"", ""HUG"", ""NO_WRAP"", 24, 96, 24, 96, 0, false, ""AUTO"", {""horizontal"": ""MIN"", ""vertical"": ""MIN""}, null, null]",null,null,Structural inventory; findings and text review identify assessed defects
13:480,I13:481;13:169,13:481,FRAME,Brand Identity,"[96, 24, 179, 32]","[""HORIZONTAL"", ""HUG"", ""HUG"", ""NO_WRAP"", 0, 0, 0, 0, 12, false, ""AUTO"", {""horizontal"": ""MIN"", ""vertical"": ""MIN""}, null, null]",null,"[{""action"": {""type"": ""NODE"", ""destinationId"": ""13:167"", ""navigation"": ""NAVIGATE"", ""transition"": null, ""resetVideoPosition"": false}, ""actions"": [{""type"": ""NODE"", ""destinationId"": ""13:167"", ""navigation"": ""NAVIGATE"", ""transition"": null, ""resetVideoPosition"": false}], ""trigger"": {""type"": ""ON_CLICK""}}]",Structural inventory; findings and text review identify assessed defects
13:480,I13:481;13:170,I13:481;13:169,FRAME,Logo Mark,"[0, 0, 32, 32]","[""HORIZONTAL"", ""FIXED"", ""FIXED"", ""NO_WRAP"", 0, 0, 0, 0, 0, false, ""AUTO"", {""horizontal"": ""MIN"", ""vertical"": ""MIN""}, null, null]",null,null,Structural inventory; findings and text review identify assessed defects
13:480,I13:481;13:171,I13:481;13:170,FRAME,cross,"[7, 7, 18, 18]","[""NONE"", ""FIXED"", ""FIXED"", ""NO_WRAP"", 0, 0, 0, 0, 0, true, ""AUTO"", {""horizontal"": ""MIN"", ""vertical"": ""MIN""}, null, null]",null,null,Structural inventory; findings and text review identify assessed defects
13:480,I13:481;13:172,I13:481;13:171,VECTOR,Vector,"[1.499400019645691, 1.499400019645691, 15.001199722290039, 15.001199722290039]",null,null,null,Structural inventory; findings and text review identify assessed defects
13:480,I13:481;13:173,I13:481;13:169,TEXT,Wordmark,"[44, 2.5, 135, 27]",null,null,null,Structural inventory; findings and text review identify assessed defects
13:480,I13:481;13:174,13:481,FRAME,Navigation Links,"[783, 29, 561, 22]","[""HORIZONTAL"", ""HUG"", ""HUG"", ""NO_WRAP"", 0, 0, 0, 0, 32, false, ""AUTO"", {""horizontal"": ""MIN"", ""vertical"": ""MIN""}, null, null]",null,null,Structural inventory; findings and text review identify assessed defects
13:480,I13:481;13:175,I13:481;13:174,TEXT,Nav Link 1,"[0, 0, 39, 22]",null,null,"[{""action"": {""type"": ""NODE"", ""destinationId"": ""13:167"", ""navigation"": ""NAVIGATE"", ""transition"": null, ""resetVideoPosition"": false}, ""actions"": [{""type"": ""NODE"", ""destinationId"": ""13:167"", ""navigation"": ""NAVIGATE"", ""transition"": null, ""resetVideoPosition"": false}], ""trigger"": {""type"": ""ON_CLICK""}}]",Structural inventory; findings and text review identify assessed defects
13:480,I13:481;13:176,I13:481;13:174,TEXT,Nav Link 2,"[71, 0, 51, 22]",null,null,"[{""action"": {""type"": ""NODE"", ""destinationId"": ""13:480"", ""navigation"": ""NAVIGATE"", ""transition"": null, ""resetVideoPosition"": false}, ""actions"": [{""type"": ""NODE"", ""destinationId"": ""13:480"", ""navigation"": ""NAVIGATE"", ""transition"": null, ""resetVideoPosition"": false}], ""trigger"": {""type"": ""ON_CLICK""}}]",Structural inventory; findings and text review identify assessed defects
13:480,I13:481;13:177,I13:481;13:174,TEXT,Nav Link 3,"[154, 0, 82, 22]",null,null,"[{""action"": {""type"": ""NODE"", ""destinationId"": ""13:602"", ""navigation"": ""NAVIGATE"", ""transition"": null, ""resetVideoPosition"": false}, ""actions"": [{""type"": ""NODE"", ""destinationId"": ""13:602"", ""navigation"": ""NAVIGATE"", ""transition"": null, ""resetVideoPosition"": false}], ""trigger"": {""type"": ""ON_CLICK""}}]",Structural inventory; findings and text review identify assessed defects
13:480,I13:481;13:178,I13:481;13:174,TEXT,Nav Link 4,"[268, 0, 103, 22]",null,null,"[{""action"": {""type"": ""NODE"", ""destinationId"": ""13:682"", ""navigation"": ""NAVIGATE"", ""transition"": null, ""resetVideoPosition"": false}, ""actions"": [{""type"": ""NODE"", ""destinationId"": ""13:682"", ""navigation"": ""NAVIGATE"", ""transition"": null, ""resetVideoPosition"": false}], ""trigger"": {""type"": ""ON_CLICK""}}]",Structural inventory; findings and text review identify assessed defects
13:480,I13:481;13:179,I13:481;13:174,TEXT,Nav Link 5,"[403, 0, 40, 22]",null,null,"[{""action"": {""type"": ""NODE"", ""destinationId"": ""13:893"", ""navigation"": ""NAVIGATE"", ""transition"": null, ""resetVideoPosition"": false}, ""actions"": [{""type"": ""NODE"", ""destinationId"": ""13:893"", ""navigation"": ""NAVIGATE"", ""transition"": null, ""resetVideoPosition"": false}], ""trigger"": {""type"": ""ON_CLICK""}}]",Structural inventory; findings and text review identify assessed defects
13:480,I13:481;13:180,I13:481;13:174,FRAME,Nav Link 6 Wrap,"[475, 0, 86, 22]","[""HORIZONTAL"", ""HUG"", ""HUG"", ""NO_WRAP"", 0, 0, 0, 0, 8, false, ""AUTO"", {""horizontal"": ""MIN"", ""vertical"": ""MIN""}, null, null]",null,"[{""action"": {""type"": ""NODE"", ""destinationId"": ""13:966"", ""navigation"": ""NAVIGATE"", ""transition"": null, ""resetVideoPosition"": false}, ""actions"": [{""type"": ""NODE"", ""destinationId"": ""13:966"", ""navigation"": ""NAVIGATE"", ""transition"": null, ""resetVideoPosition"": false}], ""trigger"": {""type"": ""ON_CLICK""}}]",Structural inventory; findings and text review identify assessed defects
13:480,I13:481;13:181,I13:481;13:180,ELLIPSE,Ellipse,"[0, 7, 8, 8]",null,null,null,Structural inventory; findings and text review identify assessed defects
13:480,I13:481;13:182,I13:481;13:180,TEXT,Nav Link 6,"[16, 0, 70, 22]",null,null,null,Structural inventory; findings and text review identify assessed defects
13:480,13:496,13:480,FRAME,Hero,"[0, 80, 1440, 386]","[""VERTICAL"", ""FILL"", ""HUG"", ""NO_WRAP"", 96, 96, 80, 96, 24, false, ""AUTO"", {""horizontal"": ""MIN"", ""vertical"": ""MIN""}, null, null]",null,null,Structural inventory; findings and text review identify assessed defects
13:480,13:497,13:496,TEXT,Eyebrow,"[96, 96, 163, 18]",null,null,null,Structural inventory; findings and text review identify assessed defects
13:480,13:498,13:496,TEXT,Title,"[96, 138, 1248, 57]",null,null,null,Structural inventory; findings and text review identify assessed defects
13:480,13:499,13:496,TEXT,Description,"[96, 219, 800, 87]",null,null,null,Structural inventory; findings and text review identify assessed defects
13:480,13:500,13:480,FRAME,Track Comparison,"[0, 466, 1440, 506]","[""VERTICAL"", ""FILL"", ""HUG"", ""NO_WRAP"", 64, 96, 64, 96, 48, false, ""AUTO"", {""horizontal"": ""MIN"", ""vertical"": ""MIN""}, null, null]",null,null,Structural inventory; findings and text review identify assessed defects
13:480,13:501,13:500,FRAME,Track Header,"[96, 64, 1248, 61]","[""VERTICAL"", ""FILL"", ""HUG"", ""NO_WRAP"", 0, 0, 0, 0, 12, false, ""AUTO"", {""horizontal"": ""MIN"", ""vertical"": ""MIN""}, null, null]",null,null,Structural inventory; findings and text review identify assessed defects
13:480,13:502,13:501,TEXT,THE TWO-TRACK BOUNDARY,"[0, 0, 169, 18]",null,null,null,Structural inventory; findings and text review identify assessed defects
13:480,13:503,13:501,TEXT,Separating site readiness from observed AI answers,"[0, 30, 574, 31]",null,null,null,Structural inventory; findings and text review identify assessed defects
13:480,13:504,13:500,FRAME,Tracks Grid,"[96, 173, 1248, 269]","[""HORIZONTAL"", ""FILL"", ""HUG"", ""NO_WRAP"", 0, 0, 0, 0, 40, false, ""AUTO"", {""horizontal"": ""MIN"", ""vertical"": ""MIN""}, null, null]",null,null,Structural inventory; findings and text review identify assessed defects
13:480,13:505,13:504,FRAME,Track 1,"[0, 0, 604, 240]","[""VERTICAL"", ""FILL"", ""HUG"", ""NO_WRAP"", 32, 32, 32, 32, 20, false, ""AUTO"", {""horizontal"": ""MIN"", ""vertical"": ""MIN""}, null, null]",null,null,Structural inventory; findings and text review identify assessed defects
13:480,13:506,13:505,TEXT,TRACK 01,"[32, 32, 56, 18]",null,null,null,Structural inventory; findings and text review identify assessed defects
13:480,13:507,13:505,TEXT,Site & Search Readiness,"[32, 70, 269, 31]",null,null,null,Structural inventory; findings and text review identify assessed defects
13:480,13:508,13:505,TEXT,"Asks whether your digital estate is clean, structured, crawlable, and authoritative. This covers traditional schema, plain-language copy, and indexable resources. Essential but passive.","[32, 121, 540, 87]",null,null,null,Structural inventory; findings and text review identify assessed defects
13:480,13:509,13:504,FRAME,Track 2,"[644, 0, 604, 269]","[""VERTICAL"", ""FILL"", ""HUG"", ""NO_WRAP"", 32, 32, 32, 32, 20, false, ""AUTO"", {""horizontal"": ""MIN"", ""vertical"": ""MIN""}, null, null]",null,null,Structural inventory; findings and text review identify assessed defects
13:480,13:510,13:509,TEXT,TRACK 02,"[32, 32, 58, 18]",null,null,null,Structural inventory; findings and text review identify assessed defects
13:480,13:511,13:509,TEXT,Observed AI Answers,"[32, 70, 233, 31]",null,null,null,Structural inventory; findings and text review identify assessed defects
13:480,13:512,13:509,TEXT,"Asks what a specific generative engine returned in response to exact queries under defined parameters. This is verified, snapshots-retained empirical evidence from consumer-facing layers.","[32, 121, 540, 116]",null,null,null,Structural inventory; findings and text review identify assessed defects
13:480,13:513,13:480,FRAME,Proposed Journey,"[0, 972, 1440, 1182]","[""VERTICAL"", ""FILL"", ""HUG"", ""NO_WRAP"", 96, 96, 96, 96, 48, false, ""AUTO"", {""horizontal"": ""MIN"", ""vertical"": ""MIN""}, null, null]",null,null,Structural inventory; findings and text review identify assessed defects
13:480,13:514,13:513,FRAME,Journey Header,"[96, 96, 808, 87]","[""VERTICAL"", ""HUG"", ""HUG"", ""NO_WRAP"", 0, 0, 0, 0, 12, false, ""AUTO"", {""horizontal"": ""MIN"", ""vertical"": ""MIN""}, null, null]",null,null,Structural inventory; findings and text review identify assessed defects
13:480,13:515,13:514,TEXT,PROPOSED ROADMAP,"[0, 0, 127, 18]",null,null,null,Structural inventory; findings and text review identify assessed defects
13:480,13:516,13:514,TEXT,The Seven-Step Evidence Lifecycle,"[0, 30, 808, 57]",null,null,null,Structural inventory; findings and text review identify assessed defects
13:480,13:517,13:513,FRAME,Stages Stack,"[96, 231, 1248, 855]","[""VERTICAL"", ""FILL"", ""HUG"", ""NO_WRAP"", 0, 0, 0, 0, 20, false, ""AUTO"", {""horizontal"": ""MIN"", ""vertical"": ""MIN""}, null, null]",null,null,Structural inventory; findings and text review identify assessed defects
13:480,13:518,13:517,FRAME,Step 01,"[0, 0, 1248, 105]","[""HORIZONTAL"", ""FILL"", ""HUG"", ""NO_WRAP"", 24, 24, 24, 24, 32, false, ""AUTO"", {""horizontal"": ""MIN"", ""vertical"": ""MIN""}, null, null]",null,null,Structural inventory; findings and text review identify assessed defects
13:480,13:519,13:518,TEXT,01,"[24, 33.5, 31, 38]",null,null,null,Structural inventory; findings and text review identify assessed defects
13:480,13:520,13:518,FRAME,Frame,"[87, 24, 997, 57]","[""VERTICAL"", ""FILL"", ""HUG"", ""NO_WRAP"", 0, 0, 0, 0, 4, false, ""AUTO"", {""horizontal"": ""MIN"", ""vertical"": ""MIN""}, null, null]",null,null,Structural inventory; findings and text review identify assessed defects
13:480,13:521,13:520,TEXT,Agree scope and authorization,"[0, 0, 341, 31]",null,null,null,Structural inventory; findings and text review identify assessed defects
13:480,13:522,13:520,TEXT,Identify the critical business segments and core services to evaluate. Establish target parameters.,"[0, 35, 634, 22]",null,null,null,Structural inventory; findings and text review identify assessed defects
13:480,13:523,13:518,FRAME,Frame,"[1116, 39.5, 108, 26]","[""HORIZONTAL"", ""HUG"", ""HUG"", ""NO_WRAP"", 6, 12, 6, 12, 0, false, ""AUTO"", {""horizontal"": ""MIN"", ""vertical"": ""MIN""}, null, null]",null,null,Structural inventory; findings and text review identify assessed defects
13:480,13:524,13:523,TEXT,CONCEPT ONLY,"[12, 6, 84, 14]",null,null,null,Structural inventory; findings and text review identify assessed defects
13:480,13:525,13:517,FRAME,Step 02,"[0, 125, 1248, 105]","[""HORIZONTAL"", ""FILL"", ""HUG"", ""NO_WRAP"", 24, 24, 24, 24, 32, false, ""AUTO"", {""horizontal"": ""MIN"", ""vertical"": ""MIN""}, null, null]",null,null,Structural inventory; findings and text review identify assessed defects
13:480,13:526,13:525,TEXT,02,"[24, 33.5, 36, 38]",null,null,null,Structural inventory; findings and text review identify assessed defects
13:480,13:527,13:525,FRAME,Frame,"[92, 24, 992, 57]","[""VERTICAL"", ""FILL"", ""HUG"", ""NO_WRAP"", 0, 0, 0, 0, 4, false, ""AUTO"", {""horizontal"": ""MIN"", ""vertical"": ""MIN""}, null, null]",null,null,Structural inventory; findings and text review identify assessed defects
13:480,13:528,13:527,TEXT,Choose and version the questions,"[0, 0, 379, 31]",null,null,null,Structural inventory; findings and text review identify assessed defects
13:480,13:529,13:527,TEXT,Formulate a versioned dataset of exact buyer questions reflecting real-world intent.,"[0, 35, 542, 22]",null,null,null,Structural inventory; findings and text review identify assessed defects
13:480,13:530,13:525,FRAME,Frame,"[1116, 39.5, 108, 26]","[""HORIZONTAL"", ""HUG"", ""HUG"", ""NO_WRAP"", 6, 12, 6, 12, 0, false, ""AUTO"", {""horizontal"": ""MIN"", ""vertical"": ""MIN""}, null, null]",null,null,Structural inventory; findings and text review identify assessed defects
13:480,13:531,13:530,TEXT,CONCEPT ONLY,"[12, 6, 84, 14]",null,null,null,Structural inventory; findings and text review identify assessed defects
13:480,13:532,13:517,FRAME,Step 03,"[0, 250, 1248, 105]","[""HORIZONTAL"", ""FILL"", ""HUG"", ""NO_WRAP"", 24, 24, 24, 24, 32, false, ""AUTO"", {""horizontal"": ""MIN"", ""vertical"": ""MIN""}, null, null]",null,null,Structural inventory; findings and text review identify assessed defects
13:480,13:533,13:532,TEXT,03,"[24, 33.5, 35, 38]",null,null,null,Structural inventory; findings and text review identify assessed defects
13:480,13:534,13:532,FRAME,Frame,"[91, 24, 936, 57]","[""VERTICAL"", ""FILL"", ""HUG"", ""NO_WRAP"", 0, 0, 0, 0, 4, false, ""AUTO"", {""horizontal"": ""MIN"", ""vertical"": ""MIN""}, null, null]",null,null,Structural inventory; findings and text review identify assessed defects
13:480,13:535,13:534,TEXT,Collect and retain qualified evidence,"[0, 0, 408, 31]",null,null,null,Structural inventory; findings and text review identify assessed defects
13:480,13:536,13:534,TEXT,"Proposed qualified collection of answer evidence for versioned questions, with context retained. NOT YET LIVE.","[0, 35, 716, 22]",null,null,null,Structural inventory; findings and text review identify assessed defects
13:480,13:537,13:532,FRAME,Frame,"[1059, 39.5, 165, 26]","[""HORIZONTAL"", ""HUG"", ""HUG"", ""NO_WRAP"", 6, 12, 6, 12, 0, false, ""AUTO"", {""horizontal"": ""MIN"", ""vertical"": ""MIN""}, null, null]",null,null,Structural inventory; findings and text review identify assessed defects
13:480,13:538,13:537,TEXT,PROPOSED / NOT YET LIVE,"[12, 6, 141, 14]",null,null,null,Structural inventory; findings and text review identify assessed defects
13:480,13:539,13:517,FRAME,Step 04,"[0, 375, 1248, 105]","[""HORIZONTAL"", ""FILL"", ""HUG"", ""NO_WRAP"", 24, 24, 24, 24, 32, false, ""AUTO"", {""horizontal"": ""MIN"", ""vertical"": ""MIN""}, null, null]",null,null,Structural inventory; findings and text review identify assessed defects
13:480,13:540,13:539,TEXT,04,"[24, 33.5, 36, 38]",null,null,null,Structural inventory; findings and text review identify assessed defects
13:480,13:541,13:539,FRAME,Frame,"[92, 24, 1017, 57]","[""VERTICAL"", ""FILL"", ""HUG"", ""NO_WRAP"", 0, 0, 0, 0, 4, false, ""AUTO"", {""horizontal"": ""MIN"", ""vertical"": ""MIN""}, null, null]",null,null,Structural inventory; findings and text review identify assessed defects
13:480,13:542,13:541,TEXT,Interpret findings with limitations,"[0, 0, 376, 31]",null,null,null,Structural inventory; findings and text review identify assessed defects
13:480,13:543,13:541,TEXT,"Examine returned citations and brand presence while documenting regional, temporal, and model variation limits.","[0, 35, 732, 22]",null,null,null,Structural inventory; findings and text review identify assessed defects
13:480,13:544,13:539,FRAME,Frame,"[1141, 39.5, 83, 26]","[""HORIZONTAL"", ""HUG"", ""HUG"", ""NO_WRAP"", 6, 12, 6, 12, 0, false, ""AUTO"", {""horizontal"": ""MIN"", ""vertical"": ""MIN""}, null, null]",null,null,Structural inventory; findings and text review identify assessed defects
13:480,13:545,13:544,TEXT,PROPOSED,"[12, 6, 59, 14]",null,null,null,Structural inventory; findings and text review identify assessed defects
13:480,13:546,13:517,FRAME,Step 05,"[0, 500, 1248, 105]","[""HORIZONTAL"", ""FILL"", ""HUG"", ""NO_WRAP"", 24, 24, 24, 24, 32, false, ""AUTO"", {""horizontal"": ""MIN"", ""vertical"": ""MIN""}, null, null]",null,null,Structural inventory; findings and text review identify assessed defects
13:480,13:547,13:546,TEXT,05,"[24, 33.5, 35, 38]",null,null,null,Structural inventory; findings and text review identify assessed defects
13:480,13:548,13:546,FRAME,Frame,"[91, 24, 1018, 57]","[""VERTICAL"", ""FILL"", ""HUG"", ""NO_WRAP"", 0, 0, 0, 0, 4, false, ""AUTO"", {""horizontal"": ""MIN"", ""vertical"": ""MIN""}, null, null]",null,null,Structural inventory; findings and text review identify assessed defects
13:480,13:549,13:548,TEXT,Human review before recommendations,"[0, 0, 444, 31]",null,null,null,Structural inventory; findings and text review identify assessed defects
13:480,13:550,13:548,TEXT,Contextualize observations with real human analysts to avoid synthetic automated 'SEO score' fallacies.,"[0, 35, 668, 22]",null,null,null,Structural inventory; findings and text review identify assessed defects
13:480,13:551,13:546,FRAME,Frame,"[1141, 39.5, 83, 26]","[""HORIZONTAL"", ""HUG"", ""HUG"", ""NO_WRAP"", 6, 12, 6, 12, 0, false, ""AUTO"", {""horizontal"": ""MIN"", ""vertical"": ""MIN""}, null, null]",null,null,Structural inventory; findings and text review identify assessed defects
13:480,13:552,13:551,TEXT,PROPOSED,"[12, 6, 59, 14]",null,null,null,Structural inventory; findings and text review identify assessed defects
13:480,13:553,13:517,FRAME,Step 06,"[0, 625, 1248, 105]","[""HORIZONTAL"", ""FILL"", ""HUG"", ""NO_WRAP"", 24, 24, 24, 24, 32, false, ""AUTO"", {""horizontal"": ""MIN"", ""vertical"": ""MIN""}, null, null]",null,null,Structural inventory; findings and text review identify assessed defects
13:480,13:554,13:553,TEXT,06,"[24, 33.5, 36, 38]",null,null,null,Structural inventory; findings and text review identify assessed defects
13:480,13:555,13:553,FRAME,Frame,"[92, 24, 1024, 57]","[""VERTICAL"", ""FILL"", ""HUG"", ""NO_WRAP"", 0, 0, 0, 0, 4, false, ""AUTO"", {""horizontal"": ""MIN"", ""vertical"": ""MIN""}, null, null]",null,null,Structural inventory; findings and text review identify assessed defects
13:480,13:556,13:555,TEXT,Private report delivery,"[0, 0, 247, 31]",null,null,null,Structural inventory; findings and text review identify assessed defects
13:480,13:557,13:555,TEXT,Securely package empirical evidence alongside actionable content structural edits.,"[0, 35, 539, 22]",null,null,null,Structural inventory; findings and text review identify assessed defects
13:480,13:558,13:553,FRAME,Frame,"[1148, 39.5, 76, 26]","[""HORIZONTAL"", ""HUG"", ""HUG"", ""NO_WRAP"", 6, 12, 6, 12, 0, false, ""AUTO"", {""horizontal"": ""MIN"", ""vertical"": ""MIN""}, null, null]",null,null,Structural inventory; findings and text review identify assessed defects
13:480,13:559,13:558,TEXT,PLANNED,"[12, 6, 52, 14]",null,null,null,Structural inventory; findings and text review identify assessed defects
13:480,13:560,13:517,FRAME,Step 07,"[0, 750, 1248, 105]","[""HORIZONTAL"", ""FILL"", ""HUG"", ""NO_WRAP"", 24, 24, 24, 24, 32, false, ""AUTO"", {""horizontal"": ""MIN"", ""vertical"": ""MIN""}, null, null]",null,null,Structural inventory; findings and text review identify assessed defects
13:480,13:561,13:560,TEXT,07,"[24, 33.5, 34, 38]",null,null,null,Structural inventory; findings and text review identify assessed defects
13:480,13:562,13:560,FRAME,Frame,"[90, 24, 1026, 57]","[""VERTICAL"", ""FILL"", ""HUG"", ""NO_WRAP"", 0, 0, 0, 0, 4, false, ""AUTO"", {""horizontal"": ""MIN"", ""vertical"": ""MIN""}, null, null]",null,null,Structural inventory; findings and text review identify assessed defects
13:480,13:563,13:562,TEXT,Revisit after changes,"[0, 0, 236, 31]",null,null,null,Structural inventory; findings and text review identify assessed defects
13:480,13:564,13:562,TEXT,Re-observe answers after technical or copy implementations to log empirical evolution over time.,"[0, 35, 631, 22]",null,null,null,Structural inventory; findings and text review identify assessed defects
13:480,13:565,13:560,FRAME,Frame,"[1148, 39.5, 76, 26]","[""HORIZONTAL"", ""HUG"", ""HUG"", ""NO_WRAP"", 6, 12, 6, 12, 0, false, ""AUTO"", {""horizontal"": ""MIN"", ""vertical"": ""MIN""}, null, null]",null,null,Structural inventory; findings and text review identify assessed defects
13:480,13:566,13:565,TEXT,PLANNED,"[12, 6, 52, 14]",null,null,null,Structural inventory; findings and text review identify assessed defects
13:480,13:567,13:480,FRAME,Limits Section,"[0, 2154, 1440, 382]","[""VERTICAL"", ""FILL"", ""HUG"", ""NO_WRAP"", 64, 96, 64, 96, 24, false, ""AUTO"", {""horizontal"": ""MIN"", ""vertical"": ""MIN""}, null, null]",null,null,Structural inventory; findings and text review identify assessed defects
13:480,13:568,13:567,TEXT,BOUNDARY DIRECTIVES,"[96, 64, 137, 18]",null,null,null,Structural inventory; findings and text review identify assessed defects
13:480,13:569,13:567,TEXT,What the proposed method does not promise,"[96, 106, 503, 31]",null,null,null,Structural inventory; findings and text review identify assessed defects
13:480,13:570,13:567,FRAME,Limits Grid,"[96, 161, 1248, 157]","[""GRID"", ""FILL"", ""FIXED"", ""NO_WRAP"", 0, 0, 0, 0, 0, false, ""AUTO"", {""horizontal"": ""MIN"", ""vertical"": ""MIN""}, null, null]",null,null,Structural inventory; findings and text review identify assessed defects
13:480,13:571,13:570,FRAME,Frame,"[0, 0, 400, 157]","[""VERTICAL"", ""FILL"", ""HUG"", ""NO_WRAP"", 24, 24, 24, 24, 12, false, ""AUTO"", {""horizontal"": ""MIN"", ""vertical"": ""MIN""}, null, null]",null,null,Structural inventory; findings and text review identify assessed defects
13:480,13:572,13:571,TEXT,No Guaranteed Inclusion,"[24, 24, 275, 31]",null,null,null,Structural inventory; findings and text review identify assessed defects
13:480,13:573,13:571,TEXT,"We cannot alter, force, or guarantee how independent LLMs decide to summarize or display your business information.","[24, 67, 352, 66]",null,null,null,Structural inventory; findings and text review identify assessed defects
13:480,13:574,13:570,FRAME,Frame,"[424, 0, 400, 179]","[""VERTICAL"", ""FILL"", ""HUG"", ""NO_WRAP"", 24, 24, 24, 24, 12, false, ""AUTO"", {""horizontal"": ""MIN"", ""vertical"": ""MIN""}, null, null]",null,null,Structural inventory; findings and text review identify assessed defects
13:480,13:575,13:574,TEXT,No Arbitrary Scoring,"[24, 24, 226, 31]",null,null,null,Structural inventory; findings and text review identify assessed defects
13:480,13:576,13:574,TEXT,"The proposed report format avoids proprietary synthetic “GEO scores” and instead centers reviewable answer captures, context, and source-reference states.","[24, 67, 352, 88]",null,null,null,Structural inventory; findings and text review identify assessed defects
13:480,13:577,13:570,FRAME,Frame,"[848, 0, 400, 157]","[""VERTICAL"", ""FILL"", ""HUG"", ""NO_WRAP"", 24, 24, 24, 24, 12, false, ""AUTO"", {""horizontal"": ""MIN"", ""vertical"": ""MIN""}, null, null]",null,null,Structural inventory; findings and text review identify assessed defects
13:480,13:578,13:577,TEXT,No Automated Intake,"[24, 24, 235, 31]",null,null,null,Structural inventory; findings and text review identify assessed defects
13:480,13:579,13:577,TEXT,"The operating process remains under development. Active subscriptions, billing, private delivery, and recurring review are unfinished.","[24, 67, 352, 66]",null,null,null,Structural inventory; findings and text review identify assessed defects
13:480,13:580,13:480,FRAME,Action Area,"[0, 2536, 1440, 399]","[""VERTICAL"", ""FILL"", ""HUG"", ""NO_WRAP"", 96, 96, 96, 96, 32, false, ""AUTO"", {""horizontal"": ""MIN"", ""vertical"": ""MIN""}, null, null]",null,null,Structural inventory; findings and text review identify assessed defects
13:480,13:581,13:580,TEXT,New audit requests and subscriptions are not currently open.,"[380, 96, 680, 31]",null,null,null,Structural inventory; findings and text review identify assessed defects
13:480,13:582,13:580,TEXT,MindLeverX is an early conceptual proposal. Explore related materials to understand the mechanics of generative search.,"[360, 159, 720, 58]",null,null,null,Structural inventory; findings and text review identify assessed defects
13:480,13:583,13:580,FRAME,Frame,"[513.5, 249, 413, 54]","[""HORIZONTAL"", ""HUG"", ""HUG"", ""NO_WRAP"", 0, 0, 0, 0, 24, false, ""AUTO"", {""horizontal"": ""MIN"", ""vertical"": ""MIN""}, null, null]",null,"[{""action"": {""type"": ""NODE"", ""destinationId"": ""13:602"", ""navigation"": ""NAVIGATE"", ""transition"": null, ""resetVideoPosition"": false}, ""actions"": [{""type"": ""NODE"", ""destinationId"": ""13:602"", ""navigation"": ""NAVIGATE"", ""transition"": null, ""resetVideoPosition"": false}], ""trigger"": {""type"": ""ON_CLICK""}}]",Structural inventory; findings and text review identify assessed defects
13:480,13:584,13:583,INSTANCE,Button / Primary,"[0, 0, 252, 54]","[""VERTICAL"", ""FIXED"", ""HUG"", ""NO_WRAP"", 16, 16, 16, 16, 16, false, ""AUTO"", {""horizontal"": ""MIN"", ""vertical"": ""MIN""}, null, null]","{""itemSpacing"": {""type"": ""VARIABLE_ALIAS"", ""id"": ""VariableID:2:12""}, ""paddingLeft"": {""type"": ""VARIABLE_ALIAS"", ""id"": ""VariableID:2:12""}, ""paddingTop"": {""type"": ""VARIABLE_ALIAS"", ""id"": ""VariableID:2:12""}, ""paddingRight"": {""type"": ""VARIABLE_ALIAS"", ""id"": ""VariableID:2:12""}, ""paddingBottom"": {""type"": ""VARIABLE_ALIAS"", ""id"": ""VariableID:2:12""}, ""fills"": [{""type"": ""VARIABLE_ALIAS"", ""id"": ""VariableID:2:9""}]}","[{""action"": {""type"": ""NODE"", ""destinationId"": ""13:682"", ""navigation"": ""NAVIGATE"", ""transition"": null, ""resetVideoPosition"": false}, ""actions"": [{""type"": ""NODE"", ""destinationId"": ""13:682"", ""navigation"": ""NAVIGATE"", ""transition"": null, ""resetVideoPosition"": false}], ""trigger"": {""type"": ""ON_CLICK""}}]",Structural inventory; findings and text review identify assessed defects
13:480,I13:584;3:8,13:584,TEXT,Label,"[16, 16, 220, 22]",null,"{""fills"": [{""type"": ""VARIABLE_ALIAS"", ""id"": ""VariableID:2:3""}]}",null,Structural inventory; findings and text review identify assessed defects
13:480,13:586,13:583,TEXT,Learn what GEO means,"[276, 18, 137, 18]",null,null,null,Structural inventory; findings and text review identify assessed defects
13:480,13:587,13:480,INSTANCE,Footer / Desktop,"[0, 2935, 1440, 272]","[""VERTICAL"", ""FIXED"", ""HUG"", ""NO_WRAP"", 64, 96, 64, 96, 48, false, ""AUTO"", {""horizontal"": ""MIN"", ""vertical"": ""MIN""}, null, null]",null,null,Structural inventory; findings and text review identify assessed defects
13:480,I13:587;13:305,13:587,FRAME,Footer Top,"[96, 64, 1248, 57]","[""HORIZONTAL"", ""FILL"", ""HUG"", ""NO_WRAP"", 0, 0, 0, 0, 0, false, ""AUTO"", {""horizontal"": ""MIN"", ""vertical"": ""MIN""}, null, null]",null,null,Structural inventory; findings and text review identify assessed defects
13:480,I13:587;13:306,I13:587;13:305,FRAME,Footer Brand,"[0, 0, 481, 57]","[""VERTICAL"", ""HUG"", ""HUG"", ""NO_WRAP"", 0, 0, 0, 0, 8, false, ""AUTO"", {""horizontal"": ""MIN"", ""vertical"": ""MIN""}, null, null]",null,null,Structural inventory; findings and text review identify assessed defects
13:480,I13:587;13:307,I13:587;13:306,TEXT,Footer Wordmark,"[0, 0, 122, 27]",null,null,null,Structural inventory; findings and text review identify assessed defects
13:480,I13:587;13:308,I13:587;13:306,TEXT,A proposed evidence-led Generative Engine Optimization review concept.,"[0, 35, 481, 22]",null,null,null,Structural inventory; findings and text review identify assessed defects
13:480,I13:587;13:309,I13:587;13:305,FRAME,Footer Links,"[837, 0, 411, 22]","[""HORIZONTAL"", ""HUG"", ""HUG"", ""NO_WRAP"", 0, 0, 0, 0, 24, false, ""AUTO"", {""horizontal"": ""MIN"", ""vertical"": ""MIN""}, null, null]",null,null,Structural inventory; findings and text review identify assessed defects
13:480,I13:587;13:310,I13:587;13:309,TEXT,Home,"[0, 0, 39, 22]",null,null,"[{""action"": {""type"": ""NODE"", ""destinationId"": ""13:167"", ""navigation"": ""NAVIGATE"", ""transition"": null, ""resetVideoPosition"": false}, ""actions"": [{""type"": ""NODE"", ""destinationId"": ""13:167"", ""navigation"": ""NAVIGATE"", ""transition"": null, ""resetVideoPosition"": false}], ""trigger"": {""type"": ""ON_CLICK""}}]",Structural inventory; findings and text review identify assessed defects
13:480,I13:587;13:311,I13:587;13:309,TEXT,Method,"[63, 0, 51, 22]",null,null,"[{""action"": {""type"": ""NODE"", ""destinationId"": ""13:480"", ""navigation"": ""NAVIGATE"", ""transition"": null, ""resetVideoPosition"": false}, ""actions"": [{""type"": ""NODE"", ""destinationId"": ""13:480"", ""navigation"": ""NAVIGATE"", ""transition"": null, ""resetVideoPosition"": false}], ""trigger"": {""type"": ""ON_CLICK""}}]",Structural inventory; findings and text review identify assessed defects
13:480,I13:587;13:312,I13:587;13:309,TEXT,What is GEO,"[138, 0, 82, 22]",null,null,"[{""action"": {""type"": ""NODE"", ""destinationId"": ""13:602"", ""navigation"": ""NAVIGATE"", ""transition"": null, ""resetVideoPosition"": false}, ""actions"": [{""type"": ""NODE"", ""destinationId"": ""13:602"", ""navigation"": ""NAVIGATE"", ""transition"": null, ""resetVideoPosition"": false}], ""trigger"": {""type"": ""ON_CLICK""}}]",Structural inventory; findings and text review identify assessed defects
13:480,I13:587;13:313,I13:587;13:309,TEXT,Example Report,"[244, 0, 103, 22]",null,null,"[{""action"": {""type"": ""NODE"", ""destinationId"": ""13:682"", ""navigation"": ""NAVIGATE"", ""transition"": null, ""resetVideoPosition"": false}, ""actions"": [{""type"": ""NODE"", ""destinationId"": ""13:682"", ""navigation"": ""NAVIGATE"", ""transition"": null, ""resetVideoPosition"": false}], ""trigger"": {""type"": ""ON_CLICK""}}]",Structural inventory; findings and text review identify assessed defects
13:480,I13:587;13:314,I13:587;13:309,TEXT,About,"[371, 0, 40, 22]",null,null,"[{""action"": {""type"": ""NODE"", ""destinationId"": ""13:893"", ""navigation"": ""NAVIGATE"", ""transition"": null, ""resetVideoPosition"": false}, ""actions"": [{""type"": ""NODE"", ""destinationId"": ""13:893"", ""navigation"": ""NAVIGATE"", ""transition"": null, ""resetVideoPosition"": false}], ""trigger"": {""type"": ""ON_CLICK""}}]",Structural inventory; findings and text review identify assessed defects
13:480,I13:587;13:315,13:587,FRAME,Footer Bottom,"[96, 169, 1248, 39]","[""VERTICAL"", ""FILL"", ""HUG"", ""NO_WRAP"", 0, 0, 0, 0, 16, false, ""AUTO"", {""horizontal"": ""MIN"", ""vertical"": ""MIN""}, null, null]",null,null,Structural inventory; findings and text review identify assessed defects
13:480,I13:587;13:316,I13:587;13:315,RECTANGLE,Rectangle,"[0, 0, 1248, 1]",null,null,null,Structural inventory; findings and text review identify assessed defects
13:480,I13:587;13:317,I13:587;13:315,TEXT,"DESIGN CONCEPT · SEP 2026 — Offer, pricing, timing, collection, delivery, and availability remain subject to owner decisions.","[0, 17, 1248, 22]",null,null,null,Structural inventory; findings and text review identify assessed defects
2:26,2:26,0:1,FRAME,Desktop · 1440,"[200, 200, 1440, 5056]","[""VERTICAL"", ""FIXED"", ""HUG"", ""NO_WRAP"", 0, 0, 0, 0, 0, true, ""AUTO"", {""horizontal"": ""MIN"", ""vertical"": ""MIN""}, null, null]","{""fills"": [{""type"": ""VARIABLE_ALIAS"", ""id"": ""VariableID:2:3""}]}",null,Structural inventory; findings and text review identify assessed defects
2:26,3:16,2:26,FRAME,01 · Navigation,"[0, 0, 988, 79]","[""HORIZONTAL"", ""FIXED"", ""HUG"", ""NO_WRAP"", 24, 96, 24, 96, 24, false, ""AUTO"", {""horizontal"": ""MIN"", ""vertical"": ""MIN""}, null, null]","{""itemSpacing"": {""type"": ""VARIABLE_ALIAS"", ""id"": ""VariableID:2:13""}, ""fills"": [{""type"": ""VARIABLE_ALIAS"", ""id"": ""VariableID:2:3""}]}",null,Structural inventory; findings and text review identify assessed defects
2:26,3:17,3:16,TEXT,Wordmark,"[96, 24, 350, 31]",null,"{""fills"": [{""type"": ""VARIABLE_ALIAS"", ""id"": ""VariableID:2:7""}]}",null,Structural inventory; findings and text review identify assessed defects
2:26,3:18,3:16,FRAME,Navigation links,"[446, 28.5, 446, 22]","[""HORIZONTAL"", ""FIXED"", ""HUG"", ""NO_WRAP"", 0, 0, 0, 0, 32, false, ""AUTO"", {""horizontal"": ""MIN"", ""vertical"": ""MIN""}, null, null]","{""itemSpacing"": {""type"": ""VARIABLE_ALIAS"", ""id"": ""VariableID:2:14""}}",null,Structural inventory; findings and text review identify assessed defects
2:26,3:19,3:18,TEXT,What is GEO?,"[0, 0, 110, 22]",null,"{""fills"": [{""type"": ""VARIABLE_ALIAS"", ""id"": ""VariableID:2:8""}]}",null,Structural inventory; findings and text review identify assessed defects
2:26,3:20,3:18,TEXT,The audit,"[142, 0, 80, 22]",null,"{""fills"": [{""type"": ""VARIABLE_ALIAS"", ""id"": ""VariableID:2:8""}]}",null,Structural inventory; findings and text review identify assessed defects
2:26,3:21,3:18,TEXT,How it works,"[254, 0, 110, 22]",null,"{""fills"": [{""type"": ""VARIABLE_ALIAS"", ""id"": ""VariableID:2:8""}]}",null,Structural inventory; findings and text review identify assessed defects
2:26,3:22,3:18,TEXT,FAQs,"[396, 0, 50, 22]",null,"{""fills"": [{""type"": ""VARIABLE_ALIAS"", ""id"": ""VariableID:2:8""}]}",null,Structural inventory; findings and text review identify assessed defects
2:26,3:23,2:26,FRAME,02 · Hero,"[0, 79, 1440, 772]","[""VERTICAL"", ""FIXED"", ""HUG"", ""NO_WRAP"", 96, 96, 96, 96, 32, false, ""AUTO"", {""horizontal"": ""MIN"", ""vertical"": ""MIN""}, null, null]","{""itemSpacing"": {""type"": ""VARIABLE_ALIAS"", ""id"": ""VariableID:2:14""}, ""paddingLeft"": {""type"": ""VARIABLE_ALIAS"", ""id"": ""VariableID:2:17""}, ""paddingTop"": {""type"": ""VARIABLE_ALIAS"", ""id"": ""VariableID:2:17""}, ""paddingRight"": {""type"": ""VARIABLE_ALIAS"", ""id"": ""VariableID:2:17""}, ""paddingBottom"": {""type"": ""VARIABLE_ALIAS"", ""id"": ""VariableID:2:17""}, ""fills"": [{""type"": ""VARIABLE_ALIAS"", ""id"": ""VariableID:2:3""}]}",null,Structural inventory; findings and text review identify assessed defects
2:26,3:24,3:23,FRAME,Hero columns,"[96, 96, 1248, 580]","[""HORIZONTAL"", ""FIXED"", ""HUG"", ""NO_WRAP"", 0, 0, 0, 0, 48, false, ""AUTO"", {""horizontal"": ""MIN"", ""vertical"": ""MIN""}, null, null]","{""itemSpacing"": {""type"": ""VARIABLE_ALIAS"", ""id"": ""VariableID:2:15""}}",null,Structural inventory; findings and text review identify assessed defects
2:26,3:25,3:24,FRAME,Hero message,"[0, 0, 704, 580]","[""VERTICAL"", ""FIXED"", ""HUG"", ""NO_WRAP"", 0, 0, 0, 0, 24, false, ""AUTO"", {""horizontal"": ""MIN"", ""vertical"": ""MIN""}, null, null]","{""itemSpacing"": {""type"": ""VARIABLE_ALIAS"", ""id"": ""VariableID:2:13""}}",null,Structural inventory; findings and text review identify assessed defects
2:26,9:42,3:25,FRAME,Brand Identity,"[0, 0, 179, 32]","[""HORIZONTAL"", ""HUG"", ""HUG"", ""NO_WRAP"", 0, 0, 0, 0, 12, false, ""AUTO"", {""horizontal"": ""MIN"", ""vertical"": ""MIN""}, null, null]",null,null,Structural inventory; findings and text review identify assessed defects
2:26,9:43,9:42,FRAME,Logo Mark,"[0, 0, 32, 32]","[""HORIZONTAL"", ""FIXED"", ""FIXED"", ""NO_WRAP"", 0, 0, 0, 0, 0, false, ""AUTO"", {""horizontal"": ""MIN"", ""vertical"": ""MIN""}, null, null]",null,null,Structural inventory; findings and text review identify assessed defects
2:26,9:47,9:43,FRAME,cross,"[7, 7, 18, 18]","[""NONE"", ""FIXED"", ""FIXED"", ""NO_WRAP"", 0, 0, 0, 0, 0, true, ""AUTO"", {""horizontal"": ""MIN"", ""vertical"": ""MIN""}, null, null]",null,null,Structural inventory; findings and text review identify assessed defects
2:26,9:48,9:47,VECTOR,Vector,"[1.499400019645691, 1.499400019645691, 15.001199722290039, 15.001199722290039]",null,null,null,Structural inventory; findings and text review identify assessed defects
2:26,9:45,9:42,TEXT,Wordmark,"[44, 2.5, 135, 27]",null,null,null,Structural inventory; findings and text review identify assessed defects
2:26,3:26,3:25,TEXT,Eyebrow,"[0, 56, 704, 18]",null,null,null,Structural inventory; findings and text review identify assessed defects
2:26,3:27,3:25,TEXT,Hero headline,"[0, 98, 704, 276]",null,"{""fills"": [{""type"": ""VARIABLE_ALIAS"", ""id"": ""VariableID:2:7""}]}",null,Structural inventory; findings and text review identify assessed defects
2:26,3:28,3:25,TEXT,Hero description,"[0, 398, 704, 58]",null,"{""fills"": [{""type"": ""VARIABLE_ALIAS"", ""id"": ""VariableID:2:8""}]}",null,Structural inventory; findings and text review identify assessed defects
2:26,3:29,3:25,INSTANCE,Action / Check audit availability →,"[0, 480, 252, 54]","[""VERTICAL"", ""FIXED"", ""HUG"", ""NO_WRAP"", 16, 16, 16, 16, 16, false, ""AUTO"", {""horizontal"": ""MIN"", ""vertical"": ""MIN""}, null, null]","{""itemSpacing"": {""type"": ""VARIABLE_ALIAS"", ""id"": ""VariableID:2:12""}, ""paddingLeft"": {""type"": ""VARIABLE_ALIAS"", ""id"": ""VariableID:2:12""}, ""paddingTop"": {""type"": ""VARIABLE_ALIAS"", ""id"": ""VariableID:2:12""}, ""paddingRight"": {""type"": ""VARIABLE_ALIAS"", ""id"": ""VariableID:2:12""}, ""paddingBottom"": {""type"": ""VARIABLE_ALIAS"", ""id"": ""VariableID:2:12""}}",null,Structural inventory; findings and text review identify assessed defects
2:26,I3:29;3:8,3:29,TEXT,Label,"[16, 16, 220, 22]",null,null,null,Structural inventory; findings and text review identify assessed defects
2:26,3:31,3:25,TEXT,Secondary action,"[0, 558, 704, 22]",null,"{""fills"": [{""type"": ""VARIABLE_ALIAS"", ""id"": ""VariableID:2:8""}]}",null,Structural inventory; findings and text review identify assessed defects
2:26,3:32,3:24,FRAME,Report content preview,"[752, 76.5, 496, 427]","[""VERTICAL"", ""FIXED"", ""HUG"", ""NO_WRAP"", 32, 32, 32, 32, 24, false, ""AUTO"", {""horizontal"": ""MIN"", ""vertical"": ""MIN""}, null, null]","{""itemSpacing"": {""type"": ""VARIABLE_ALIAS"", ""id"": ""VariableID:2:13""}, ""paddingLeft"": {""type"": ""VARIABLE_ALIAS"", ""id"": ""VariableID:2:14""}, ""paddingTop"": {""type"": ""VARIABLE_ALIAS"", ""id"": ""VariableID:2:14""}, ""paddingRight"": {""type"": ""VARIABLE_ALIAS"", ""id"": ""VariableID:2:14""}, ""paddingBottom"": {""type"": ""VARIABLE_ALIAS"", ""id"": ""VariableID:2:14""}, ""fills"": [{""type"": ""VARIABLE_ALIAS"", ""id"": ""VariableID:2:4""}], ""strokes"": [{""type"": ""VARIABLE_ALIAS"", ""id"": ""VariableID:2:6""}]}",null,Structural inventory; findings and text review identify assessed defects
2:26,3:33,3:32,TEXT,Eyebrow,"[32, 32, 432, 18]",null,null,null,Structural inventory; findings and text review identify assessed defects
2:26,3:34,3:32,TEXT,Preview headline,"[32, 74, 432, 62]",null,"{""fills"": [{""type"": ""VARIABLE_ALIAS"", ""id"": ""VariableID:2:7""}]}",null,Structural inventory; findings and text review identify assessed defects
2:26,3:35,3:32,FRAME,Report topic,"[32, 160, 432, 22]","[""HORIZONTAL"", ""FIXED"", ""HUG"", ""NO_WRAP"", 0, 0, 0, 0, 16, false, ""AUTO"", {""horizontal"": ""MIN"", ""vertical"": ""MIN""}, null, null]","{""itemSpacing"": {""type"": ""VARIABLE_ALIAS"", ""id"": ""VariableID:2:12""}}",null,Structural inventory; findings and text review identify assessed defects
2:26,3:36,3:35,TEXT,Number,"[0, 0, 26, 18]",null,null,null,Structural inventory; findings and text review identify assessed defects
2:26,3:37,3:35,TEXT,Topic,"[42, 0, 390, 22]",null,"{""fills"": [{""type"": ""VARIABLE_ALIAS"", ""id"": ""VariableID:2:8""}]}",null,Structural inventory; findings and text review identify assessed defects
2:26,3:38,3:32,RECTANGLE,Divider,"[32, 206, 432, 1]",null,"{""fills"": [{""type"": ""VARIABLE_ALIAS"", ""id"": ""VariableID:2:6""}]}",null,Structural inventory; findings and text review identify assessed defects
2:26,3:39,3:32,FRAME,Report topic,"[32, 231, 432, 22]","[""HORIZONTAL"", ""FIXED"", ""HUG"", ""NO_WRAP"", 0, 0, 0, 0, 16, false, ""AUTO"", {""horizontal"": ""MIN"", ""vertical"": ""MIN""}, null, null]","{""itemSpacing"": {""type"": ""VARIABLE_ALIAS"", ""id"": ""VariableID:2:12""}}",null,Structural inventory; findings and text review identify assessed defects
2:26,3:40,3:39,TEXT,Number,"[0, 0, 26, 18]",null,null,null,Structural inventory; findings and text review identify assessed defects
2:26,3:41,3:39,TEXT,Topic,"[42, 0, 390, 22]",null,"{""fills"": [{""type"": ""VARIABLE_ALIAS"", ""id"": ""VariableID:2:8""}]}",null,Structural inventory; findings and text review identify assessed defects
2:26,3:42,3:32,RECTANGLE,Divider,"[32, 277, 432, 1]",null,"{""fills"": [{""type"": ""VARIABLE_ALIAS"", ""id"": ""VariableID:2:6""}]}",null,Structural inventory; findings and text review identify assessed defects
2:26,3:43,3:32,FRAME,Report topic,"[32, 302, 432, 22]","[""HORIZONTAL"", ""FIXED"", ""HUG"", ""NO_WRAP"", 0, 0, 0, 0, 16, false, ""AUTO"", {""horizontal"": ""MIN"", ""vertical"": ""MIN""}, null, null]","{""itemSpacing"": {""type"": ""VARIABLE_ALIAS"", ""id"": ""VariableID:2:12""}}",null,Structural inventory; findings and text review identify assessed defects
2:26,3:44,3:43,TEXT,Number,"[0, 0, 26, 18]",null,null,null,Structural inventory; findings and text review identify assessed defects
2:26,3:45,3:43,TEXT,Topic,"[42, 0, 390, 22]",null,"{""fills"": [{""type"": ""VARIABLE_ALIAS"", ""id"": ""VariableID:2:8""}]}",null,Structural inventory; findings and text review identify assessed defects
2:26,3:46,3:32,RECTANGLE,Divider,"[32, 348, 432, 1]",null,"{""fills"": [{""type"": ""VARIABLE_ALIAS"", ""id"": ""VariableID:2:6""}]}",null,Structural inventory; findings and text review identify assessed defects
2:26,3:47,3:32,TEXT,Preview qualifier,"[32, 373, 432, 22]",null,"{""fills"": [{""type"": ""VARIABLE_ALIAS"", ""id"": ""VariableID:2:8""}]}",null,Structural inventory; findings and text review identify assessed defects
2:26,3:48,2:26,FRAME,03 · Value strip,"[0, 851, 1440, 95]","[""HORIZONTAL"", ""FIXED"", ""HUG"", ""NO_WRAP"", 32, 96, 32, 96, 24, false, ""AUTO"", {""horizontal"": ""MIN"", ""vertical"": ""MIN""}, null, null]","{""itemSpacing"": {""type"": ""VARIABLE_ALIAS"", ""id"": ""VariableID:2:13""}, ""fills"": [{""type"": ""VARIABLE_ALIAS"", ""id"": ""VariableID:2:5""}]}",null,Structural inventory; findings and text review identify assessed defects
2:26,3:49,3:48,TEXT,Clear questions,"[96, 32, 400, 31]",null,"{""fills"": [{""type"": ""VARIABLE_ALIAS"", ""id"": ""VariableID:2:7""}]}",null,Structural inventory; findings and text review identify assessed defects
2:26,3:50,3:48,TEXT,Traceable evidence,"[520, 32, 400, 31]",null,"{""fills"": [{""type"": ""VARIABLE_ALIAS"", ""id"": ""VariableID:2:7""}]}",null,Structural inventory; findings and text review identify assessed defects
2:26,3:51,3:48,TEXT,Practical next steps,"[944, 32, 400, 31]",null,"{""fills"": [{""type"": ""VARIABLE_ALIAS"", ""id"": ""VariableID:2:7""}]}",null,Structural inventory; findings and text review identify assessed defects
2:26,3:52,2:26,FRAME,04 · What is GEO?,"[0, 946, 1440, 479]","[""VERTICAL"", ""FIXED"", ""HUG"", ""NO_WRAP"", 96, 96, 96, 96, 32, false, ""AUTO"", {""horizontal"": ""MIN"", ""vertical"": ""MIN""}, null, null]","{""itemSpacing"": {""type"": ""VARIABLE_ALIAS"", ""id"": ""VariableID:2:14""}, ""paddingLeft"": {""type"": ""VARIABLE_ALIAS"", ""id"": ""VariableID:2:17""}, ""paddingTop"": {""type"": ""VARIABLE_ALIAS"", ""id"": ""VariableID:2:17""}, ""paddingRight"": {""type"": ""VARIABLE_ALIAS"", ""id"": ""VariableID:2:17""}, ""paddingBottom"": {""type"": ""VARIABLE_ALIAS"", ""id"": ""VariableID:2:17""}, ""fills"": [{""type"": ""VARIABLE_ALIAS"", ""id"": ""VariableID:2:3""}]}",null,Structural inventory; findings and text review identify assessed defects
2:26,3:53,3:52,TEXT,Eyebrow,"[96, 96, 1248, 18]",null,"{""fills"": [{""type"": ""VARIABLE_ALIAS"", ""id"": ""VariableID:2:10""}]}",null,Structural inventory; findings and text review identify assessed defects
2:26,3:54,3:52,FRAME,GEO columns,"[96, 146, 1248, 237]","[""HORIZONTAL"", ""FIXED"", ""HUG"", ""NO_WRAP"", 0, 0, 0, 0, 48, false, ""AUTO"", {""horizontal"": ""MIN"", ""vertical"": ""MIN""}, null, null]","{""itemSpacing"": {""type"": ""VARIABLE_ALIAS"", ""id"": ""VariableID:2:15""}}",null,Structural inventory; findings and text review identify assessed defects
2:26,3:55,3:54,TEXT,Heading,"[0, 0, 560, 57]",null,"{""fills"": [{""type"": ""VARIABLE_ALIAS"", ""id"": ""VariableID:2:7""}]}",null,Structural inventory; findings and text review identify assessed defects
2:26,3:56,3:54,FRAME,GEO explanation,"[608, 0, 640, 237]","[""VERTICAL"", ""FIXED"", ""HUG"", ""NO_WRAP"", 0, 0, 0, 0, 24, false, ""AUTO"", {""horizontal"": ""MIN"", ""vertical"": ""MIN""}, null, null]","{""itemSpacing"": {""type"": ""VARIABLE_ALIAS"", ""id"": ""VariableID:2:13""}}",null,Structural inventory; findings and text review identify assessed defects
2:26,3:57,3:56,TEXT,Definition,"[0, 0, 640, 58]",null,"{""fills"": [{""type"": ""VARIABLE_ALIAS"", ""id"": ""VariableID:2:7""}]}",null,Structural inventory; findings and text review identify assessed defects
2:26,3:58,3:56,TEXT,Context,"[0, 82, 640, 87]",null,"{""fills"": [{""type"": ""VARIABLE_ALIAS"", ""id"": ""VariableID:2:8""}]}",null,Structural inventory; findings and text review identify assessed defects
2:26,3:59,3:56,TEXT,Scope note,"[0, 193, 640, 44]",null,"{""fills"": [{""type"": ""VARIABLE_ALIAS"", ""id"": ""VariableID:2:8""}]}",null,Structural inventory; findings and text review identify assessed defects
2:26,3:60,2:26,FRAME,05 · Audit areas,"[0, 1425, 1440, 622]","[""VERTICAL"", ""FIXED"", ""HUG"", ""NO_WRAP"", 96, 96, 96, 96, 32, false, ""AUTO"", {""horizontal"": ""MIN"", ""vertical"": ""MIN""}, null, null]","{""itemSpacing"": {""type"": ""VARIABLE_ALIAS"", ""id"": ""VariableID:2:14""}, ""paddingLeft"": {""type"": ""VARIABLE_ALIAS"", ""id"": ""VariableID:2:17""}, ""paddingTop"": {""type"": ""VARIABLE_ALIAS"", ""id"": ""VariableID:2:17""}, ""paddingRight"": {""type"": ""VARIABLE_ALIAS"", ""id"": ""VariableID:2:17""}, ""paddingBottom"": {""type"": ""VARIABLE_ALIAS"", ""id"": ""VariableID:2:17""}, ""fills"": [{""type"": ""VARIABLE_ALIAS"", ""id"": ""VariableID:2:4""}]}",null,Structural inventory; findings and text review identify assessed defects
2:26,3:61,3:60,TEXT,Eyebrow,"[96, 96, 1248, 18]",null,"{""fills"": [{""type"": ""VARIABLE_ALIAS"", ""id"": ""VariableID:2:10""}]}",null,Structural inventory; findings and text review identify assessed defects
2:26,3:62,3:60,TEXT,Heading,"[96, 146, 1248, 114]",null,"{""fills"": [{""type"": ""VARIABLE_ALIAS"", ""id"": ""VariableID:2:7""}]}",null,Structural inventory; findings and text review identify assessed defects
2:26,3:63,3:60,FRAME,Audit card grid,"[96, 292, 1248, 234]","[""HORIZONTAL"", ""FIXED"", ""HUG"", ""NO_WRAP"", 0, 0, 0, 0, 24, false, ""AUTO"", {""horizontal"": ""MIN"", ""vertical"": ""MIN""}, null, null]","{""itemSpacing"": {""type"": ""VARIABLE_ALIAS"", ""id"": ""VariableID:2:13""}}",null,Structural inventory; findings and text review identify assessed defects
2:26,3:64,3:63,INSTANCE,AI answer visibility,"[0, 0, 400, 234]","[""VERTICAL"", ""FIXED"", ""HUG"", ""NO_WRAP"", 32, 32, 32, 32, 16, false, ""AUTO"", {""horizontal"": ""MIN"", ""vertical"": ""MIN""}, null, null]","{""itemSpacing"": {""type"": ""VARIABLE_ALIAS"", ""id"": ""VariableID:2:12""}, ""paddingLeft"": {""type"": ""VARIABLE_ALIAS"", ""id"": ""VariableID:2:14""}, ""paddingTop"": {""type"": ""VARIABLE_ALIAS"", ""id"": ""VariableID:2:14""}, ""paddingRight"": {""type"": ""VARIABLE_ALIAS"", ""id"": ""VariableID:2:14""}, ""paddingBottom"": {""type"": ""VARIABLE_ALIAS"", ""id"": ""VariableID:2:14""}, ""fills"": [{""type"": ""VARIABLE_ALIAS"", ""id"": ""VariableID:2:4""}], ""strokes"": [{""type"": ""VARIABLE_ALIAS"", ""id"": ""VariableID:2:6""}]}",null,Structural inventory; findings and text review identify assessed defects
2:26,I3:64;3:10,3:64,TEXT,Index,"[33, 33, 334, 18]",null,"{""fills"": [{""type"": ""VARIABLE_ALIAS"", ""id"": ""VariableID:2:10""}]}",null,Structural inventory; findings and text review identify assessed defects
2:26,I3:64;3:11,3:64,TEXT,Title,"[33, 67, 334, 31]",null,"{""fills"": [{""type"": ""VARIABLE_ALIAS"", ""id"": ""VariableID:2:7""}]}",null,Structural inventory; findings and text review identify assessed defects
2:26,I3:64;3:12,3:64,TEXT,Body,"[33, 114, 334, 87]",null,"{""fills"": [{""type"": ""VARIABLE_ALIAS"", ""id"": ""VariableID:2:8""}]}",null,Structural inventory; findings and text review identify assessed defects
2:26,3:68,3:63,INSTANCE,Sources & citations,"[424, 0, 400, 234]","[""VERTICAL"", ""FIXED"", ""HUG"", ""NO_WRAP"", 32, 32, 32, 32, 16, false, ""AUTO"", {""horizontal"": ""MIN"", ""vertical"": ""MIN""}, null, null]","{""itemSpacing"": {""type"": ""VARIABLE_ALIAS"", ""id"": ""VariableID:2:12""}, ""paddingLeft"": {""type"": ""VARIABLE_ALIAS"", ""id"": ""VariableID:2:14""}, ""paddingTop"": {""type"": ""VARIABLE_ALIAS"", ""id"": ""VariableID:2:14""}, ""paddingRight"": {""type"": ""VARIABLE_ALIAS"", ""id"": ""VariableID:2:14""}, ""paddingBottom"": {""type"": ""VARIABLE_ALIAS"", ""id"": ""VariableID:2:14""}, ""fills"": [{""type"": ""VARIABLE_ALIAS"", ""id"": ""VariableID:2:4""}], ""strokes"": [{""type"": ""VARIABLE_ALIAS"", ""id"": ""VariableID:2:6""}]}",null,Structural inventory; findings and text review identify assessed defects
2:26,I3:68;3:10,3:68,TEXT,Index,"[33, 33, 334, 18]",null,"{""fills"": [{""type"": ""VARIABLE_ALIAS"", ""id"": ""VariableID:2:10""}]}",null,Structural inventory; findings and text review identify assessed defects
2:26,I3:68;3:11,3:68,TEXT,Title,"[33, 67, 334, 31]",null,"{""fills"": [{""type"": ""VARIABLE_ALIAS"", ""id"": ""VariableID:2:7""}]}",null,Structural inventory; findings and text review identify assessed defects
2:26,I3:68;3:12,3:68,TEXT,Body,"[33, 114, 334, 87]",null,"{""fills"": [{""type"": ""VARIABLE_ALIAS"", ""id"": ""VariableID:2:8""}]}",null,Structural inventory; findings and text review identify assessed defects
2:26,3:72,3:63,INSTANCE,Website readiness,"[848, 0, 400, 234]","[""VERTICAL"", ""FIXED"", ""HUG"", ""NO_WRAP"", 32, 32, 32, 32, 16, false, ""AUTO"", {""horizontal"": ""MIN"", ""vertical"": ""MIN""}, null, null]","{""itemSpacing"": {""type"": ""VARIABLE_ALIAS"", ""id"": ""VariableID:2:12""}, ""paddingLeft"": {""type"": ""VARIABLE_ALIAS"", ""id"": ""VariableID:2:14""}, ""paddingTop"": {""type"": ""VARIABLE_ALIAS"", ""id"": ""VariableID:2:14""}, ""paddingRight"": {""type"": ""VARIABLE_ALIAS"", ""id"": ""VariableID:2:14""}, ""paddingBottom"": {""type"": ""VARIABLE_ALIAS"", ""id"": ""VariableID:2:14""}, ""fills"": [{""type"": ""VARIABLE_ALIAS"", ""id"": ""VariableID:2:4""}], ""strokes"": [{""type"": ""VARIABLE_ALIAS"", ""id"": ""VariableID:2:6""}]}",null,Structural inventory; findings and text review identify assessed defects
2:26,I3:72;3:10,3:72,TEXT,Index,"[33, 33, 334, 18]",null,"{""fills"": [{""type"": ""VARIABLE_ALIAS"", ""id"": ""VariableID:2:10""}]}",null,Structural inventory; findings and text review identify assessed defects
2:26,I3:72;3:11,3:72,TEXT,Title,"[33, 67, 334, 31]",null,"{""fills"": [{""type"": ""VARIABLE_ALIAS"", ""id"": ""VariableID:2:7""}]}",null,Structural inventory; findings and text review identify assessed defects
2:26,I3:72;3:12,3:72,TEXT,Body,"[33, 114, 334, 87]",null,"{""fills"": [{""type"": ""VARIABLE_ALIAS"", ""id"": ""VariableID:2:8""}]}",null,Structural inventory; findings and text review identify assessed defects
2:26,3:76,2:26,FRAME,06 · Evidence and deliverable,"[0, 2047, 1440, 741]","[""VERTICAL"", ""FIXED"", ""HUG"", ""NO_WRAP"", 96, 96, 96, 96, 32, false, ""AUTO"", {""horizontal"": ""MIN"", ""vertical"": ""MIN""}, null, null]","{""itemSpacing"": {""type"": ""VARIABLE_ALIAS"", ""id"": ""VariableID:2:14""}, ""paddingLeft"": {""type"": ""VARIABLE_ALIAS"", ""id"": ""VariableID:2:17""}, ""paddingTop"": {""type"": ""VARIABLE_ALIAS"", ""id"": ""VariableID:2:17""}, ""paddingRight"": {""type"": ""VARIABLE_ALIAS"", ""id"": ""VariableID:2:17""}, ""paddingBottom"": {""type"": ""VARIABLE_ALIAS"", ""id"": ""VariableID:2:17""}, ""fills"": [{""type"": ""VARIABLE_ALIAS"", ""id"": ""VariableID:2:3""}]}",null,Structural inventory; findings and text review identify assessed defects
2:26,3:77,3:76,TEXT,Eyebrow,"[96, 96, 1248, 18]",null,"{""fills"": [{""type"": ""VARIABLE_ALIAS"", ""id"": ""VariableID:2:10""}]}",null,Structural inventory; findings and text review identify assessed defects
2:26,3:78,3:76,FRAME,Deliverable columns,"[96, 146, 1248, 499]","[""HORIZONTAL"", ""FIXED"", ""HUG"", ""NO_WRAP"", 0, 0, 0, 0, 48, false, ""AUTO"", {""horizontal"": ""MIN"", ""vertical"": ""MIN""}, null, null]","{""itemSpacing"": {""type"": ""VARIABLE_ALIAS"", ""id"": ""VariableID:2:15""}}",null,Structural inventory; findings and text review identify assessed defects
2:26,3:79,3:78,FRAME,Deliverable message,"[0, 0, 704, 499]","[""VERTICAL"", ""FIXED"", ""HUG"", ""NO_WRAP"", 0, 0, 0, 0, 24, false, ""AUTO"", {""horizontal"": ""MIN"", ""vertical"": ""MIN""}, null, null]","{""itemSpacing"": {""type"": ""VARIABLE_ALIAS"", ""id"": ""VariableID:2:13""}}",null,Structural inventory; findings and text review identify assessed defects
2:26,3:80,3:79,TEXT,Heading,"[0, 0, 704, 114]",null,"{""fills"": [{""type"": ""VARIABLE_ALIAS"", ""id"": ""VariableID:2:7""}]}",null,Structural inventory; findings and text review identify assessed defects
2:26,3:81,3:79,TEXT,Deliverable description,"[0, 138, 704, 58]",null,"{""fills"": [{""type"": ""VARIABLE_ALIAS"", ""id"": ""VariableID:2:8""}]}",null,Structural inventory; findings and text review identify assessed defects
2:26,3:82,3:79,TEXT,Findings you can inspect,"[0, 220, 704, 31]",null,"{""fills"": [{""type"": ""VARIABLE_ALIAS"", ""id"": ""VariableID:2:7""}]}",null,Structural inventory; findings and text review identify assessed defects
2:26,3:83,3:79,TEXT,Findings you can inspect detail,"[0, 275, 704, 22]",null,"{""fills"": [{""type"": ""VARIABLE_ALIAS"", ""id"": ""VariableID:2:8""}]}",null,Structural inventory; findings and text review identify assessed defects
2:26,3:84,3:79,TEXT,Recommendations with context,"[0, 321, 704, 31]",null,"{""fills"": [{""type"": ""VARIABLE_ALIAS"", ""id"": ""VariableID:2:7""}]}",null,Structural inventory; findings and text review identify assessed defects
2:26,3:85,3:79,TEXT,Recommendations with context detail,"[0, 376, 704, 22]",null,"{""fills"": [{""type"": ""VARIABLE_ALIAS"", ""id"": ""VariableID:2:8""}]}",null,Structural inventory; findings and text review identify assessed defects
2:26,3:86,3:79,TEXT,A basis for later comparison,"[0, 422, 704, 31]",null,"{""fills"": [{""type"": ""VARIABLE_ALIAS"", ""id"": ""VariableID:2:7""}]}",null,Structural inventory; findings and text review identify assessed defects
2:26,3:87,3:79,TEXT,A basis for later comparison detail,"[0, 477, 704, 22]",null,"{""fills"": [{""type"": ""VARIABLE_ALIAS"", ""id"": ""VariableID:2:8""}]}",null,Structural inventory; findings and text review identify assessed defects
2:26,3:88,3:78,FRAME,Report content preview,"[752, 0, 496, 429]","[""VERTICAL"", ""FIXED"", ""HUG"", ""NO_WRAP"", 32, 32, 32, 32, 24, false, ""AUTO"", {""horizontal"": ""MIN"", ""vertical"": ""MIN""}, null, null]","{""itemSpacing"": {""type"": ""VARIABLE_ALIAS"", ""id"": ""VariableID:2:13""}, ""paddingLeft"": {""type"": ""VARIABLE_ALIAS"", ""id"": ""VariableID:2:14""}, ""paddingTop"": {""type"": ""VARIABLE_ALIAS"", ""id"": ""VariableID:2:14""}, ""paddingRight"": {""type"": ""VARIABLE_ALIAS"", ""id"": ""VariableID:2:14""}, ""paddingBottom"": {""type"": ""VARIABLE_ALIAS"", ""id"": ""VariableID:2:14""}, ""fills"": [{""type"": ""VARIABLE_ALIAS"", ""id"": ""VariableID:2:4""}], ""strokes"": [{""type"": ""VARIABLE_ALIAS"", ""id"": ""VariableID:2:6""}]}",null,Structural inventory; findings and text review identify assessed defects
2:26,3:89,3:88,TEXT,Eyebrow,"[33, 33, 432, 18]",null,"{""fills"": [{""type"": ""VARIABLE_ALIAS"", ""id"": ""VariableID:2:10""}]}",null,Structural inventory; findings and text review identify assessed defects
2:26,3:90,3:88,TEXT,Preview headline,"[33, 75, 432, 62]",null,"{""fills"": [{""type"": ""VARIABLE_ALIAS"", ""id"": ""VariableID:2:7""}]}",null,Structural inventory; findings and text review identify assessed defects
2:26,3:91,3:88,FRAME,Report topic,"[33, 161, 432, 22]","[""HORIZONTAL"", ""FIXED"", ""HUG"", ""NO_WRAP"", 0, 0, 0, 0, 16, false, ""AUTO"", {""horizontal"": ""MIN"", ""vertical"": ""MIN""}, null, null]","{""itemSpacing"": {""type"": ""VARIABLE_ALIAS"", ""id"": ""VariableID:2:12""}}",null,Structural inventory; findings and text review identify assessed defects
2:26,3:92,3:91,TEXT,Number,"[0, 0, 26, 18]",null,"{""fills"": [{""type"": ""VARIABLE_ALIAS"", ""id"": ""VariableID:2:10""}]}",null,Structural inventory; findings and text review identify assessed defects
2:26,3:93,3:91,TEXT,Topic,"[42, 0, 390, 22]",null,"{""fills"": [{""type"": ""VARIABLE_ALIAS"", ""id"": ""VariableID:2:8""}]}",null,Structural inventory; findings and text review identify assessed defects
2:26,3:94,3:88,RECTANGLE,Divider,"[33, 207, 432, 1]",null,"{""fills"": [{""type"": ""VARIABLE_ALIAS"", ""id"": ""VariableID:2:6""}]}",null,Structural inventory; findings and text review identify assessed defects
2:26,3:95,3:88,FRAME,Report topic,"[33, 232, 432, 22]","[""HORIZONTAL"", ""FIXED"", ""HUG"", ""NO_WRAP"", 0, 0, 0, 0, 16, false, ""AUTO"", {""horizontal"": ""MIN"", ""vertical"": ""MIN""}, null, null]","{""itemSpacing"": {""type"": ""VARIABLE_ALIAS"", ""id"": ""VariableID:2:12""}}",null,Structural inventory; findings and text review identify assessed defects
2:26,3:96,3:95,TEXT,Number,"[0, 0, 26, 18]",null,"{""fills"": [{""type"": ""VARIABLE_ALIAS"", ""id"": ""VariableID:2:10""}]}",null,Structural inventory; findings and text review identify assessed defects
2:26,3:97,3:95,TEXT,Topic,"[42, 0, 390, 22]",null,"{""fills"": [{""type"": ""VARIABLE_ALIAS"", ""id"": ""VariableID:2:8""}]}",null,Structural inventory; findings and text review identify assessed defects
2:26,3:98,3:88,RECTANGLE,Divider,"[33, 278, 432, 1]",null,"{""fills"": [{""type"": ""VARIABLE_ALIAS"", ""id"": ""VariableID:2:6""}]}",null,Structural inventory; findings and text review identify assessed defects
2:26,3:99,3:88,FRAME,Report topic,"[33, 303, 432, 22]","[""HORIZONTAL"", ""FIXED"", ""HUG"", ""NO_WRAP"", 0, 0, 0, 0, 16, false, ""AUTO"", {""horizontal"": ""MIN"", ""vertical"": ""MIN""}, null, null]","{""itemSpacing"": {""type"": ""VARIABLE_ALIAS"", ""id"": ""VariableID:2:12""}}",null,Structural inventory; findings and text review identify assessed defects
2:26,3:100,3:99,TEXT,Number,"[0, 0, 26, 18]",null,"{""fills"": [{""type"": ""VARIABLE_ALIAS"", ""id"": ""VariableID:2:10""}]}",null,Structural inventory; findings and text review identify assessed defects
2:26,3:101,3:99,TEXT,Topic,"[42, 0, 390, 22]",null,"{""fills"": [{""type"": ""VARIABLE_ALIAS"", ""id"": ""VariableID:2:8""}]}",null,Structural inventory; findings and text review identify assessed defects
2:26,3:102,3:88,RECTANGLE,Divider,"[33, 349, 432, 1]",null,"{""fills"": [{""type"": ""VARIABLE_ALIAS"", ""id"": ""VariableID:2:6""}]}",null,Structural inventory; findings and text review identify assessed defects
2:26,3:103,3:88,TEXT,Preview qualifier,"[33, 374, 432, 22]",null,"{""fills"": [{""type"": ""VARIABLE_ALIAS"", ""id"": ""VariableID:2:8""}]}",null,Structural inventory; findings and text review identify assessed defects
2:26,3:104,2:26,FRAME,07 · Process,"[0, 2788, 1440, 740]","[""VERTICAL"", ""FIXED"", ""HUG"", ""NO_WRAP"", 96, 96, 96, 96, 32, false, ""AUTO"", {""horizontal"": ""MIN"", ""vertical"": ""MIN""}, null, null]","{""itemSpacing"": {""type"": ""VARIABLE_ALIAS"", ""id"": ""VariableID:2:14""}, ""paddingLeft"": {""type"": ""VARIABLE_ALIAS"", ""id"": ""VariableID:2:17""}, ""paddingTop"": {""type"": ""VARIABLE_ALIAS"", ""id"": ""VariableID:2:17""}, ""paddingRight"": {""type"": ""VARIABLE_ALIAS"", ""id"": ""VariableID:2:17""}, ""paddingBottom"": {""type"": ""VARIABLE_ALIAS"", ""id"": ""VariableID:2:17""}, ""fills"": [{""type"": ""VARIABLE_ALIAS"", ""id"": ""VariableID:2:5""}]}",null,Structural inventory; findings and text review identify assessed defects
2:26,3:105,3:104,TEXT,Eyebrow,"[96, 96, 1248, 18]",null,"{""fills"": [{""type"": ""VARIABLE_ALIAS"", ""id"": ""VariableID:2:10""}]}",null,Structural inventory; findings and text review identify assessed defects
2:26,3:106,3:104,TEXT,Heading,"[96, 146, 1248, 114]",null,"{""fills"": [{""type"": ""VARIABLE_ALIAS"", ""id"": ""VariableID:2:7""}]}",null,Structural inventory; findings and text review identify assessed defects
2:26,3:107,3:104,FRAME,Agree the scope,"[96, 292, 1248, 31]","[""HORIZONTAL"", ""FIXED"", ""HUG"", ""NO_WRAP"", 0, 0, 0, 0, 24, false, ""AUTO"", {""horizontal"": ""MIN"", ""vertical"": ""MIN""}, null, null]","{""itemSpacing"": {""type"": ""VARIABLE_ALIAS"", ""id"": ""VariableID:2:13""}}",null,Structural inventory; findings and text review identify assessed defects
2:26,3:108,3:107,TEXT,Step,"[0, 0, 80, 31]",null,"{""fills"": [{""type"": ""VARIABLE_ALIAS"", ""id"": ""VariableID:2:10""}]}",null,Structural inventory; findings and text review identify assessed defects
2:26,3:109,3:107,TEXT,Title,"[104, 0, 330, 31]",null,"{""fills"": [{""type"": ""VARIABLE_ALIAS"", ""id"": ""VariableID:2:7""}]}",null,Structural inventory; findings and text review identify assessed defects
2:26,3:110,3:107,TEXT,Description,"[458, 0, 790, 29]",null,"{""fills"": [{""type"": ""VARIABLE_ALIAS"", ""id"": ""VariableID:2:8""}]}",null,Structural inventory; findings and text review identify assessed defects
2:26,3:111,3:104,RECTANGLE,Divider,"[96, 355, 1248, 1]",null,"{""fills"": [{""type"": ""VARIABLE_ALIAS"", ""id"": ""VariableID:2:6""}]}",null,Structural inventory; findings and text review identify assessed defects
2:26,3:112,3:104,FRAME,Collect & review,"[96, 388, 1248, 31]","[""HORIZONTAL"", ""FIXED"", ""HUG"", ""NO_WRAP"", 0, 0, 0, 0, 24, false, ""AUTO"", {""horizontal"": ""MIN"", ""vertical"": ""MIN""}, null, null]","{""itemSpacing"": {""type"": ""VARIABLE_ALIAS"", ""id"": ""VariableID:2:13""}}",null,Structural inventory; findings and text review identify assessed defects
2:26,3:113,3:112,TEXT,Step,"[0, 0, 80, 31]",null,"{""fills"": [{""type"": ""VARIABLE_ALIAS"", ""id"": ""VariableID:2:10""}]}",null,Structural inventory; findings and text review identify assessed defects
2:26,3:114,3:112,TEXT,Title,"[104, 0, 330, 31]",null,"{""fills"": [{""type"": ""VARIABLE_ALIAS"", ""id"": ""VariableID:2:7""}]}",null,Structural inventory; findings and text review identify assessed defects
2:26,3:115,3:112,TEXT,Description,"[458, 0, 790, 29]",null,"{""fills"": [{""type"": ""VARIABLE_ALIAS"", ""id"": ""VariableID:2:8""}]}",null,Structural inventory; findings and text review identify assessed defects
2:26,3:116,3:104,RECTANGLE,Divider,"[96, 451, 1248, 1]",null,"{""fills"": [{""type"": ""VARIABLE_ALIAS"", ""id"": ""VariableID:2:6""}]}",null,Structural inventory; findings and text review identify assessed defects
2:26,3:117,3:104,FRAME,Make it useful,"[96, 484, 1248, 31]","[""HORIZONTAL"", ""FIXED"", ""HUG"", ""NO_WRAP"", 0, 0, 0, 0, 24, false, ""AUTO"", {""horizontal"": ""MIN"", ""vertical"": ""MIN""}, null, null]","{""itemSpacing"": {""type"": ""VARIABLE_ALIAS"", ""id"": ""VariableID:2:13""}}",null,Structural inventory; findings and text review identify assessed defects
2:26,3:118,3:117,TEXT,Step,"[0, 0, 80, 31]",null,"{""fills"": [{""type"": ""VARIABLE_ALIAS"", ""id"": ""VariableID:2:10""}]}",null,Structural inventory; findings and text review identify assessed defects
2:26,3:119,3:117,TEXT,Title,"[104, 0, 330, 31]",null,"{""fills"": [{""type"": ""VARIABLE_ALIAS"", ""id"": ""VariableID:2:7""}]}",null,Structural inventory; findings and text review identify assessed defects
2:26,3:120,3:117,TEXT,Description,"[458, 0, 790, 29]",null,"{""fills"": [{""type"": ""VARIABLE_ALIAS"", ""id"": ""VariableID:2:8""}]}",null,Structural inventory; findings and text review identify assessed defects
2:26,3:121,3:104,RECTANGLE,Divider,"[96, 547, 1248, 1]",null,"{""fills"": [{""type"": ""VARIABLE_ALIAS"", ""id"": ""VariableID:2:6""}]}",null,Structural inventory; findings and text review identify assessed defects
2:26,3:122,3:104,FRAME,Return with context,"[96, 580, 1248, 31]","[""HORIZONTAL"", ""FIXED"", ""HUG"", ""NO_WRAP"", 0, 0, 0, 0, 24, false, ""AUTO"", {""horizontal"": ""MIN"", ""vertical"": ""MIN""}, null, null]","{""itemSpacing"": {""type"": ""VARIABLE_ALIAS"", ""id"": ""VariableID:2:13""}}",null,Structural inventory; findings and text review identify assessed defects
2:26,3:123,3:122,TEXT,Step,"[0, 0, 80, 31]",null,"{""fills"": [{""type"": ""VARIABLE_ALIAS"", ""id"": ""VariableID:2:10""}]}",null,Structural inventory; findings and text review identify assessed defects
2:26,3:124,3:122,TEXT,Title,"[104, 0, 330, 31]",null,"{""fills"": [{""type"": ""VARIABLE_ALIAS"", ""id"": ""VariableID:2:7""}]}",null,Structural inventory; findings and text review identify assessed defects
2:26,3:125,3:122,TEXT,Description,"[458, 0, 790, 29]",null,"{""fills"": [{""type"": ""VARIABLE_ALIAS"", ""id"": ""VariableID:2:8""}]}",null,Structural inventory; findings and text review identify assessed defects
2:26,3:126,3:104,RECTANGLE,Divider,"[96, 643, 1248, 1]",null,"{""fills"": [{""type"": ""VARIABLE_ALIAS"", ""id"": ""VariableID:2:6""}]}",null,Structural inventory; findings and text review identify assessed defects
2:26,3:127,2:26,FRAME,08 · Questions,"[0, 3528, 1440, 854]","[""VERTICAL"", ""FIXED"", ""HUG"", ""NO_WRAP"", 96, 96, 96, 96, 32, false, ""AUTO"", {""horizontal"": ""MIN"", ""vertical"": ""MIN""}, null, null]","{""itemSpacing"": {""type"": ""VARIABLE_ALIAS"", ""id"": ""VariableID:2:14""}, ""paddingLeft"": {""type"": ""VARIABLE_ALIAS"", ""id"": ""VariableID:2:17""}, ""paddingTop"": {""type"": ""VARIABLE_ALIAS"", ""id"": ""VariableID:2:17""}, ""paddingRight"": {""type"": ""VARIABLE_ALIAS"", ""id"": ""VariableID:2:17""}, ""paddingBottom"": {""type"": ""VARIABLE_ALIAS"", ""id"": ""VariableID:2:17""}, ""fills"": [{""type"": ""VARIABLE_ALIAS"", ""id"": ""VariableID:2:3""}]}",null,Structural inventory; findings and text review identify assessed defects
2:26,3:128,3:127,TEXT,Eyebrow,"[96, 96, 1248, 18]",null,"{""fills"": [{""type"": ""VARIABLE_ALIAS"", ""id"": ""VariableID:2:10""}]}",null,Structural inventory; findings and text review identify assessed defects
2:26,3:129,3:127,TEXT,Heading,"[96, 146, 1248, 114]",null,"{""fills"": [{""type"": ""VARIABLE_ALIAS"", ""id"": ""VariableID:2:7""}]}",null,Structural inventory; findings and text review identify assessed defects
2:26,3:130,3:127,INSTANCE,FAQ / Is GEO the same as SEO?,"[96, 292, 1248, 79]","[""HORIZONTAL"", ""FIXED"", ""HUG"", ""NO_WRAP"", 24, 24, 24, 24, 16, false, ""AUTO"", {""horizontal"": ""MIN"", ""vertical"": ""MIN""}, null, null]","{""itemSpacing"": {""type"": ""VARIABLE_ALIAS"", ""id"": ""VariableID:2:12""}, ""paddingLeft"": {""type"": ""VARIABLE_ALIAS"", ""id"": ""VariableID:2:13""}, ""paddingTop"": {""type"": ""VARIABLE_ALIAS"", ""id"": ""VariableID:2:13""}, ""paddingRight"": {""type"": ""VARIABLE_ALIAS"", ""id"": ""VariableID:2:13""}, ""paddingBottom"": {""type"": ""VARIABLE_ALIAS"", ""id"": ""VariableID:2:13""}, ""fills"": [{""type"": ""VARIABLE_ALIAS"", ""id"": ""VariableID:2:3""}]}",null,Structural inventory; findings and text review identify assessed defects
2:26,I3:130;3:14,3:130,TEXT,Question,"[24, 24, 1160, 22]",null,"{""fills"": [{""type"": ""VARIABLE_ALIAS"", ""id"": ""VariableID:2:7""}]}",null,Structural inventory; findings and text review identify assessed defects
2:26,I3:130;3:15,3:130,TEXT,Expand,"[1200, 24, 24, 31]",null,"{""fills"": [{""type"": ""VARIABLE_ALIAS"", ""id"": ""VariableID:2:10""}]}",null,Structural inventory; findings and text review identify assessed defects
2:26,3:133,3:127,INSTANCE,FAQ / Which AI services will my audit cover?,"[96, 403, 1248, 79]","[""HORIZONTAL"", ""FIXED"", ""HUG"", ""NO_WRAP"", 24, 24, 24, 24, 16, false, ""AUTO"", {""horizontal"": ""MIN"", ""vertical"": ""MIN""}, null, null]","{""itemSpacing"": {""type"": ""VARIABLE_ALIAS"", ""id"": ""VariableID:2:12""}, ""paddingLeft"": {""type"": ""VARIABLE_ALIAS"", ""id"": ""VariableID:2:13""}, ""paddingTop"": {""type"": ""VARIABLE_ALIAS"", ""id"": ""VariableID:2:13""}, ""paddingRight"": {""type"": ""VARIABLE_ALIAS"", ""id"": ""VariableID:2:13""}, ""paddingBottom"": {""type"": ""VARIABLE_ALIAS"", ""id"": ""VariableID:2:13""}, ""fills"": [{""type"": ""VARIABLE_ALIAS"", ""id"": ""VariableID:2:3""}]}",null,Structural inventory; findings and text review identify assessed defects
2:26,I3:133;3:14,3:133,TEXT,Question,"[24, 24, 1160, 22]",null,"{""fills"": [{""type"": ""VARIABLE_ALIAS"", ""id"": ""VariableID:2:7""}]}",null,Structural inventory; findings and text review identify assessed defects
2:26,I3:133;3:15,3:133,TEXT,Expand,"[1200, 24, 24, 31]",null,"{""fills"": [{""type"": ""VARIABLE_ALIAS"", ""id"": ""VariableID:2:10""}]}",null,Structural inventory; findings and text review identify assessed defects
2:26,3:136,3:127,INSTANCE,FAQ / Can you guarantee an AI recommendation?,"[96, 514, 1248, 79]","[""HORIZONTAL"", ""FIXED"", ""HUG"", ""NO_WRAP"", 24, 24, 24, 24, 16, false, ""AUTO"", {""horizontal"": ""MIN"", ""vertical"": ""MIN""}, null, null]","{""itemSpacing"": {""type"": ""VARIABLE_ALIAS"", ""id"": ""VariableID:2:12""}, ""paddingLeft"": {""type"": ""VARIABLE_ALIAS"", ""id"": ""VariableID:2:13""}, ""paddingTop"": {""type"": ""VARIABLE_ALIAS"", ""id"": ""VariableID:2:13""}, ""paddingRight"": {""type"": ""VARIABLE_ALIAS"", ""id"": ""VariableID:2:13""}, ""paddingBottom"": {""type"": ""VARIABLE_ALIAS"", ""id"": ""VariableID:2:13""}, ""fills"": [{""type"": ""VARIABLE_ALIAS"", ""id"": ""VariableID:2:3""}]}",null,Structural inventory; findings and text review identify assessed defects
2:26,I3:136;3:14,3:136,TEXT,Question,"[24, 24, 1160, 22]",null,"{""fills"": [{""type"": ""VARIABLE_ALIAS"", ""id"": ""VariableID:2:7""}]}",null,Structural inventory; findings and text review identify assessed defects
2:26,I3:136;3:15,3:136,TEXT,Expand,"[1200, 24, 24, 31]",null,"{""fills"": [{""type"": ""VARIABLE_ALIAS"", ""id"": ""VariableID:2:10""}]}",null,Structural inventory; findings and text review identify assessed defects
2:26,3:139,3:127,INSTANCE,FAQ / What happens after the report?,"[96, 625, 1248, 79]","[""HORIZONTAL"", ""FIXED"", ""HUG"", ""NO_WRAP"", 24, 24, 24, 24, 16, false, ""AUTO"", {""horizontal"": ""MIN"", ""vertical"": ""MIN""}, null, null]","{""itemSpacing"": {""type"": ""VARIABLE_ALIAS"", ""id"": ""VariableID:2:12""}, ""paddingLeft"": {""type"": ""VARIABLE_ALIAS"", ""id"": ""VariableID:2:13""}, ""paddingTop"": {""type"": ""VARIABLE_ALIAS"", ""id"": ""VariableID:2:13""}, ""paddingRight"": {""type"": ""VARIABLE_ALIAS"", ""id"": ""VariableID:2:13""}, ""paddingBottom"": {""type"": ""VARIABLE_ALIAS"", ""id"": ""VariableID:2:13""}, ""fills"": [{""type"": ""VARIABLE_ALIAS"", ""id"": ""VariableID:2:3""}]}",null,Structural inventory; findings and text review identify assessed defects
2:26,I3:139;3:14,3:139,TEXT,Question,"[24, 24, 1160, 22]",null,"{""fills"": [{""type"": ""VARIABLE_ALIAS"", ""id"": ""VariableID:2:7""}]}",null,Structural inventory; findings and text review identify assessed defects
2:26,I3:139;3:15,3:139,TEXT,Expand,"[1200, 24, 24, 31]",null,"{""fills"": [{""type"": ""VARIABLE_ALIAS"", ""id"": ""VariableID:2:10""}]}",null,Structural inventory; findings and text review identify assessed defects
2:26,3:142,3:127,TEXT,FAQ design note,"[96, 736, 1248, 22]",null,"{""fills"": [{""type"": ""VARIABLE_ALIAS"", ""id"": ""VariableID:2:8""}]}",null,Structural inventory; findings and text review identify assessed defects
2:26,3:143,2:26,FRAME,09 · Closing action,"[0, 4382, 1440, 503]","[""VERTICAL"", ""FIXED"", ""HUG"", ""NO_WRAP"", 96, 96, 96, 96, 32, false, ""AUTO"", {""horizontal"": ""MIN"", ""vertical"": ""MIN""}, null, null]","{""itemSpacing"": {""type"": ""VARIABLE_ALIAS"", ""id"": ""VariableID:2:14""}, ""paddingLeft"": {""type"": ""VARIABLE_ALIAS"", ""id"": ""VariableID:2:17""}, ""paddingTop"": {""type"": ""VARIABLE_ALIAS"", ""id"": ""VariableID:2:17""}, ""paddingRight"": {""type"": ""VARIABLE_ALIAS"", ""id"": ""VariableID:2:17""}, ""paddingBottom"": {""type"": ""VARIABLE_ALIAS"", ""id"": ""VariableID:2:17""}, ""fills"": [{""type"": ""VARIABLE_ALIAS"", ""id"": ""VariableID:2:5""}]}",null,Structural inventory; findings and text review identify assessed defects
2:26,3:144,3:143,TEXT,Eyebrow,"[96, 96, 1248, 18]",null,"{""fills"": [{""type"": ""VARIABLE_ALIAS"", ""id"": ""VariableID:2:10""}]}",null,Structural inventory; findings and text review identify assessed defects
2:26,3:145,3:143,TEXT,Heading,"[96, 146, 1248, 114]",null,"{""fills"": [{""type"": ""VARIABLE_ALIAS"", ""id"": ""VariableID:2:7""}]}",null,Structural inventory; findings and text review identify assessed defects
2:26,3:146,3:143,TEXT,CTA support,"[96, 292, 1248, 29]",null,"{""fills"": [{""type"": ""VARIABLE_ALIAS"", ""id"": ""VariableID:2:8""}]}",null,Structural inventory; findings and text review identify assessed defects
2:26,3:147,3:143,INSTANCE,Action / Check audit availability  →,"[96, 353, 252, 54]","[""VERTICAL"", ""FIXED"", ""HUG"", ""NO_WRAP"", 16, 16, 16, 16, 16, false, ""AUTO"", {""horizontal"": ""MIN"", ""vertical"": ""MIN""}, null, null]","{""itemSpacing"": {""type"": ""VARIABLE_ALIAS"", ""id"": ""VariableID:2:12""}, ""paddingLeft"": {""type"": ""VARIABLE_ALIAS"", ""id"": ""VariableID:2:12""}, ""paddingTop"": {""type"": ""VARIABLE_ALIAS"", ""id"": ""VariableID:2:12""}, ""paddingRight"": {""type"": ""VARIABLE_ALIAS"", ""id"": ""VariableID:2:12""}, ""paddingBottom"": {""type"": ""VARIABLE_ALIAS"", ""id"": ""VariableID:2:12""}, ""fills"": [{""type"": ""VARIABLE_ALIAS"", ""id"": ""VariableID:2:9""}]}",null,Structural inventory; findings and text review identify assessed defects
2:26,I3:147;3:8,3:147,TEXT,Label,"[16, 16, 220, 22]",null,"{""fills"": [{""type"": ""VARIABLE_ALIAS"", ""id"": ""VariableID:2:3""}]}",null,Structural inventory; findings and text review identify assessed defects
2:26,3:149,2:26,FRAME,10 · Footer,"[0, 4885, 1440, 171]","[""VERTICAL"", ""FIXED"", ""HUG"", ""NO_WRAP"", 32, 32, 32, 32, 16, false, ""AUTO"", {""horizontal"": ""MIN"", ""vertical"": ""MIN""}, null, null]","{""itemSpacing"": {""type"": ""VARIABLE_ALIAS"", ""id"": ""VariableID:2:12""}, ""paddingLeft"": {""type"": ""VARIABLE_ALIAS"", ""id"": ""VariableID:2:14""}, ""paddingTop"": {""type"": ""VARIABLE_ALIAS"", ""id"": ""VariableID:2:14""}, ""paddingRight"": {""type"": ""VARIABLE_ALIAS"", ""id"": ""VariableID:2:14""}, ""paddingBottom"": {""type"": ""VARIABLE_ALIAS"", ""id"": ""VariableID:2:14""}, ""fills"": [{""type"": ""VARIABLE_ALIAS"", ""id"": ""VariableID:2:3""}]}",null,Structural inventory; findings and text review identify assessed defects
2:26,3:150,3:149,TEXT,Footer wordmark,"[32, 32, 1376, 31]",null,"{""fills"": [{""type"": ""VARIABLE_ALIAS"", ""id"": ""VariableID:2:7""}]}",null,Structural inventory; findings and text review identify assessed defects
2:26,3:151,3:149,TEXT,Footer description,"[32, 79, 1376, 22]",null,"{""fills"": [{""type"": ""VARIABLE_ALIAS"", ""id"": ""VariableID:2:8""}]}",null,Structural inventory; findings and text review identify assessed defects
2:26,3:152,3:149,TEXT,Concept footer,"[32, 117, 1376, 22]",null,"{""fills"": [{""type"": ""VARIABLE_ALIAS"", ""id"": ""VariableID:2:8""}]}",null,Structural inventory; findings and text review identify assessed defects
12:176,12:176,12:81,FRAME,Style Guide — Spacing,"[4128, 0, 1280, 922]","[""VERTICAL"", ""FIXED"", ""HUG"", ""NO_WRAP"", 0, 0, 0, 0, 0, true, ""AUTO"", {""horizontal"": ""MIN"", ""vertical"": ""MIN""}, null, null]",null,null,Structural inventory; findings and text review identify assessed defects
12:176,12:177,12:176,FRAME,Frame,"[0, 0, 1280, 64]","[""HORIZONTAL"", ""FIXED"", ""FIXED"", ""NO_WRAP"", 0, 32, 0, 32, 0, true, ""AUTO"", {""horizontal"": ""MIN"", ""vertical"": ""MIN""}, null, null]",null,null,Structural inventory; findings and text review identify assessed defects
12:176,12:178,12:177,TEXT,MIND LEVER X · WEB FOUNDATIONS,"[32, 23.5, 210, 17]",null,null,null,Structural inventory; findings and text review identify assessed defects
12:176,12:179,12:177,TEXT,VERSION 1 · SEP 2026,"[1121, 23.5, 127, 17]",null,null,null,Structural inventory; findings and text review identify assessed defects
12:176,12:180,12:176,FRAME,Frame,"[0, 64, 1280, 225]","[""VERTICAL"", ""FIXED"", ""HUG"", ""NO_WRAP"", 56, 64, 48, 64, 14, true, ""AUTO"", {""horizontal"": ""MIN"", ""vertical"": ""MIN""}, null, null]",null,null,Structural inventory; findings and text review identify assessed defects
12:176,12:181,12:180,TEXT,Spacing & layout,"[64, 56, 303, 55]",null,null,null,Structural inventory; findings and text review identify assessed defects
12:176,12:182,12:180,TEXT,"An 8-point rhythm keeps sections calm, consistent, and easy to scale across breakpoints.","[64, 125, 700, 52]",null,null,null,Structural inventory; findings and text review identify assessed defects
12:176,12:183,12:176,FRAME,Frame,"[0, 289, 1280, 478]","[""HORIZONTAL"", ""FIXED"", ""HUG"", ""NO_WRAP"", 32, 64, 32, 64, 72, true, ""AUTO"", {""horizontal"": ""MIN"", ""vertical"": ""MIN""}, null, null]",null,null,Structural inventory; findings and text review identify assessed defects
12:176,12:184,12:183,FRAME,Frame,"[64, 32, 300, 91]","[""VERTICAL"", ""FIXED"", ""HUG"", ""NO_WRAP"", 0, 0, 0, 0, 8, true, ""AUTO"", {""horizontal"": ""MIN"", ""vertical"": ""MIN""}, null, null]",null,null,Structural inventory; findings and text review identify assessed defects
12:176,12:185,12:184,TEXT,Spacing scale,"[0, 0, 300, 26]",null,null,null,Structural inventory; findings and text review identify assessed defects
12:176,12:186,12:184,TEXT,"Use the named scale for gaps, padding, and section rhythm instead of inventing one-off values.","[0, 34, 300, 57]",null,null,null,Structural inventory; findings and text review identify assessed defects
12:176,12:187,12:183,FRAME,Frame,"[436, 32, 780, 414]","[""VERTICAL"", ""FIXED"", ""HUG"", ""NO_WRAP"", 28, 28, 28, 28, 20, true, ""AUTO"", {""horizontal"": ""MIN"", ""vertical"": ""MIN""}, null, null]",null,null,Structural inventory; findings and text review identify assessed defects
12:176,12:188,12:187,FRAME,Frame,"[28, 28, 724, 34]","[""HORIZONTAL"", ""FIXED"", ""FIXED"", ""NO_WRAP"", 0, 0, 0, 0, 20, true, ""AUTO"", {""horizontal"": ""MIN"", ""vertical"": ""MIN""}, null, null]",null,null,Structural inventory; findings and text review identify assessed defects
12:176,12:189,12:188,TEXT,space/8,"[0, 8.5, 90, 17]",null,null,null,Structural inventory; findings and text review identify assessed defects
12:176,12:190,12:188,RECTANGLE,Rectangle,"[110, 10, 32, 14]",null,null,null,Structural inventory; findings and text review identify assessed defects
12:176,12:191,12:188,TEXT,8px,"[162, 8.5, 21, 17]",null,null,null,Structural inventory; findings and text review identify assessed defects
12:176,12:192,12:187,FRAME,Frame,"[28, 82, 724, 34]","[""HORIZONTAL"", ""FIXED"", ""FIXED"", ""NO_WRAP"", 0, 0, 0, 0, 20, true, ""AUTO"", {""horizontal"": ""MIN"", ""vertical"": ""MIN""}, null, null]",null,null,Structural inventory; findings and text review identify assessed defects
12:176,12:193,12:192,TEXT,space/16,"[0, 8.5, 90, 17]",null,null,null,Structural inventory; findings and text review identify assessed defects
12:176,12:194,12:192,RECTANGLE,Rectangle,"[110, 10, 64, 14]",null,null,null,Structural inventory; findings and text review identify assessed defects
12:176,12:195,12:192,TEXT,16px,"[194, 8.5, 27, 17]",null,null,null,Structural inventory; findings and text review identify assessed defects
12:176,12:196,12:187,FRAME,Frame,"[28, 136, 724, 34]","[""HORIZONTAL"", ""FIXED"", ""FIXED"", ""NO_WRAP"", 0, 0, 0, 0, 20, true, ""AUTO"", {""horizontal"": ""MIN"", ""vertical"": ""MIN""}, null, null]",null,null,Structural inventory; findings and text review identify assessed defects
12:176,12:197,12:196,TEXT,space/24,"[0, 8.5, 90, 17]",null,null,null,Structural inventory; findings and text review identify assessed defects
12:176,12:198,12:196,RECTANGLE,Rectangle,"[110, 10, 96, 14]",null,null,null,Structural inventory; findings and text review identify assessed defects
12:176,12:199,12:196,TEXT,24px,"[226, 8.5, 29, 17]",null,null,null,Structural inventory; findings and text review identify assessed defects
12:176,12:200,12:187,FRAME,Frame,"[28, 190, 724, 34]","[""HORIZONTAL"", ""FIXED"", ""FIXED"", ""NO_WRAP"", 0, 0, 0, 0, 20, true, ""AUTO"", {""horizontal"": ""MIN"", ""vertical"": ""MIN""}, null, null]",null,null,Structural inventory; findings and text review identify assessed defects
12:176,12:201,12:200,TEXT,space/32,"[0, 8.5, 90, 17]",null,null,null,Structural inventory; findings and text review identify assessed defects
12:176,12:202,12:200,RECTANGLE,Rectangle,"[110, 10, 128, 14]",null,null,null,Structural inventory; findings and text review identify assessed defects
12:176,12:203,12:200,TEXT,32px,"[258, 8.5, 29, 17]",null,null,null,Structural inventory; findings and text review identify assessed defects
12:176,12:204,12:187,FRAME,Frame,"[28, 244, 724, 34]","[""HORIZONTAL"", ""FIXED"", ""FIXED"", ""NO_WRAP"", 0, 0, 0, 0, 20, true, ""AUTO"", {""horizontal"": ""MIN"", ""vertical"": ""MIN""}, null, null]",null,null,Structural inventory; findings and text review identify assessed defects
12:176,12:205,12:204,TEXT,space/48,"[0, 8.5, 90, 17]",null,null,null,Structural inventory; findings and text review identify assessed defects
12:176,12:206,12:204,RECTANGLE,Rectangle,"[110, 10, 192, 14]",null,null,null,Structural inventory; findings and text review identify assessed defects
12:176,12:207,12:204,TEXT,48px,"[322, 8.5, 29, 17]",null,null,null,Structural inventory; findings and text review identify assessed defects
12:176,12:208,12:187,FRAME,Frame,"[28, 298, 724, 34]","[""HORIZONTAL"", ""FIXED"", ""FIXED"", ""NO_WRAP"", 0, 0, 0, 0, 20, true, ""AUTO"", {""horizontal"": ""MIN"", ""vertical"": ""MIN""}, null, null]",null,null,Structural inventory; findings and text review identify assessed defects
12:176,12:209,12:208,TEXT,space/64,"[0, 8.5, 90, 17]",null,null,null,Structural inventory; findings and text review identify assessed defects
12:176,12:210,12:208,RECTANGLE,Rectangle,"[110, 10, 256, 14]",null,null,null,Structural inventory; findings and text review identify assessed defects
12:176,12:211,12:208,TEXT,64px,"[386, 8.5, 29, 17]",null,null,null,Structural inventory; findings and text review identify assessed defects
12:176,12:212,12:187,FRAME,Frame,"[28, 352, 724, 34]","[""HORIZONTAL"", ""FIXED"", ""FIXED"", ""NO_WRAP"", 0, 0, 0, 0, 20, true, ""AUTO"", {""horizontal"": ""MIN"", ""vertical"": ""MIN""}, null, null]",null,null,Structural inventory; findings and text review identify assessed defects
12:176,12:213,12:212,TEXT,space/96,"[0, 8.5, 90, 17]",null,null,null,Structural inventory; findings and text review identify assessed defects
12:176,12:214,12:212,RECTANGLE,Rectangle,"[110, 10, 384, 14]",null,null,null,Structural inventory; findings and text review identify assessed defects
12:176,12:215,12:212,TEXT,96px,"[514, 8.5, 29, 17]",null,null,null,Structural inventory; findings and text review identify assessed defects
12:176,12:216,12:176,FRAME,Frame,"[0, 767, 1280, 155]","[""HORIZONTAL"", ""FIXED"", ""HUG"", ""NO_WRAP"", 32, 64, 32, 64, 72, true, ""AUTO"", {""horizontal"": ""MIN"", ""vertical"": ""MIN""}, null, null]",null,null,Structural inventory; findings and text review identify assessed defects
12:176,12:217,12:216,FRAME,Frame,"[64, 32, 300, 91]","[""VERTICAL"", ""FIXED"", ""HUG"", ""NO_WRAP"", 0, 0, 0, 0, 8, true, ""AUTO"", {""horizontal"": ""MIN"", ""vertical"": ""MIN""}, null, null]",null,null,Structural inventory; findings and text review identify assessed defects
12:176,12:218,12:217,TEXT,Layout principles,"[0, 0, 300, 26]",null,null,null,Structural inventory; findings and text review identify assessed defects
12:176,12:219,12:217,TEXT,"Start with content hierarchy, then use spacing to make relationships visible. Keep sections generous and component interiors tighter.","[0, 34, 300, 57]",null,null,null,Structural inventory; findings and text review identify assessed defects
12:176,12:220,12:216,FRAME,Frame,"[436, 32, 780, 76]","[""VERTICAL"", ""FIXED"", ""HUG"", ""NO_WRAP"", 28, 28, 28, 28, 20, true, ""AUTO"", {""horizontal"": ""MIN"", ""vertical"": ""MIN""}, null, null]",null,null,Structural inventory; findings and text review identify assessed defects
12:176,12:221,12:220,TEXT,SECTION 96 · GROUP 32–48 · COMPONENT 16–24 · DETAIL 8,"[28, 28, 720, 20]",null,null,null,Structural inventory; findings and text review identify assessed defects
14:592,14:592,0:1,FRAME,MindLeverX — Research / Evidence / Mobile,"[14244, 876, 390, 5821]","[""VERTICAL"", ""FIXED"", ""HUG"", ""NO_WRAP"", 0, 0, 0, 0, 0, true, ""AUTO"", {""horizontal"": ""MIN"", ""vertical"": ""MIN""}, null, null]","{""fills"": [{""type"": ""VARIABLE_ALIAS"", ""id"": ""VariableID:2:3""}]}",null,Structural inventory; findings and text review identify assessed defects
14:592,14:593,14:592,FRAME,Mobile Status Bar Simulator,"[0, 0, 390, 34]","[""HORIZONTAL"", ""FILL"", ""HUG"", ""NO_WRAP"", 12, 24, 4, 24, 0, false, ""AUTO"", {""horizontal"": ""MIN"", ""vertical"": ""MIN""}, null, null]",null,null,Structural inventory; findings and text review identify assessed defects
14:592,14:594,14:593,TEXT,9:41,"[24, 12, 27, 18]",null,"{""fills"": [{""type"": ""VARIABLE_ALIAS"", ""id"": ""VariableID:2:7""}]}",null,Structural inventory; findings and text review identify assessed defects
14:592,14:595,14:593,FRAME,Frame,"[297, 12, 69, 11]","[""HORIZONTAL"", ""HUG"", ""HUG"", ""NO_WRAP"", 0, 0, 0, 0, 6, false, ""AUTO"", {""horizontal"": ""MIN"", ""vertical"": ""MIN""}, null, null]",null,null,Structural inventory; findings and text review identify assessed defects
14:592,14:596,14:595,FRAME,ios-signal,"[0, 0, 17, 11]","[""NONE"", ""FIXED"", ""FIXED"", ""NO_WRAP"", 0, 0, 0, 0, 0, true, ""AUTO"", {""horizontal"": ""MIN"", ""vertical"": ""MIN""}, null, null]",null,null,Structural inventory; findings and text review identify assessed defects
14:592,14:597,14:596,VECTOR,Vector,"[0, 2.4123001098632812, 16.31999969482422, 6.725399971008301]",null,"{""fills"": [{""type"": ""VARIABLE_ALIAS"", ""id"": ""VariableID:2:7""}]}",null,Structural inventory; findings and text review identify assessed defects
14:592,14:598,14:595,FRAME,ios-wifi-signal,"[23, 0, 15, 11]","[""NONE"", ""FIXED"", ""FIXED"", ""NO_WRAP"", 0, 0, 0, 0, 0, true, ""AUTO"", {""horizontal"": ""MIN"", ""vertical"": ""MIN""}, null, null]",null,null,Structural inventory; findings and text review identify assessed defects
14:592,14:599,14:598,VECTOR,Vector,"[0.75, 1.8348000049591064, 12.856277465820312, 6.780544281005859]",null,"{""fills"": [{""type"": ""VARIABLE_ALIAS"", ""id"": ""VariableID:2:7""}]}",null,Structural inventory; findings and text review identify assessed defects
14:592,14:600,14:595,FRAME,ios-battery-full,"[44, 0, 25, 11]","[""NONE"", ""FIXED"", ""FIXED"", ""NO_WRAP"", 0, 0, 0, 0, 0, true, ""AUTO"", {""horizontal"": ""MIN"", ""vertical"": ""MIN""}, null, null]",null,null,Structural inventory; findings and text review identify assessed defects
14:592,14:601,14:600,VECTOR,Vector,"[0, 2.200000047683716, 24.400089263916016, 7.150000095367432]",null,"{""fills"": [{""type"": ""VARIABLE_ALIAS"", ""id"": ""VariableID:2:7""}]}",null,Structural inventory; findings and text review identify assessed defects
14:592,14:602,14:592,INSTANCE,Header / Mobile,"[0, 34, 390, 62]","[""HORIZONTAL"", ""FILL"", ""HUG"", ""NO_WRAP"", 16, 24, 16, 24, 0, false, ""AUTO"", {""horizontal"": ""MIN"", ""vertical"": ""MIN""}, null, null]","{""strokes"": [{""type"": ""VARIABLE_ALIAS"", ""id"": ""VariableID:2:6""}]}",null,Structural inventory; findings and text review identify assessed defects
14:592,I14:602;13:330,14:602,FRAME,Brand Identity,"[24, 17, 146, 28]","[""HORIZONTAL"", ""HUG"", ""HUG"", ""NO_WRAP"", 0, 0, 0, 0, 10, false, ""AUTO"", {""horizontal"": ""MIN"", ""vertical"": ""MIN""}, null, null]",null,null,Structural inventory; findings and text review identify assessed defects
14:592,I14:602;13:331,I14:602;13:330,FRAME,Logo Mark,"[0, 0, 28, 28]","[""HORIZONTAL"", ""FIXED"", ""FIXED"", ""NO_WRAP"", 0, 0, 0, 0, 0, false, ""AUTO"", {""horizontal"": ""MIN"", ""vertical"": ""MIN""}, null, null]",null,null,Structural inventory; findings and text review identify assessed defects
14:592,I14:602;13:332,I14:602;13:331,FRAME,cross,"[6, 5, 16, 18]","[""HORIZONTAL"", ""FIXED"", ""FIXED"", ""NO_WRAP"", 0, 0, 0, 0, 0, true, ""AUTO"", {""horizontal"": ""MIN"", ""vertical"": ""MIN""}, null, null]",null,null,Structural inventory; findings and text review identify assessed defects
14:592,I14:602;13:333,I14:602;13:332,VECTOR,Vector,"[2, 3, 12, 12]",null,null,null,Structural inventory; findings and text review identify assessed defects
14:592,I14:602;13:334,I14:602;13:330,TEXT,Wordmark,"[38, 3, 108, 22]",null,"{""fills"": [{""type"": ""VARIABLE_ALIAS"", ""id"": ""VariableID:2:7""}]}",null,Structural inventory; findings and text review identify assessed defects
14:592,I14:602;13:335,14:602,FRAME,Menu Control,"[307, 16, 59, 30]","[""HORIZONTAL"", ""HUG"", ""HUG"", ""NO_WRAP"", 6, 12, 6, 12, 0, false, ""AUTO"", {""horizontal"": ""MIN"", ""vertical"": ""MIN""}, null, null]","{""strokes"": [{""type"": ""VARIABLE_ALIAS"", ""id"": ""VariableID:2:6""}]}","[{""action"": {""type"": ""NODE"", ""destinationId"": ""14:873"", ""navigation"": ""NAVIGATE"", ""transition"": null, ""resetVideoPosition"": false}, ""actions"": [{""type"": ""NODE"", ""destinationId"": ""14:873"", ""navigation"": ""NAVIGATE"", ""transition"": null, ""resetVideoPosition"": false}], ""trigger"": {""type"": ""ON_CLICK""}}]",Structural inventory; findings and text review identify assessed defects
14:592,I14:602;13:336,I14:602;13:335,TEXT,MENU,"[12, 6, 35, 18]",null,"{""fills"": [{""type"": ""VARIABLE_ALIAS"", ""id"": ""VariableID:2:8""}]}",null,Structural inventory; findings and text review identify assessed defects
14:592,14:610,14:592,FRAME,Hero,"[0, 96, 390, 456]","[""VERTICAL"", ""FILL"", ""HUG"", ""NO_WRAP"", 48, 24, 48, 24, 24, false, ""AUTO"", {""horizontal"": ""MIN"", ""vertical"": ""MIN""}, null, null]","{""itemSpacing"": {""type"": ""VARIABLE_ALIAS"", ""id"": ""VariableID:2:13""}, ""paddingLeft"": {""type"": ""VARIABLE_ALIAS"", ""id"": ""VariableID:2:13""}, ""paddingTop"": {""type"": ""VARIABLE_ALIAS"", ""id"": ""VariableID:2:15""}, ""paddingRight"": {""type"": ""VARIABLE_ALIAS"", ""id"": ""VariableID:2:13""}, ""paddingBottom"": {""type"": ""VARIABLE_ALIAS"", ""id"": ""VariableID:2:15""}}",null,Structural inventory; findings and text review identify assessed defects
14:592,14:611,14:610,TEXT,Eyebrow,"[24, 48, 342, 18]",null,"{""fills"": [{""type"": ""VARIABLE_ALIAS"", ""id"": ""VariableID:2:10""}]}",null,Structural inventory; findings and text review identify assessed defects
14:592,14:612,14:610,TEXT,Title,"[24, 90, 342, 120]",null,"{""fills"": [{""type"": ""VARIABLE_ALIAS"", ""id"": ""VariableID:2:7""}]}",null,Structural inventory; findings and text review identify assessed defects
14:592,14:613,14:610,TEXT,Description,"[24, 234, 342, 174]",null,"{""fills"": [{""type"": ""VARIABLE_ALIAS"", ""id"": ""VariableID:2:8""}]}",null,Structural inventory; findings and text review identify assessed defects
14:592,14:614,14:592,FRAME,Comparison Matrix,"[0, 552, 390, 893]","[""VERTICAL"", ""FILL"", ""HUG"", ""NO_WRAP"", 48, 24, 48, 24, 32, false, ""AUTO"", {""horizontal"": ""MIN"", ""vertical"": ""MIN""}, null, null]","{""itemSpacing"": {""type"": ""VARIABLE_ALIAS"", ""id"": ""VariableID:2:14""}, ""paddingLeft"": {""type"": ""VARIABLE_ALIAS"", ""id"": ""VariableID:2:13""}, ""paddingTop"": {""type"": ""VARIABLE_ALIAS"", ""id"": ""VariableID:2:15""}, ""paddingRight"": {""type"": ""VARIABLE_ALIAS"", ""id"": ""VariableID:2:13""}, ""paddingBottom"": {""type"": ""VARIABLE_ALIAS"", ""id"": ""VariableID:2:15""}, ""fills"": [{""type"": ""VARIABLE_ALIAS"", ""id"": ""VariableID:2:4""}], ""strokes"": [{""type"": ""VARIABLE_ALIAS"", ""id"": ""VariableID:2:6""}]}",null,Structural inventory; findings and text review identify assessed defects
14:592,14:615,14:614,TEXT,Matrix Title,"[24, 48, 342, 62]",null,"{""fills"": [{""type"": ""VARIABLE_ALIAS"", ""id"": ""VariableID:2:7""}]}",null,Structural inventory; findings and text review identify assessed defects
14:592,14:616,14:614,FRAME,Matrix Stack,"[24, 142, 342, 703]","[""VERTICAL"", ""FILL"", ""HUG"", ""NO_WRAP"", 0, 0, 0, 0, 16, false, ""AUTO"", {""horizontal"": ""MIN"", ""vertical"": ""MIN""}, null, null]",null,null,Structural inventory; findings and text review identify assessed defects
14:592,14:617,14:616,FRAME,Boundary Card 1,"[0, 0, 342, 217]","[""VERTICAL"", ""FILL"", ""HUG"", ""NO_WRAP"", 24, 24, 24, 24, 16, false, ""AUTO"", {""horizontal"": ""MIN"", ""vertical"": ""MIN""}, null, null]","{""itemSpacing"": {""type"": ""VARIABLE_ALIAS"", ""id"": ""VariableID:2:12""}, ""paddingLeft"": {""type"": ""VARIABLE_ALIAS"", ""id"": ""VariableID:2:13""}, ""paddingTop"": {""type"": ""VARIABLE_ALIAS"", ""id"": ""VariableID:2:13""}, ""paddingRight"": {""type"": ""VARIABLE_ALIAS"", ""id"": ""VariableID:2:13""}, ""paddingBottom"": {""type"": ""VARIABLE_ALIAS"", ""id"": ""VariableID:2:13""}, ""fills"": [{""type"": ""VARIABLE_ALIAS"", ""id"": ""VariableID:2:5""}], ""strokes"": [{""type"": ""VARIABLE_ALIAS"", ""id"": ""VariableID:2:6""}]}",null,Structural inventory; findings and text review identify assessed defects
14:592,14:618,14:617,TEXT,01 / SITE READINESS,"[24, 24, 117, 18]",null,"{""fills"": [{""type"": ""VARIABLE_ALIAS"", ""id"": ""VariableID:2:10""}]}",null,Structural inventory; findings and text review identify assessed defects
14:592,14:619,14:617,TEXT,Website Readiness,"[24, 58, 212, 31]",null,"{""fills"": [{""type"": ""VARIABLE_ALIAS"", ""id"": ""VariableID:2:7""}]}",null,Structural inventory; findings and text review identify assessed defects
14:592,14:620,14:617,TEXT,"Analyzes whether owned digital assets are structurally clear, indexable, crawlable, and present clean schema. This is passive and foundational.","[24, 105, 294, 88]",null,"{""fills"": [{""type"": ""VARIABLE_ALIAS"", ""id"": ""VariableID:2:8""}]}",null,Structural inventory; findings and text review identify assessed defects
14:592,14:621,14:616,FRAME,Boundary Card 2,"[0, 233, 342, 217]","[""VERTICAL"", ""FILL"", ""HUG"", ""NO_WRAP"", 24, 24, 24, 24, 16, false, ""AUTO"", {""horizontal"": ""MIN"", ""vertical"": ""MIN""}, null, null]","{""itemSpacing"": {""type"": ""VARIABLE_ALIAS"", ""id"": ""VariableID:2:12""}, ""paddingLeft"": {""type"": ""VARIABLE_ALIAS"", ""id"": ""VariableID:2:13""}, ""paddingTop"": {""type"": ""VARIABLE_ALIAS"", ""id"": ""VariableID:2:13""}, ""paddingRight"": {""type"": ""VARIABLE_ALIAS"", ""id"": ""VariableID:2:13""}, ""paddingBottom"": {""type"": ""VARIABLE_ALIAS"", ""id"": ""VariableID:2:13""}, ""fills"": [{""type"": ""VARIABLE_ALIAS"", ""id"": ""VariableID:2:5""}], ""strokes"": [{""type"": ""VARIABLE_ALIAS"", ""id"": ""VariableID:2:6""}]}",null,Structural inventory; findings and text review identify assessed defects
14:592,14:622,14:621,TEXT,02 / SEARCH DATA,"[24, 24, 108, 18]",null,"{""fills"": [{""type"": ""VARIABLE_ALIAS"", ""id"": ""VariableID:2:10""}]}",null,Structural inventory; findings and text review identify assessed defects
14:592,14:623,14:621,TEXT,Ordinary Search State,"[24, 58, 246, 31]",null,"{""fills"": [{""type"": ""VARIABLE_ALIAS"", ""id"": ""VariableID:2:7""}]}",null,Structural inventory; findings and text review identify assessed defects
14:592,14:624,14:621,TEXT,"Examines standard keyword listings, indexation rates, and conventional organic traffic. Important context, but not equivalent to a generative response.","[24, 105, 294, 88]",null,"{""fills"": [{""type"": ""VARIABLE_ALIAS"", ""id"": ""VariableID:2:8""}]}",null,Structural inventory; findings and text review identify assessed defects
14:592,14:625,14:616,FRAME,Boundary Card 3,"[0, 466, 342, 237]","[""VERTICAL"", ""FILL"", ""HUG"", ""NO_WRAP"", 24, 24, 24, 24, 16, false, ""AUTO"", {""horizontal"": ""MIN"", ""vertical"": ""MIN""}, null, null]","{""itemSpacing"": {""type"": ""VARIABLE_ALIAS"", ""id"": ""VariableID:2:12""}, ""paddingLeft"": {""type"": ""VARIABLE_ALIAS"", ""id"": ""VariableID:2:13""}, ""paddingTop"": {""type"": ""VARIABLE_ALIAS"", ""id"": ""VariableID:2:13""}, ""paddingRight"": {""type"": ""VARIABLE_ALIAS"", ""id"": ""VariableID:2:13""}, ""paddingBottom"": {""type"": ""VARIABLE_ALIAS"", ""id"": ""VariableID:2:13""}, ""fills"": [{""type"": ""VARIABLE_ALIAS"", ""id"": ""VariableID:2:5""}]}",null,Structural inventory; findings and text review identify assessed defects
14:592,14:626,14:625,FRAME,Frame,"[24, 24, 294, 38]","[""VERTICAL"", ""FILL"", ""HUG"", ""NO_WRAP"", 0, 0, 0, 0, 4, false, ""AUTO"", {""horizontal"": ""MIN"", ""vertical"": ""MIN""}, null, null]",null,null,Structural inventory; findings and text review identify assessed defects
14:592,14:627,14:626,TEXT,03 / EMPIRICAL OBSERVATION,"[59.5, 0, 175, 18]",null,null,null,Structural inventory; findings and text review identify assessed defects
14:592,14:628,14:626,FRAME,Frame,"[78.5, 22, 137, 16]","[""HORIZONTAL"", ""HUG"", ""HUG"", ""NO_WRAP"", 2, 6, 2, 6, 0, false, ""AUTO"", {""horizontal"": ""MIN"", ""vertical"": ""MIN""}, null, null]",null,null,Structural inventory; findings and text review identify assessed defects
14:592,14:629,14:628,TEXT,PLANNED / NOT YET LIVE,"[6, 2, 125, 12]",null,null,null,Structural inventory; findings and text review identify assessed defects
14:592,14:630,14:625,TEXT,Observed AI Answers,"[24, 78, 233, 31]",null,"{""fills"": [{""type"": ""VARIABLE_ALIAS"", ""id"": ""VariableID:2:7""}]}",null,Structural inventory; findings and text review identify assessed defects
14:592,14:631,14:625,TEXT,"Proposed retained output for a defined, versioned question in a qualified context. Collection is PLANNED / NOT YET LIVE. Do not imply collection already occurred.","[24, 125, 294, 88]",null,"{""fills"": [{""type"": ""VARIABLE_ALIAS"", ""id"": ""VariableID:2:8""}]}",null,Structural inventory; findings and text review identify assessed defects
14:592,14:632,14:592,FRAME,Evaluation Criteria,"[0, 1445, 390, 1212]","[""VERTICAL"", ""FILL"", ""HUG"", ""NO_WRAP"", 48, 24, 48, 24, 32, false, ""AUTO"", {""horizontal"": ""MIN"", ""vertical"": ""MIN""}, null, null]","{""itemSpacing"": {""type"": ""VARIABLE_ALIAS"", ""id"": ""VariableID:2:14""}, ""paddingLeft"": {""type"": ""VARIABLE_ALIAS"", ""id"": ""VariableID:2:13""}, ""paddingTop"": {""type"": ""VARIABLE_ALIAS"", ""id"": ""VariableID:2:15""}, ""paddingRight"": {""type"": ""VARIABLE_ALIAS"", ""id"": ""VariableID:2:13""}, ""paddingBottom"": {""type"": ""VARIABLE_ALIAS"", ""id"": ""VariableID:2:15""}}",null,Structural inventory; findings and text review identify assessed defects
14:592,14:633,14:632,FRAME,Criteria Header,"[24, 48, 342, 147]","[""VERTICAL"", ""FILL"", ""HUG"", ""NO_WRAP"", 0, 0, 0, 0, 16, false, ""AUTO"", {""horizontal"": ""MIN"", ""vertical"": ""MIN""}, null, null]",null,null,Structural inventory; findings and text review identify assessed defects
14:592,14:634,14:633,TEXT,OBSERVATIONAL OBJECTIVITY,"[0, 0, 177, 18]",null,"{""fills"": [{""type"": ""VARIABLE_ALIAS"", ""id"": ""VariableID:2:10""}]}",null,Structural inventory; findings and text review identify assessed defects
14:592,14:635,14:633,TEXT,How sources are evaluated,"[0, 34, 298, 31]",null,"{""fills"": [{""type"": ""VARIABLE_ALIAS"", ""id"": ""VariableID:2:7""}]}",null,Structural inventory; findings and text review identify assessed defects
14:592,14:636,14:633,TEXT,Our proposed methodology uses strict criteria rather than proprietary formulas or synthetic optimization scores to review digital assets.,"[0, 81, 342, 66]",null,"{""fills"": [{""type"": ""VARIABLE_ALIAS"", ""id"": ""VariableID:2:8""}]}",null,Structural inventory; findings and text review identify assessed defects
14:592,14:637,14:632,FRAME,Criteria Stack,"[24, 227, 342, 937]","[""VERTICAL"", ""FILL"", ""HUG"", ""NO_WRAP"", 0, 0, 0, 0, 16, false, ""AUTO"", {""horizontal"": ""MIN"", ""vertical"": ""MIN""}, null, null]",null,null,Structural inventory; findings and text review identify assessed defects
14:592,14:638,14:637,INSTANCE,Card / Audit area,"[0, 0, 342, 292]","[""VERTICAL"", ""FILL"", ""HUG"", ""NO_WRAP"", 32, 32, 32, 32, 16, false, ""AUTO"", {""horizontal"": ""MIN"", ""vertical"": ""MIN""}, null, null]","{""itemSpacing"": {""type"": ""VARIABLE_ALIAS"", ""id"": ""VariableID:2:12""}, ""paddingLeft"": {""type"": ""VARIABLE_ALIAS"", ""id"": ""VariableID:2:14""}, ""paddingTop"": {""type"": ""VARIABLE_ALIAS"", ""id"": ""VariableID:2:14""}, ""paddingRight"": {""type"": ""VARIABLE_ALIAS"", ""id"": ""VariableID:2:14""}, ""paddingBottom"": {""type"": ""VARIABLE_ALIAS"", ""id"": ""VariableID:2:14""}, ""fills"": [{""type"": ""VARIABLE_ALIAS"", ""id"": ""VariableID:2:4""}], ""strokes"": [{""type"": ""VARIABLE_ALIAS"", ""id"": ""VariableID:2:6""}]}",null,Structural inventory; findings and text review identify assessed defects
14:592,I14:638;3:10,14:638,TEXT,Index,"[33, 33, 276, 18]",null,"{""fills"": [{""type"": ""VARIABLE_ALIAS"", ""id"": ""VariableID:2:10""}]}",null,Structural inventory; findings and text review identify assessed defects
14:592,I14:638;3:11,14:638,TEXT,Title,"[33, 67, 276, 31]",null,"{""fills"": [{""type"": ""VARIABLE_ALIAS"", ""id"": ""VariableID:2:7""}]}",null,Structural inventory; findings and text review identify assessed defects
14:592,I14:638;3:12,14:638,TEXT,Body,"[33, 114, 276, 145]",null,"{""fills"": [{""type"": ""VARIABLE_ALIAS"", ""id"": ""VariableID:2:8""}]}",null,Structural inventory; findings and text review identify assessed defects
14:592,14:642,14:637,INSTANCE,Card / Audit area,"[0, 308, 342, 292]","[""VERTICAL"", ""FILL"", ""HUG"", ""NO_WRAP"", 32, 32, 32, 32, 16, false, ""AUTO"", {""horizontal"": ""MIN"", ""vertical"": ""MIN""}, null, null]","{""itemSpacing"": {""type"": ""VARIABLE_ALIAS"", ""id"": ""VariableID:2:12""}, ""paddingLeft"": {""type"": ""VARIABLE_ALIAS"", ""id"": ""VariableID:2:14""}, ""paddingTop"": {""type"": ""VARIABLE_ALIAS"", ""id"": ""VariableID:2:14""}, ""paddingRight"": {""type"": ""VARIABLE_ALIAS"", ""id"": ""VariableID:2:14""}, ""paddingBottom"": {""type"": ""VARIABLE_ALIAS"", ""id"": ""VariableID:2:14""}, ""fills"": [{""type"": ""VARIABLE_ALIAS"", ""id"": ""VariableID:2:4""}], ""strokes"": [{""type"": ""VARIABLE_ALIAS"", ""id"": ""VariableID:2:6""}]}",null,Structural inventory; findings and text review identify assessed defects
14:592,I14:642;3:10,14:642,TEXT,Index,"[33, 33, 276, 18]",null,"{""fills"": [{""type"": ""VARIABLE_ALIAS"", ""id"": ""VariableID:2:10""}]}",null,Structural inventory; findings and text review identify assessed defects
14:592,I14:642;3:11,14:642,TEXT,Title,"[33, 67, 276, 31]",null,"{""fills"": [{""type"": ""VARIABLE_ALIAS"", ""id"": ""VariableID:2:7""}]}",null,Structural inventory; findings and text review identify assessed defects
14:592,I14:642;3:12,14:642,TEXT,Body,"[33, 114, 276, 145]",null,"{""fills"": [{""type"": ""VARIABLE_ALIAS"", ""id"": ""VariableID:2:8""}]}",null,Structural inventory; findings and text review identify assessed defects
14:592,14:646,14:637,INSTANCE,Card / Audit area,"[0, 616, 342, 321]","[""VERTICAL"", ""FILL"", ""HUG"", ""NO_WRAP"", 32, 32, 32, 32, 16, false, ""AUTO"", {""horizontal"": ""MIN"", ""vertical"": ""MIN""}, null, null]","{""itemSpacing"": {""type"": ""VARIABLE_ALIAS"", ""id"": ""VariableID:2:12""}, ""paddingLeft"": {""type"": ""VARIABLE_ALIAS"", ""id"": ""VariableID:2:14""}, ""paddingTop"": {""type"": ""VARIABLE_ALIAS"", ""id"": ""VariableID:2:14""}, ""paddingRight"": {""type"": ""VARIABLE_ALIAS"", ""id"": ""VariableID:2:14""}, ""paddingBottom"": {""type"": ""VARIABLE_ALIAS"", ""id"": ""VariableID:2:14""}, ""fills"": [{""type"": ""VARIABLE_ALIAS"", ""id"": ""VariableID:2:4""}], ""strokes"": [{""type"": ""VARIABLE_ALIAS"", ""id"": ""VariableID:2:6""}]}",null,Structural inventory; findings and text review identify assessed defects
14:592,I14:646;3:10,14:646,TEXT,Index,"[33, 33, 276, 18]",null,"{""fills"": [{""type"": ""VARIABLE_ALIAS"", ""id"": ""VariableID:2:10""}]}",null,Structural inventory; findings and text review identify assessed defects
14:592,I14:646;3:11,14:646,TEXT,Title,"[33, 67, 276, 31]",null,"{""fills"": [{""type"": ""VARIABLE_ALIAS"", ""id"": ""VariableID:2:7""}]}",null,Structural inventory; findings and text review identify assessed defects
14:592,I14:646;3:12,14:646,TEXT,Body,"[33, 114, 276, 174]",null,"{""fills"": [{""type"": ""VARIABLE_ALIAS"", ""id"": ""VariableID:2:8""}]}",null,Structural inventory; findings and text review identify assessed defects
14:592,14:650,14:592,FRAME,Reference Library,"[0, 2657, 390, 2094]","[""VERTICAL"", ""FILL"", ""HUG"", ""NO_WRAP"", 48, 24, 48, 24, 32, false, ""AUTO"", {""horizontal"": ""MIN"", ""vertical"": ""MIN""}, null, null]","{""itemSpacing"": {""type"": ""VARIABLE_ALIAS"", ""id"": ""VariableID:2:14""}, ""paddingLeft"": {""type"": ""VARIABLE_ALIAS"", ""id"": ""VariableID:2:13""}, ""paddingTop"": {""type"": ""VARIABLE_ALIAS"", ""id"": ""VariableID:2:15""}, ""paddingRight"": {""type"": ""VARIABLE_ALIAS"", ""id"": ""VariableID:2:13""}, ""paddingBottom"": {""type"": ""VARIABLE_ALIAS"", ""id"": ""VariableID:2:15""}, ""fills"": [{""type"": ""VARIABLE_ALIAS"", ""id"": ""VariableID:2:4""}], ""strokes"": [{""type"": ""VARIABLE_ALIAS"", ""id"": ""VariableID:2:6""}]}",null,Structural inventory; findings and text review identify assessed defects
14:592,14:651,14:650,FRAME,Library Header,"[24, 48, 342, 169]","[""VERTICAL"", ""FILL"", ""HUG"", ""NO_WRAP"", 0, 0, 0, 0, 16, false, ""AUTO"", {""horizontal"": ""MIN"", ""vertical"": ""MIN""}, null, null]",null,null,Structural inventory; findings and text review identify assessed defects
14:592,14:652,14:651,TEXT,PROPOSED METADATA ARCHIVE,"[0, 0, 185, 18]",null,"{""fills"": [{""type"": ""VARIABLE_ALIAS"", ""id"": ""VariableID:2:10""}]}",null,Structural inventory; findings and text review identify assessed defects
14:592,14:653,14:651,TEXT,Proposed Source Library,"[0, 34, 272, 31]",null,"{""fills"": [{""type"": ""VARIABLE_ALIAS"", ""id"": ""VariableID:2:7""}]}",null,Structural inventory; findings and text review identify assessed defects
14:592,14:654,14:651,TEXT,A structured framework for organizing public documentation and testing categories. No proprietary claims or verified outcomes are asserted.,"[0, 81, 342, 88]",null,"{""fills"": [{""type"": ""VARIABLE_ALIAS"", ""id"": ""VariableID:2:8""}]}",null,Structural inventory; findings and text review identify assessed defects
14:592,14:655,14:650,FRAME,Library Stack,"[24, 249, 342, 1797]","[""VERTICAL"", ""FILL"", ""HUG"", ""NO_WRAP"", 0, 0, 0, 0, 16, false, ""AUTO"", {""horizontal"": ""MIN"", ""vertical"": ""MIN""}, null, null]",null,null,Structural inventory; findings and text review identify assessed defects
14:592,14:656,14:655,FRAME,Frame,"[0, 0, 342, 231]","[""VERTICAL"", ""FILL"", ""HUG"", ""NO_WRAP"", 24, 24, 24, 24, 12, false, ""AUTO"", {""horizontal"": ""MIN"", ""vertical"": ""MIN""}, null, null]","{""paddingLeft"": {""type"": ""VARIABLE_ALIAS"", ""id"": ""VariableID:2:13""}, ""paddingTop"": {""type"": ""VARIABLE_ALIAS"", ""id"": ""VariableID:2:13""}, ""paddingRight"": {""type"": ""VARIABLE_ALIAS"", ""id"": ""VariableID:2:13""}, ""paddingBottom"": {""type"": ""VARIABLE_ALIAS"", ""id"": ""VariableID:2:13""}, ""fills"": [{""type"": ""VARIABLE_ALIAS"", ""id"": ""VariableID:2:5""}], ""strokes"": [{""type"": ""VARIABLE_ALIAS"", ""id"": ""VariableID:2:6""}]}",null,Structural inventory; findings and text review identify assessed defects
14:592,14:657,14:656,TEXT,DOCUMENTATION / FIRST PARTY,"[24, 24, 187, 18]",null,"{""fills"": [{""type"": ""VARIABLE_ALIAS"", ""id"": ""VariableID:2:10""}]}",null,Structural inventory; findings and text review identify assessed defects
14:592,14:658,14:656,TEXT,Official Platform Guidance,"[24, 54, 292, 31]",null,"{""fills"": [{""type"": ""VARIABLE_ALIAS"", ""id"": ""VariableID:2:7""}]}",null,Structural inventory; findings and text review identify assessed defects
14:592,14:659,14:656,TEXT,Reference logs mapping public developer updates from major system operators. Evaluated solely within the context and timing of its original publication. Do not invent entries or dates.,"[24, 97, 294, 110]",null,"{""fills"": [{""type"": ""VARIABLE_ALIAS"", ""id"": ""VariableID:2:8""}]}",null,Structural inventory; findings and text review identify assessed defects
14:592,14:660,14:655,FRAME,Frame,"[0, 247, 342, 231]","[""VERTICAL"", ""FILL"", ""HUG"", ""NO_WRAP"", 24, 24, 24, 24, 12, false, ""AUTO"", {""horizontal"": ""MIN"", ""vertical"": ""MIN""}, null, null]","{""paddingLeft"": {""type"": ""VARIABLE_ALIAS"", ""id"": ""VariableID:2:13""}, ""paddingTop"": {""type"": ""VARIABLE_ALIAS"", ""id"": ""VariableID:2:13""}, ""paddingRight"": {""type"": ""VARIABLE_ALIAS"", ""id"": ""VariableID:2:13""}, ""paddingBottom"": {""type"": ""VARIABLE_ALIAS"", ""id"": ""VariableID:2:13""}, ""fills"": [{""type"": ""VARIABLE_ALIAS"", ""id"": ""VariableID:2:5""}], ""strokes"": [{""type"": ""VARIABLE_ALIAS"", ""id"": ""VariableID:2:6""}]}",null,Structural inventory; findings and text review identify assessed defects
14:592,14:661,14:660,TEXT,EXTERNAL ANALYSIS,"[24, 24, 121, 18]",null,"{""fills"": [{""type"": ""VARIABLE_ALIAS"", ""id"": ""VariableID:2:10""}]}",null,Structural inventory; findings and text review identify assessed defects
14:592,14:662,14:660,TEXT,Original Research,"[24, 54, 198, 31]",null,"{""fills"": [{""type"": ""VARIABLE_ALIAS"", ""id"": ""VariableID:2:7""}]}",null,Structural inventory; findings and text review identify assessed defects
14:592,14:663,14:660,TEXT,"Externally published methods or findings that would be reviewed for scope and limitations. Explicitly state that no study title, finding, client case, or publication date is asserted here.","[24, 97, 294, 110]",null,"{""fills"": [{""type"": ""VARIABLE_ALIAS"", ""id"": ""VariableID:2:8""}]}",null,Structural inventory; findings and text review identify assessed defects
14:592,14:664,14:655,FRAME,Frame,"[0, 494, 342, 209]","[""VERTICAL"", ""FILL"", ""HUG"", ""NO_WRAP"", 24, 24, 24, 24, 12, false, ""AUTO"", {""horizontal"": ""MIN"", ""vertical"": ""MIN""}, null, null]","{""paddingLeft"": {""type"": ""VARIABLE_ALIAS"", ""id"": ""VariableID:2:13""}, ""paddingTop"": {""type"": ""VARIABLE_ALIAS"", ""id"": ""VariableID:2:13""}, ""paddingRight"": {""type"": ""VARIABLE_ALIAS"", ""id"": ""VariableID:2:13""}, ""paddingBottom"": {""type"": ""VARIABLE_ALIAS"", ""id"": ""VariableID:2:13""}, ""fills"": [{""type"": ""VARIABLE_ALIAS"", ""id"": ""VariableID:2:5""}], ""strokes"": [{""type"": ""VARIABLE_ALIAS"", ""id"": ""VariableID:2:6""}]}",null,Structural inventory; findings and text review identify assessed defects
14:592,14:665,14:664,TEXT,EDUCATION,"[24, 24, 69, 18]",null,"{""fills"": [{""type"": ""VARIABLE_ALIAS"", ""id"": ""VariableID:2:10""}]}",null,Structural inventory; findings and text review identify assessed defects
14:592,14:666,14:664,TEXT,Illustrative Examples,"[24, 54, 232, 31]",null,"{""fills"": [{""type"": ""VARIABLE_ALIAS"", ""id"": ""VariableID:2:7""}]}",null,Structural inventory; findings and text review identify assessed defects
14:592,14:667,14:664,TEXT,"Fictional, illustrative teaching profiles and mock structural diagnostics. Explicitly separated from empirical client work and never treated as measured evidence.","[24, 97, 294, 88]",null,"{""fills"": [{""type"": ""VARIABLE_ALIAS"", ""id"": ""VariableID:2:8""}]}",null,Structural inventory; findings and text review identify assessed defects
14:592,14:668,14:655,FRAME,Frame,"[0, 719, 342, 209]","[""VERTICAL"", ""FILL"", ""HUG"", ""NO_WRAP"", 24, 24, 24, 24, 12, false, ""AUTO"", {""horizontal"": ""MIN"", ""vertical"": ""MIN""}, null, null]","{""paddingLeft"": {""type"": ""VARIABLE_ALIAS"", ""id"": ""VariableID:2:13""}, ""paddingTop"": {""type"": ""VARIABLE_ALIAS"", ""id"": ""VariableID:2:13""}, ""paddingRight"": {""type"": ""VARIABLE_ALIAS"", ""id"": ""VariableID:2:13""}, ""paddingBottom"": {""type"": ""VARIABLE_ALIAS"", ""id"": ""VariableID:2:13""}, ""fills"": [{""type"": ""VARIABLE_ALIAS"", ""id"": ""VariableID:2:5""}]}",null,Structural inventory; findings and text review identify assessed defects
14:592,14:669,14:668,FRAME,Frame,"[24, 24, 294, 18]","[""HORIZONTAL"", ""FILL"", ""HUG"", ""NO_WRAP"", 0, 0, 0, 0, 8, false, ""AUTO"", {""horizontal"": ""MIN"", ""vertical"": ""MIN""}, null, null]",null,null,Structural inventory; findings and text review identify assessed defects
14:592,14:670,14:669,TEXT,PLANNED RESEARCH,"[0, 0, 122, 18]",null,null,null,Structural inventory; findings and text review identify assessed defects
14:592,14:671,14:669,ELLIPSE,Ellipse,"[130, 6, 6, 6]",null,null,null,Structural inventory; findings and text review identify assessed defects
14:592,14:672,14:668,TEXT,Under Investigation,"[24, 54, 221, 31]",null,"{""fills"": [{""type"": ""VARIABLE_ALIAS"", ""id"": ""VariableID:2:7""}]}",null,Structural inventory; findings and text review identify assessed defects
14:592,14:673,14:668,TEXT,"Active observation topics and emerging generative behavior parameters awaiting formal classification. Unfinished, non-operational, and conspicuously labeled.","[24, 97, 294, 88]",null,"{""fills"": [{""type"": ""VARIABLE_ALIAS"", ""id"": ""VariableID:2:8""}]}",null,Structural inventory; findings and text review identify assessed defects
14:592,14:980,14:655,FRAME,Verified Source Entries,"[0, 944, 342, 853]","[""VERTICAL"", ""FILL"", ""HUG"", ""NO_WRAP"", 0, 0, 0, 0, 16, false, ""AUTO"", {""horizontal"": ""MIN"", ""vertical"": ""MIN""}, null, null]",null,null,Structural inventory; findings and text review identify assessed defects
14:592,14:981,14:980,TEXT,VERIFIED SOURCE ENTRIES,"[0, 0, 155, 18]",null,"{""fills"": [{""type"": ""VARIABLE_ALIAS"", ""id"": ""VariableID:2:10""}]}",null,Structural inventory; findings and text review identify assessed defects
14:592,14:982,14:980,FRAME,Source Entry Card 1,"[0, 34, 342, 461]","[""VERTICAL"", ""FILL"", ""HUG"", ""NO_WRAP"", 24, 24, 24, 24, 12, false, ""AUTO"", {""horizontal"": ""MIN"", ""vertical"": ""MIN""}, null, null]","{""paddingLeft"": {""type"": ""VARIABLE_ALIAS"", ""id"": ""VariableID:2:13""}, ""paddingTop"": {""type"": ""VARIABLE_ALIAS"", ""id"": ""VariableID:2:13""}, ""paddingRight"": {""type"": ""VARIABLE_ALIAS"", ""id"": ""VariableID:2:13""}, ""paddingBottom"": {""type"": ""VARIABLE_ALIAS"", ""id"": ""VariableID:2:13""}, ""fills"": [{""type"": ""VARIABLE_ALIAS"", ""id"": ""VariableID:2:5""}], ""strokes"": [{""type"": ""VARIABLE_ALIAS"", ""id"": ""VariableID:2:6""}]}",null,Structural inventory; findings and text review identify assessed defects
14:592,14:983,14:982,TEXT,OFFICIAL GOOGLE SEARCH GUIDANCE,"[24, 24, 223, 18]",null,"{""fills"": [{""type"": ""VARIABLE_ALIAS"", ""id"": ""VariableID:2:10""}]}",null,Structural inventory; findings and text review identify assessed defects
14:592,14:984,14:982,TEXT,Optimizing your website for generative AI features on Google Search,"[24, 54, 294, 93]",null,"{""fills"": [{""type"": ""VARIABLE_ALIAS"", ""id"": ""VariableID:2:7""}]}",null,Structural inventory; findings and text review identify assessed defects
14:592,14:985,14:982,TEXT,Publisher: Google Search Central,"[24, 159, 294, 22]",null,"{""fills"": [{""type"": ""VARIABLE_ALIAS"", ""id"": ""VariableID:2:8""}]}",null,Structural inventory; findings and text review identify assessed defects
14:592,14:986,14:982,TEXT,URL: https://developers.google.com/search/docs/fundamentals/ai-optimization-guide,"[24, 193, 294, 44]",null,"{""fills"": [{""type"": ""VARIABLE_ALIAS"", ""id"": ""VariableID:2:8""}]}",null,Structural inventory; findings and text review identify assessed defects
14:592,14:987,14:982,TEXT,Checked: 2026-09-23,"[24, 249, 294, 22]",null,"{""fills"": [{""type"": ""VARIABLE_ALIAS"", ""id"": ""VariableID:2:8""}]}",null,Structural inventory; findings and text review identify assessed defects
14:592,14:988,14:982,TEXT,Scoped to Google's AI Overviews and AI Mode. Supports helpful original content and clear technical structure. Google's guidance says no special AI markup or llms.txt is needed for its Search AI features. Do not apply this as a universal rule for consumer ChatGPT or other AI systems.,"[24, 283, 294, 154]",null,"{""fills"": [{""type"": ""VARIABLE_ALIAS"", ""id"": ""VariableID:2:8""}]}",null,Structural inventory; findings and text review identify assessed defects
14:592,14:989,14:980,FRAME,Source Entry Card 2,"[0, 511, 342, 342]","[""VERTICAL"", ""FILL"", ""HUG"", ""NO_WRAP"", 24, 24, 24, 24, 12, false, ""AUTO"", {""horizontal"": ""MIN"", ""vertical"": ""MIN""}, null, null]","{""paddingLeft"": {""type"": ""VARIABLE_ALIAS"", ""id"": ""VariableID:2:13""}, ""paddingTop"": {""type"": ""VARIABLE_ALIAS"", ""id"": ""VariableID:2:13""}, ""paddingRight"": {""type"": ""VARIABLE_ALIAS"", ""id"": ""VariableID:2:13""}, ""paddingBottom"": {""type"": ""VARIABLE_ALIAS"", ""id"": ""VariableID:2:13""}, ""fills"": [{""type"": ""VARIABLE_ALIAS"", ""id"": ""VariableID:2:5""}], ""strokes"": [{""type"": ""VARIABLE_ALIAS"", ""id"": ""VariableID:2:6""}]}",null,Structural inventory; findings and text review identify assessed defects
14:592,14:990,14:989,TEXT,ACCESSIBILITY STANDARD,"[24, 24, 153, 18]",null,"{""fills"": [{""type"": ""VARIABLE_ALIAS"", ""id"": ""VariableID:2:10""}]}",null,Structural inventory; findings and text review identify assessed defects
14:592,14:991,14:989,TEXT,Web Content Accessibility Guidelines (WCAG) 2.2,"[24, 54, 294, 62]",null,"{""fills"": [{""type"": ""VARIABLE_ALIAS"", ""id"": ""VariableID:2:7""}]}",null,Structural inventory; findings and text review identify assessed defects
14:592,14:992,14:989,TEXT,Publisher: W3C,"[24, 128, 294, 22]",null,"{""fills"": [{""type"": ""VARIABLE_ALIAS"", ""id"": ""VariableID:2:8""}]}",null,Structural inventory; findings and text review identify assessed defects
14:592,14:993,14:989,TEXT,URL: https://www.w3.org/TR/WCAG22/,"[24, 162, 294, 22]",null,"{""fills"": [{""type"": ""VARIABLE_ALIAS"", ""id"": ""VariableID:2:8""}]}",null,Structural inventory; findings and text review identify assessed defects
14:592,14:994,14:989,TEXT,Checked: 2026-09-23,"[24, 196, 294, 22]",null,"{""fills"": [{""type"": ""VARIABLE_ALIAS"", ""id"": ""VariableID:2:8""}]}",null,Structural inventory; findings and text review identify assessed defects
14:592,14:995,14:989,TEXT,The project target is applicable Level AA. These Figma concepts do not establish or prove WCAG conformance; implementation and formal testing are still required.,"[24, 230, 294, 88]",null,"{""fills"": [{""type"": ""VARIABLE_ALIAS"", ""id"": ""VariableID:2:8""}]}",null,Structural inventory; findings and text review identify assessed defects
14:592,14:674,14:592,FRAME,Closing Action Area,"[0, 4751, 390, 480]","[""VERTICAL"", ""FILL"", ""HUG"", ""NO_WRAP"", 48, 24, 48, 24, 24, false, ""AUTO"", {""horizontal"": ""MIN"", ""vertical"": ""MIN""}, null, null]","{""paddingLeft"": {""type"": ""VARIABLE_ALIAS"", ""id"": ""VariableID:2:13""}, ""paddingTop"": {""type"": ""VARIABLE_ALIAS"", ""id"": ""VariableID:2:15""}, ""paddingRight"": {""type"": ""VARIABLE_ALIAS"", ""id"": ""VariableID:2:13""}, ""paddingBottom"": {""type"": ""VARIABLE_ALIAS"", ""id"": ""VariableID:2:15""}}",null,Structural inventory; findings and text review identify assessed defects
14:592,14:675,14:674,TEXT,Continue exploring the proposed framework,"[24, 48, 342, 62]",null,"{""fills"": [{""type"": ""VARIABLE_ALIAS"", ""id"": ""VariableID:2:7""}]}",null,Structural inventory; findings and text review identify assessed defects
14:592,14:676,14:674,FRAME,Related Navigation,"[24, 134, 342, 186]","[""VERTICAL"", ""FILL"", ""HUG"", ""NO_WRAP"", 0, 0, 0, 0, 16, false, ""AUTO"", {""horizontal"": ""MIN"", ""vertical"": ""MIN""}, null, null]",null,null,Structural inventory; findings and text review identify assessed defects
14:592,14:677,14:676,INSTANCE,Button / Primary,"[0, 0, 342, 54]","[""VERTICAL"", ""FILL"", ""HUG"", ""NO_WRAP"", 16, 16, 16, 16, 16, false, ""AUTO"", {""horizontal"": ""MIN"", ""vertical"": ""MIN""}, null, null]","{""itemSpacing"": {""type"": ""VARIABLE_ALIAS"", ""id"": ""VariableID:2:12""}, ""paddingLeft"": {""type"": ""VARIABLE_ALIAS"", ""id"": ""VariableID:2:12""}, ""paddingTop"": {""type"": ""VARIABLE_ALIAS"", ""id"": ""VariableID:2:12""}, ""paddingRight"": {""type"": ""VARIABLE_ALIAS"", ""id"": ""VariableID:2:12""}, ""paddingBottom"": {""type"": ""VARIABLE_ALIAS"", ""id"": ""VariableID:2:12""}, ""fills"": [{""type"": ""VARIABLE_ALIAS"", ""id"": ""VariableID:2:9""}]}","[{""action"": {""type"": ""NODE"", ""destinationId"": ""14:266"", ""navigation"": ""NAVIGATE"", ""transition"": null, ""resetVideoPosition"": false}, ""actions"": [{""type"": ""NODE"", ""destinationId"": ""14:266"", ""navigation"": ""NAVIGATE"", ""transition"": null, ""resetVideoPosition"": false}], ""trigger"": {""type"": ""ON_CLICK""}}]",Structural inventory; findings and text review identify assessed defects
14:592,I14:677;3:8,14:677,TEXT,Label,"[16, 16, 310, 22]",null,"{""fills"": [{""type"": ""VARIABLE_ALIAS"", ""id"": ""VariableID:2:3""}]}",null,Structural inventory; findings and text review identify assessed defects
14:592,14:679,14:676,FRAME,Path Learn,"[0, 70, 342, 50]","[""VERTICAL"", ""FILL"", ""HUG"", ""NO_WRAP"", 16, 16, 16, 16, 0, false, ""AUTO"", {""horizontal"": ""MIN"", ""vertical"": ""MIN""}, null, null]","{""paddingLeft"": {""type"": ""VARIABLE_ALIAS"", ""id"": ""VariableID:2:12""}, ""paddingTop"": {""type"": ""VARIABLE_ALIAS"", ""id"": ""VariableID:2:12""}, ""paddingRight"": {""type"": ""VARIABLE_ALIAS"", ""id"": ""VariableID:2:12""}, ""paddingBottom"": {""type"": ""VARIABLE_ALIAS"", ""id"": ""VariableID:2:12""}, ""strokes"": [{""type"": ""VARIABLE_ALIAS"", ""id"": ""VariableID:2:6""}]}",null,Structural inventory; findings and text review identify assessed defects
14:592,14:680,14:679,TEXT,Learn what GEO means,"[102.5, 16, 137, 18]",null,"{""fills"": [{""type"": ""VARIABLE_ALIAS"", ""id"": ""VariableID:2:10""}]}","[{""action"": {""type"": ""NODE"", ""destinationId"": ""14:403"", ""navigation"": ""NAVIGATE"", ""transition"": null, ""resetVideoPosition"": false}, ""actions"": [{""type"": ""NODE"", ""destinationId"": ""14:403"", ""navigation"": ""NAVIGATE"", ""transition"": null, ""resetVideoPosition"": false}], ""trigger"": {""type"": ""ON_CLICK""}}]",Structural inventory; findings and text review identify assessed defects
14:592,14:681,14:676,FRAME,Path Report,"[0, 136, 342, 50]","[""VERTICAL"", ""FILL"", ""HUG"", ""NO_WRAP"", 16, 16, 16, 16, 0, false, ""AUTO"", {""horizontal"": ""MIN"", ""vertical"": ""MIN""}, null, null]","{""paddingLeft"": {""type"": ""VARIABLE_ALIAS"", ""id"": ""VariableID:2:12""}, ""paddingTop"": {""type"": ""VARIABLE_ALIAS"", ""id"": ""VariableID:2:12""}, ""paddingRight"": {""type"": ""VARIABLE_ALIAS"", ""id"": ""VariableID:2:12""}, ""paddingBottom"": {""type"": ""VARIABLE_ALIAS"", ""id"": ""VariableID:2:12""}, ""strokes"": [{""type"": ""VARIABLE_ALIAS"", ""id"": ""VariableID:2:6""}]}","[{""action"": {""type"": ""NODE"", ""destinationId"": ""14:489"", ""navigation"": ""NAVIGATE"", ""transition"": null, ""resetVideoPosition"": false}, ""actions"": [{""type"": ""NODE"", ""destinationId"": ""14:489"", ""navigation"": ""NAVIGATE"", ""transition"": null, ""resetVideoPosition"": false}], ""trigger"": {""type"": ""ON_CLICK""}}]",Structural inventory; findings and text review identify assessed defects
14:592,14:682,14:681,TEXT,View illustrative report,"[103, 16, 136, 18]",null,"{""fills"": [{""type"": ""VARIABLE_ALIAS"", ""id"": ""VariableID:2:10""}]}",null,Structural inventory; findings and text review identify assessed defects
14:592,14:683,14:674,TEXT,Concept Note,"[24, 344, 342, 88]",null,"{""fills"": [{""type"": ""VARIABLE_ALIAS"", ""id"": ""VariableID:2:8""}]}",null,Structural inventory; findings and text review identify assessed defects
14:592,14:684,14:592,INSTANCE,Footer / Mobile,"[0, 5231, 390, 557]","[""VERTICAL"", ""FILL"", ""HUG"", ""NO_WRAP"", 48, 24, 48, 24, 32, false, ""AUTO"", {""horizontal"": ""MIN"", ""vertical"": ""MIN""}, null, null]","{""paddingLeft"": {""type"": ""VARIABLE_ALIAS"", ""id"": ""VariableID:2:13""}, ""paddingTop"": {""type"": ""VARIABLE_ALIAS"", ""id"": ""VariableID:2:15""}, ""paddingRight"": {""type"": ""VARIABLE_ALIAS"", ""id"": ""VariableID:2:13""}, ""paddingBottom"": {""type"": ""VARIABLE_ALIAS"", ""id"": ""VariableID:2:15""}, ""strokes"": [{""type"": ""VARIABLE_ALIAS"", ""id"": ""VariableID:2:6""}]}",null,Structural inventory; findings and text review identify assessed defects
14:592,I14:684;13:451,14:684,FRAME,Frame,"[24, 48, 342, 86]","[""VERTICAL"", ""FILL"", ""HUG"", ""NO_WRAP"", 0, 0, 0, 0, 12, false, ""AUTO"", {""horizontal"": ""MIN"", ""vertical"": ""MIN""}, null, null]",null,null,Structural inventory; findings and text review identify assessed defects
14:592,I14:684;13:452,I14:684;13:451,TEXT,MindLeverX.,"[0, 0, 135, 30]",null,"{""fills"": [{""type"": ""VARIABLE_ALIAS"", ""id"": ""VariableID:2:7""}]}",null,Structural inventory; findings and text review identify assessed defects
14:592,I14:684;13:453,I14:684;13:451,TEXT,A proposed evidence-led Generative Engine Optimization review concept.,"[0, 42, 342, 44]",null,"{""fills"": [{""type"": ""VARIABLE_ALIAS"", ""id"": ""VariableID:2:8""}]}",null,Structural inventory; findings and text review identify assessed defects
14:592,I14:684;13:454,14:684,FRAME,Frame,"[24, 166, 342, 212]","[""VERTICAL"", ""FILL"", ""HUG"", ""NO_WRAP"", 0, 0, 0, 0, 16, false, ""AUTO"", {""horizontal"": ""MIN"", ""vertical"": ""MIN""}, null, null]",null,null,Structural inventory; findings and text review identify assessed defects
14:592,I14:684;13:455,I14:684;13:454,TEXT,Home,"[0, 0, 39, 22]",null,"{""fills"": [{""type"": ""VARIABLE_ALIAS"", ""id"": ""VariableID:2:8""}]}","[{""action"": {""type"": ""NODE"", ""destinationId"": ""13:322"", ""navigation"": ""NAVIGATE"", ""transition"": null, ""resetVideoPosition"": false}, ""actions"": [{""type"": ""NODE"", ""destinationId"": ""13:322"", ""navigation"": ""NAVIGATE"", ""transition"": null, ""resetVideoPosition"": false}], ""trigger"": {""type"": ""ON_CLICK""}}]",Structural inventory; findings and text review identify assessed defects
14:592,I14:684;13:456,I14:684;13:454,TEXT,Method,"[0, 38, 51, 22]",null,"{""fills"": [{""type"": ""VARIABLE_ALIAS"", ""id"": ""VariableID:2:8""}]}","[{""action"": {""type"": ""NODE"", ""destinationId"": ""14:266"", ""navigation"": ""NAVIGATE"", ""transition"": null, ""resetVideoPosition"": false}, ""actions"": [{""type"": ""NODE"", ""destinationId"": ""14:266"", ""navigation"": ""NAVIGATE"", ""transition"": null, ""resetVideoPosition"": false}], ""trigger"": {""type"": ""ON_CLICK""}}]",Structural inventory; findings and text review identify assessed defects
14:592,I14:684;13:457,I14:684;13:454,TEXT,What is GEO,"[0, 76, 82, 22]",null,"{""fills"": [{""type"": ""VARIABLE_ALIAS"", ""id"": ""VariableID:2:8""}]}","[{""action"": {""type"": ""NODE"", ""destinationId"": ""14:403"", ""navigation"": ""NAVIGATE"", ""transition"": null, ""resetVideoPosition"": false}, ""actions"": [{""type"": ""NODE"", ""destinationId"": ""14:403"", ""navigation"": ""NAVIGATE"", ""transition"": null, ""resetVideoPosition"": false}], ""trigger"": {""type"": ""ON_CLICK""}}]",Structural inventory; findings and text review identify assessed defects
14:592,I14:684;13:458,I14:684;13:454,TEXT,Example Report,"[0, 114, 103, 22]",null,"{""fills"": [{""type"": ""VARIABLE_ALIAS"", ""id"": ""VariableID:2:8""}]}","[{""action"": {""type"": ""NODE"", ""destinationId"": ""14:489"", ""navigation"": ""NAVIGATE"", ""transition"": null, ""resetVideoPosition"": false}, ""actions"": [{""type"": ""NODE"", ""destinationId"": ""14:489"", ""navigation"": ""NAVIGATE"", ""transition"": null, ""resetVideoPosition"": false}], ""trigger"": {""type"": ""ON_CLICK""}}]",Structural inventory; findings and text review identify assessed defects
14:592,I14:684;13:459,I14:684;13:454,TEXT,About,"[0, 152, 40, 22]",null,"{""fills"": [{""type"": ""VARIABLE_ALIAS"", ""id"": ""VariableID:2:8""}]}","[{""action"": {""type"": ""NODE"", ""destinationId"": ""14:701"", ""navigation"": ""NAVIGATE"", ""transition"": null, ""resetVideoPosition"": false}, ""actions"": [{""type"": ""NODE"", ""destinationId"": ""14:701"", ""navigation"": ""NAVIGATE"", ""transition"": null, ""resetVideoPosition"": false}], ""trigger"": {""type"": ""ON_CLICK""}}]",Structural inventory; findings and text review identify assessed defects
14:592,I14:684;13:460,I14:684;13:454,TEXT,Availability,"[0, 190, 70, 22]",null,"{""fills"": [{""type"": ""VARIABLE_ALIAS"", ""id"": ""VariableID:2:10""}]}","[{""action"": {""type"": ""NODE"", ""destinationId"": ""14:785"", ""navigation"": ""NAVIGATE"", ""transition"": null, ""resetVideoPosition"": false}, ""actions"": [{""type"": ""NODE"", ""destinationId"": ""14:785"", ""navigation"": ""NAVIGATE"", ""transition"": null, ""resetVideoPosition"": false}], ""trigger"": {""type"": ""ON_CLICK""}}]",Structural inventory; findings and text review identify assessed defects
14:592,I14:684;13:461,14:684,RECTANGLE,Rectangle,"[24, 410, 342, 1]",null,"{""fills"": [{""type"": ""VARIABLE_ALIAS"", ""id"": ""VariableID:2:6""}]}",null,Structural inventory; findings and text review identify assessed defects
14:592,I14:684;13:462,14:684,TEXT,"DESIGN CONCEPT · SEP 2026 — Offer, pricing, timing, collection, delivery, and availability remain subject to owner decisions.","[24, 443, 342, 66]",null,"{""fills"": [{""type"": ""VARIABLE_ALIAS"", ""id"": ""VariableID:2:8""}]}",null,Structural inventory; findings and text review identify assessed defects
14:592,14:697,14:592,FRAME,Home Indicator Bar,"[0, 5788, 390, 33]","[""VERTICAL"", ""FILL"", ""HUG"", ""NO_WRAP"", 20, 0, 8, 0, 0, false, ""AUTO"", {""horizontal"": ""MIN"", ""vertical"": ""MIN""}, null, null]",null,null,Structural inventory; findings and text review identify assessed defects
14:592,14:698,14:697,RECTANGLE,Rectangle,"[125, 20, 140, 5]",null,"{""fills"": [{""type"": ""VARIABLE_ALIAS"", ""id"": ""VariableID:2:6""}]}",null,Structural inventory; findings and text review identify assessed defects
14:785,14:785,0:1,FRAME,MindLeverX — Availability / Mobile,"[18288, 876, 390, 3804]","[""VERTICAL"", ""FIXED"", ""HUG"", ""NO_WRAP"", 0, 0, 0, 0, 0, true, ""AUTO"", {""horizontal"": ""MIN"", ""vertical"": ""MIN""}, null, null]","{""fills"": [{""type"": ""VARIABLE_ALIAS"", ""id"": ""VariableID:2:3""}]}",null,Structural inventory; findings and text review identify assessed defects
14:785,14:786,14:785,FRAME,Mobile Status Bar Simulator,"[0, 0, 390, 34]","[""HORIZONTAL"", ""FILL"", ""HUG"", ""NO_WRAP"", 12, 24, 4, 24, 0, false, ""AUTO"", {""horizontal"": ""MIN"", ""vertical"": ""MIN""}, null, null]",null,null,Structural inventory; findings and text review identify assessed defects
14:785,14:787,14:786,TEXT,9:41,"[24, 12, 27, 18]",null,"{""fills"": [{""type"": ""VARIABLE_ALIAS"", ""id"": ""VariableID:2:7""}]}",null,Structural inventory; findings and text review identify assessed defects
14:785,14:788,14:786,FRAME,Frame,"[297, 12, 69, 11]","[""HORIZONTAL"", ""HUG"", ""HUG"", ""NO_WRAP"", 0, 0, 0, 0, 6, false, ""AUTO"", {""horizontal"": ""MIN"", ""vertical"": ""MIN""}, null, null]",null,null,Structural inventory; findings and text review identify assessed defects
14:785,14:789,14:788,FRAME,ios-signal,"[0, 0, 17, 11]","[""NONE"", ""FIXED"", ""FIXED"", ""NO_WRAP"", 0, 0, 0, 0, 0, true, ""AUTO"", {""horizontal"": ""MIN"", ""vertical"": ""MIN""}, null, null]",null,null,Structural inventory; findings and text review identify assessed defects
14:785,14:790,14:789,VECTOR,Vector,"[0, 2.4123001098632812, 16.31999969482422, 6.725399971008301]",null,"{""fills"": [{""type"": ""VARIABLE_ALIAS"", ""id"": ""VariableID:2:7""}]}",null,Structural inventory; findings and text review identify assessed defects
14:785,14:791,14:788,FRAME,ios-wifi-signal,"[23, 0, 15, 11]","[""NONE"", ""FIXED"", ""FIXED"", ""NO_WRAP"", 0, 0, 0, 0, 0, true, ""AUTO"", {""horizontal"": ""MIN"", ""vertical"": ""MIN""}, null, null]",null,null,Structural inventory; findings and text review identify assessed defects
14:785,14:792,14:791,VECTOR,Vector,"[0.75, 1.8348000049591064, 12.856277465820312, 6.780544281005859]",null,"{""fills"": [{""type"": ""VARIABLE_ALIAS"", ""id"": ""VariableID:2:7""}]}",null,Structural inventory; findings and text review identify assessed defects
14:785,14:793,14:788,FRAME,ios-battery-full,"[44, 0, 25, 11]","[""NONE"", ""FIXED"", ""FIXED"", ""NO_WRAP"", 0, 0, 0, 0, 0, true, ""AUTO"", {""horizontal"": ""MIN"", ""vertical"": ""MIN""}, null, null]",null,null,Structural inventory; findings and text review identify assessed defects
14:785,14:794,14:793,VECTOR,Vector,"[0, 2.200000047683716, 24.400089263916016, 7.150000095367432]",null,"{""fills"": [{""type"": ""VARIABLE_ALIAS"", ""id"": ""VariableID:2:7""}]}",null,Structural inventory; findings and text review identify assessed defects
14:785,14:795,14:785,INSTANCE,Header / Mobile,"[0, 34, 390, 62]","[""HORIZONTAL"", ""FIXED"", ""HUG"", ""NO_WRAP"", 16, 24, 16, 24, 0, false, ""AUTO"", {""horizontal"": ""MIN"", ""vertical"": ""MIN""}, null, null]","{""strokes"": [{""type"": ""VARIABLE_ALIAS"", ""id"": ""VariableID:2:6""}]}",null,Structural inventory; findings and text review identify assessed defects
14:785,I14:795;13:330,14:795,FRAME,Brand Identity,"[24, 17, 146, 28]","[""HORIZONTAL"", ""HUG"", ""HUG"", ""NO_WRAP"", 0, 0, 0, 0, 10, false, ""AUTO"", {""horizontal"": ""MIN"", ""vertical"": ""MIN""}, null, null]",null,null,Structural inventory; findings and text review identify assessed defects
14:785,I14:795;13:331,I14:795;13:330,FRAME,Logo Mark,"[0, 0, 28, 28]","[""HORIZONTAL"", ""FIXED"", ""FIXED"", ""NO_WRAP"", 0, 0, 0, 0, 0, false, ""AUTO"", {""horizontal"": ""MIN"", ""vertical"": ""MIN""}, null, null]",null,null,Structural inventory; findings and text review identify assessed defects
14:785,I14:795;13:332,I14:795;13:331,FRAME,cross,"[6, 5, 16, 18]","[""HORIZONTAL"", ""FIXED"", ""FIXED"", ""NO_WRAP"", 0, 0, 0, 0, 0, true, ""AUTO"", {""horizontal"": ""MIN"", ""vertical"": ""MIN""}, null, null]",null,null,Structural inventory; findings and text review identify assessed defects
14:785,I14:795;13:333,I14:795;13:332,VECTOR,Vector,"[2, 3, 12, 12]",null,null,null,Structural inventory; findings and text review identify assessed defects
14:785,I14:795;13:334,I14:795;13:330,TEXT,Wordmark,"[38, 3, 108, 22]",null,"{""fills"": [{""type"": ""VARIABLE_ALIAS"", ""id"": ""VariableID:2:7""}]}",null,Structural inventory; findings and text review identify assessed defects
14:785,I14:795;13:335,14:795,FRAME,Menu Control,"[307, 16, 59, 30]","[""HORIZONTAL"", ""HUG"", ""HUG"", ""NO_WRAP"", 6, 12, 6, 12, 0, false, ""AUTO"", {""horizontal"": ""MIN"", ""vertical"": ""MIN""}, null, null]","{""strokes"": [{""type"": ""VARIABLE_ALIAS"", ""id"": ""VariableID:2:6""}]}","[{""action"": {""type"": ""NODE"", ""destinationId"": ""14:873"", ""navigation"": ""NAVIGATE"", ""transition"": null, ""resetVideoPosition"": false}, ""actions"": [{""type"": ""NODE"", ""destinationId"": ""14:873"", ""navigation"": ""NAVIGATE"", ""transition"": null, ""resetVideoPosition"": false}], ""trigger"": {""type"": ""ON_CLICK""}}]",Structural inventory; findings and text review identify assessed defects
14:785,I14:795;13:336,I14:795;13:335,TEXT,MENU,"[12, 6, 35, 18]",null,"{""fills"": [{""type"": ""VARIABLE_ALIAS"", ""id"": ""VariableID:2:8""}]}",null,Structural inventory; findings and text review identify assessed defects
14:785,14:803,14:785,FRAME,Content Area,"[0, 96, 390, 3118]","[""VERTICAL"", ""FILL"", ""HUG"", ""NO_WRAP"", 32, 24, 48, 24, 48, false, ""AUTO"", {""horizontal"": ""MIN"", ""vertical"": ""MIN""}, null, null]","{""itemSpacing"": {""type"": ""VARIABLE_ALIAS"", ""id"": ""VariableID:2:15""}, ""paddingLeft"": {""type"": ""VARIABLE_ALIAS"", ""id"": ""VariableID:2:13""}, ""paddingTop"": {""type"": ""VARIABLE_ALIAS"", ""id"": ""VariableID:2:14""}, ""paddingRight"": {""type"": ""VARIABLE_ALIAS"", ""id"": ""VariableID:2:13""}, ""paddingBottom"": {""type"": ""VARIABLE_ALIAS"", ""id"": ""VariableID:2:15""}}",null,Structural inventory; findings and text review identify assessed defects
14:785,14:804,14:803,FRAME,Status Prominence,"[24, 32, 342, 482]","[""VERTICAL"", ""FILL"", ""HUG"", ""NO_WRAP"", 24, 24, 24, 24, 16, false, ""AUTO"", {""horizontal"": ""MIN"", ""vertical"": ""MIN""}, null, null]","{""paddingLeft"": {""type"": ""VARIABLE_ALIAS"", ""id"": ""VariableID:2:13""}, ""paddingTop"": {""type"": ""VARIABLE_ALIAS"", ""id"": ""VariableID:2:13""}, ""paddingRight"": {""type"": ""VARIABLE_ALIAS"", ""id"": ""VariableID:2:13""}, ""paddingBottom"": {""type"": ""VARIABLE_ALIAS"", ""id"": ""VariableID:2:13""}}",null,Structural inventory; findings and text review identify assessed defects
14:785,14:805,14:804,TEXT,Badge,"[24, 24, 294, 18]",null,null,null,Structural inventory; findings and text review identify assessed defects
14:785,14:806,14:804,TEXT,Main Announcement,"[24, 58, 294, 200]",null,"{""fills"": [{""type"": ""VARIABLE_ALIAS"", ""id"": ""VariableID:2:7""}]}",null,Structural inventory; findings and text review identify assessed defects
14:785,14:807,14:804,TEXT,Secondary Announcement,"[24, 274, 294, 58]",null,"{""fills"": [{""type"": ""VARIABLE_ALIAS"", ""id"": ""VariableID:2:8""}]}",null,Structural inventory; findings and text review identify assessed defects
14:785,14:808,14:804,TEXT,Boundary Context,"[24, 348, 294, 110]",null,"{""fills"": [{""type"": ""VARIABLE_ALIAS"", ""id"": ""VariableID:2:8""}]}",null,Structural inventory; findings and text review identify assessed defects
14:785,14:809,14:803,FRAME,Available Resources,"[24, 562, 342, 1123]","[""VERTICAL"", ""FILL"", ""HUG"", ""NO_WRAP"", 0, 0, 0, 0, 24, false, ""AUTO"", {""horizontal"": ""MIN"", ""vertical"": ""MIN""}, null, null]","{""itemSpacing"": {""type"": ""VARIABLE_ALIAS"", ""id"": ""VariableID:2:13""}}",null,Structural inventory; findings and text review identify assessed defects
14:785,14:810,14:809,FRAME,Frame,"[0, 0, 342, 57]","[""VERTICAL"", ""FILL"", ""HUG"", ""NO_WRAP"", 0, 0, 0, 0, 8, false, ""AUTO"", {""horizontal"": ""MIN"", ""vertical"": ""MIN""}, null, null]",null,null,Structural inventory; findings and text review identify assessed defects
14:785,14:811,14:810,TEXT,ACTIVE RESOURCES,"[0, 0, 342, 18]",null,"{""fills"": [{""type"": ""VARIABLE_ALIAS"", ""id"": ""VariableID:2:10""}]}",null,Structural inventory; findings and text review identify assessed defects
14:785,14:812,14:810,TEXT,What you can explore now,"[0, 26, 342, 31]",null,"{""fills"": [{""type"": ""VARIABLE_ALIAS"", ""id"": ""VariableID:2:7""}]}",null,Structural inventory; findings and text review identify assessed defects
14:785,14:813,14:809,FRAME,Resource Cards Stack,"[0, 81, 342, 1042]","[""VERTICAL"", ""FILL"", ""HUG"", ""NO_WRAP"", 0, 0, 0, 0, 16, false, ""AUTO"", {""horizontal"": ""MIN"", ""vertical"": ""MIN""}, null, null]",null,null,Structural inventory; findings and text review identify assessed defects
14:785,14:814,14:813,INSTANCE,Card / Audit area,"[0, 0, 342, 263]","[""VERTICAL"", ""FILL"", ""HUG"", ""NO_WRAP"", 32, 32, 32, 32, 16, false, ""AUTO"", {""horizontal"": ""MIN"", ""vertical"": ""MIN""}, null, null]","{""itemSpacing"": {""type"": ""VARIABLE_ALIAS"", ""id"": ""VariableID:2:12""}, ""paddingLeft"": {""type"": ""VARIABLE_ALIAS"", ""id"": ""VariableID:2:14""}, ""paddingTop"": {""type"": ""VARIABLE_ALIAS"", ""id"": ""VariableID:2:14""}, ""paddingRight"": {""type"": ""VARIABLE_ALIAS"", ""id"": ""VariableID:2:14""}, ""paddingBottom"": {""type"": ""VARIABLE_ALIAS"", ""id"": ""VariableID:2:14""}, ""fills"": [{""type"": ""VARIABLE_ALIAS"", ""id"": ""VariableID:2:4""}], ""strokes"": [{""type"": ""VARIABLE_ALIAS"", ""id"": ""VariableID:2:6""}]}","[{""action"": {""type"": ""NODE"", ""destinationId"": ""14:266"", ""navigation"": ""NAVIGATE"", ""transition"": null, ""resetVideoPosition"": false}, ""actions"": [{""type"": ""NODE"", ""destinationId"": ""14:266"", ""navigation"": ""NAVIGATE"", ""transition"": null, ""resetVideoPosition"": false}], ""trigger"": {""type"": ""ON_CLICK""}}]",Structural inventory; findings and text review identify assessed defects
14:785,I14:814;3:10,14:814,TEXT,Index,"[33, 33, 276, 18]",null,"{""fills"": [{""type"": ""VARIABLE_ALIAS"", ""id"": ""VariableID:2:10""}]}",null,Structural inventory; findings and text review identify assessed defects
14:785,I14:814;3:11,14:814,TEXT,Title,"[33, 67, 276, 31]",null,"{""fills"": [{""type"": ""VARIABLE_ALIAS"", ""id"": ""VariableID:2:7""}]}",null,Structural inventory; findings and text review identify assessed defects
14:785,I14:814;3:12,14:814,TEXT,Body,"[33, 114, 276, 116]",null,"{""fills"": [{""type"": ""VARIABLE_ALIAS"", ""id"": ""VariableID:2:8""}]}",null,Structural inventory; findings and text review identify assessed defects
14:785,14:818,14:813,INSTANCE,Card / Audit area,"[0, 279, 342, 263]","[""VERTICAL"", ""FILL"", ""HUG"", ""NO_WRAP"", 32, 32, 32, 32, 16, false, ""AUTO"", {""horizontal"": ""MIN"", ""vertical"": ""MIN""}, null, null]","{""itemSpacing"": {""type"": ""VARIABLE_ALIAS"", ""id"": ""VariableID:2:12""}, ""paddingLeft"": {""type"": ""VARIABLE_ALIAS"", ""id"": ""VariableID:2:14""}, ""paddingTop"": {""type"": ""VARIABLE_ALIAS"", ""id"": ""VariableID:2:14""}, ""paddingRight"": {""type"": ""VARIABLE_ALIAS"", ""id"": ""VariableID:2:14""}, ""paddingBottom"": {""type"": ""VARIABLE_ALIAS"", ""id"": ""VariableID:2:14""}, ""fills"": [{""type"": ""VARIABLE_ALIAS"", ""id"": ""VariableID:2:4""}], ""strokes"": [{""type"": ""VARIABLE_ALIAS"", ""id"": ""VariableID:2:6""}]}","[{""action"": {""type"": ""NODE"", ""destinationId"": ""14:403"", ""navigation"": ""NAVIGATE"", ""transition"": null, ""resetVideoPosition"": false}, ""actions"": [{""type"": ""NODE"", ""destinationId"": ""14:403"", ""navigation"": ""NAVIGATE"", ""transition"": null, ""resetVideoPosition"": false}], ""trigger"": {""type"": ""ON_CLICK""}}]",Structural inventory; findings and text review identify assessed defects
14:785,I14:818;3:10,14:818,TEXT,Index,"[33, 33, 276, 18]",null,"{""fills"": [{""type"": ""VARIABLE_ALIAS"", ""id"": ""VariableID:2:10""}]}",null,Structural inventory; findings and text review identify assessed defects
14:785,I14:818;3:11,14:818,TEXT,Title,"[33, 67, 276, 31]",null,"{""fills"": [{""type"": ""VARIABLE_ALIAS"", ""id"": ""VariableID:2:7""}]}",null,Structural inventory; findings and text review identify assessed defects
14:785,I14:818;3:12,14:818,TEXT,Body,"[33, 114, 276, 116]",null,"{""fills"": [{""type"": ""VARIABLE_ALIAS"", ""id"": ""VariableID:2:8""}]}",null,Structural inventory; findings and text review identify assessed defects
14:785,14:822,14:813,INSTANCE,Card / Audit area,"[0, 558, 342, 234]","[""VERTICAL"", ""FILL"", ""HUG"", ""NO_WRAP"", 32, 32, 32, 32, 16, false, ""AUTO"", {""horizontal"": ""MIN"", ""vertical"": ""MIN""}, null, null]","{""itemSpacing"": {""type"": ""VARIABLE_ALIAS"", ""id"": ""VariableID:2:12""}, ""paddingLeft"": {""type"": ""VARIABLE_ALIAS"", ""id"": ""VariableID:2:14""}, ""paddingTop"": {""type"": ""VARIABLE_ALIAS"", ""id"": ""VariableID:2:14""}, ""paddingRight"": {""type"": ""VARIABLE_ALIAS"", ""id"": ""VariableID:2:14""}, ""paddingBottom"": {""type"": ""VARIABLE_ALIAS"", ""id"": ""VariableID:2:14""}, ""fills"": [{""type"": ""VARIABLE_ALIAS"", ""id"": ""VariableID:2:4""}], ""strokes"": [{""type"": ""VARIABLE_ALIAS"", ""id"": ""VariableID:2:6""}]}","[{""action"": {""type"": ""NODE"", ""destinationId"": ""14:489"", ""navigation"": ""NAVIGATE"", ""transition"": null, ""resetVideoPosition"": false}, ""actions"": [{""type"": ""NODE"", ""destinationId"": ""14:489"", ""navigation"": ""NAVIGATE"", ""transition"": null, ""resetVideoPosition"": false}], ""trigger"": {""type"": ""ON_CLICK""}}]",Structural inventory; findings and text review identify assessed defects
14:785,I14:822;3:10,14:822,TEXT,Index,"[33, 33, 276, 18]",null,"{""fills"": [{""type"": ""VARIABLE_ALIAS"", ""id"": ""VariableID:2:10""}]}",null,Structural inventory; findings and text review identify assessed defects
14:785,I14:822;3:11,14:822,TEXT,Title,"[33, 67, 276, 31]",null,"{""fills"": [{""type"": ""VARIABLE_ALIAS"", ""id"": ""VariableID:2:7""}]}",null,Structural inventory; findings and text review identify assessed defects
14:785,I14:822;3:12,14:822,TEXT,Body,"[33, 114, 276, 87]",null,"{""fills"": [{""type"": ""VARIABLE_ALIAS"", ""id"": ""VariableID:2:8""}]}",null,Structural inventory; findings and text review identify assessed defects
14:785,14:826,14:813,INSTANCE,Card / Audit area,"[0, 808, 342, 234]","[""VERTICAL"", ""FILL"", ""HUG"", ""NO_WRAP"", 32, 32, 32, 32, 16, false, ""AUTO"", {""horizontal"": ""MIN"", ""vertical"": ""MIN""}, null, null]","{""itemSpacing"": {""type"": ""VARIABLE_ALIAS"", ""id"": ""VariableID:2:12""}, ""paddingLeft"": {""type"": ""VARIABLE_ALIAS"", ""id"": ""VariableID:2:14""}, ""paddingTop"": {""type"": ""VARIABLE_ALIAS"", ""id"": ""VariableID:2:14""}, ""paddingRight"": {""type"": ""VARIABLE_ALIAS"", ""id"": ""VariableID:2:14""}, ""paddingBottom"": {""type"": ""VARIABLE_ALIAS"", ""id"": ""VariableID:2:14""}, ""fills"": [{""type"": ""VARIABLE_ALIAS"", ""id"": ""VariableID:2:4""}], ""strokes"": [{""type"": ""VARIABLE_ALIAS"", ""id"": ""VariableID:2:6""}]}","[{""action"": {""type"": ""NODE"", ""destinationId"": ""14:592"", ""navigation"": ""NAVIGATE"", ""transition"": null, ""resetVideoPosition"": false}, ""actions"": [{""type"": ""NODE"", ""destinationId"": ""14:592"", ""navigation"": ""NAVIGATE"", ""transition"": null, ""resetVideoPosition"": false}], ""trigger"": {""type"": ""ON_CLICK""}}]",Structural inventory; findings and text review identify assessed defects
14:785,I14:826;3:10,14:826,TEXT,Index,"[33, 33, 276, 18]",null,"{""fills"": [{""type"": ""VARIABLE_ALIAS"", ""id"": ""VariableID:2:10""}]}",null,Structural inventory; findings and text review identify assessed defects
14:785,I14:826;3:11,14:826,TEXT,Title,"[33, 67, 276, 31]",null,"{""fills"": [{""type"": ""VARIABLE_ALIAS"", ""id"": ""VariableID:2:7""}]}",null,Structural inventory; findings and text review identify assessed defects
14:785,I14:826;3:12,14:826,TEXT,Body,"[33, 114, 276, 87]",null,"{""fills"": [{""type"": ""VARIABLE_ALIAS"", ""id"": ""VariableID:2:8""}]}",null,Structural inventory; findings and text review identify assessed defects
14:785,14:830,14:803,FRAME,Capabilities Under Consideration,"[24, 1733, 342, 1098]","[""VERTICAL"", ""FILL"", ""HUG"", ""NO_WRAP"", 0, 0, 0, 0, 24, false, ""AUTO"", {""horizontal"": ""MIN"", ""vertical"": ""MIN""}, null, null]","{""itemSpacing"": {""type"": ""VARIABLE_ALIAS"", ""id"": ""VariableID:2:13""}}",null,Structural inventory; findings and text review identify assessed defects
14:785,14:831,14:830,FRAME,Frame,"[0, 0, 342, 57]","[""VERTICAL"", ""FILL"", ""HUG"", ""NO_WRAP"", 0, 0, 0, 0, 8, false, ""AUTO"", {""horizontal"": ""MIN"", ""vertical"": ""MIN""}, null, null]",null,null,Structural inventory; findings and text review identify assessed defects
14:785,14:832,14:831,TEXT,FUTURE PIPELINE,"[0, 0, 342, 18]",null,null,null,Structural inventory; findings and text review identify assessed defects
14:785,14:833,14:831,TEXT,Still under consideration,"[0, 26, 342, 31]",null,"{""fills"": [{""type"": ""VARIABLE_ALIAS"", ""id"": ""VariableID:2:7""}]}",null,Structural inventory; findings and text review identify assessed defects
14:785,14:834,14:830,FRAME,Status Cards Stack,"[0, 81, 342, 1017]","[""VERTICAL"", ""FILL"", ""HUG"", ""NO_WRAP"", 0, 0, 0, 0, 16, false, ""AUTO"", {""horizontal"": ""MIN"", ""vertical"": ""MIN""}, null, null]",null,null,Structural inventory; findings and text review identify assessed defects
14:785,14:835,14:834,INSTANCE,Card / Audit area,"[0, 0, 342, 265]","[""VERTICAL"", ""FILL"", ""HUG"", ""NO_WRAP"", 32, 32, 32, 32, 16, false, ""AUTO"", {""horizontal"": ""MIN"", ""vertical"": ""MIN""}, null, null]","{""itemSpacing"": {""type"": ""VARIABLE_ALIAS"", ""id"": ""VariableID:2:12""}, ""paddingLeft"": {""type"": ""VARIABLE_ALIAS"", ""id"": ""VariableID:2:14""}, ""paddingTop"": {""type"": ""VARIABLE_ALIAS"", ""id"": ""VariableID:2:14""}, ""paddingRight"": {""type"": ""VARIABLE_ALIAS"", ""id"": ""VariableID:2:14""}, ""paddingBottom"": {""type"": ""VARIABLE_ALIAS"", ""id"": ""VariableID:2:14""}, ""fills"": [{""type"": ""VARIABLE_ALIAS"", ""id"": ""VariableID:2:5""}], ""strokes"": [{""type"": ""VARIABLE_ALIAS"", ""id"": ""VariableID:2:6""}]}",null,Structural inventory; findings and text review identify assessed defects
14:785,I14:835;3:10,14:835,TEXT,Index,"[33, 33, 276, 18]",null,null,null,Structural inventory; findings and text review identify assessed defects
14:785,I14:835;3:11,14:835,TEXT,Title,"[33, 67, 276, 62]",null,"{""fills"": [{""type"": ""VARIABLE_ALIAS"", ""id"": ""VariableID:2:7""}]}",null,Structural inventory; findings and text review identify assessed defects
14:785,I14:835;3:12,14:835,TEXT,Body,"[33, 145, 276, 87]",null,"{""fills"": [{""type"": ""VARIABLE_ALIAS"", ""id"": ""VariableID:2:8""}]}",null,Structural inventory; findings and text review identify assessed defects
14:785,14:839,14:834,INSTANCE,Card / Audit area,"[0, 281, 342, 234]","[""VERTICAL"", ""FILL"", ""HUG"", ""NO_WRAP"", 32, 32, 32, 32, 16, false, ""AUTO"", {""horizontal"": ""MIN"", ""vertical"": ""MIN""}, null, null]","{""itemSpacing"": {""type"": ""VARIABLE_ALIAS"", ""id"": ""VariableID:2:12""}, ""paddingLeft"": {""type"": ""VARIABLE_ALIAS"", ""id"": ""VariableID:2:14""}, ""paddingTop"": {""type"": ""VARIABLE_ALIAS"", ""id"": ""VariableID:2:14""}, ""paddingRight"": {""type"": ""VARIABLE_ALIAS"", ""id"": ""VariableID:2:14""}, ""paddingBottom"": {""type"": ""VARIABLE_ALIAS"", ""id"": ""VariableID:2:14""}, ""fills"": [{""type"": ""VARIABLE_ALIAS"", ""id"": ""VariableID:2:5""}], ""strokes"": [{""type"": ""VARIABLE_ALIAS"", ""id"": ""VariableID:2:6""}]}",null,Structural inventory; findings and text review identify assessed defects
14:785,I14:839;3:10,14:839,TEXT,Index,"[33, 33, 276, 18]",null,null,null,Structural inventory; findings and text review identify assessed defects
14:785,I14:839;3:11,14:839,TEXT,Title,"[33, 67, 276, 31]",null,"{""fills"": [{""type"": ""VARIABLE_ALIAS"", ""id"": ""VariableID:2:7""}]}",null,Structural inventory; findings and text review identify assessed defects
14:785,I14:839;3:12,14:839,TEXT,Body,"[33, 114, 276, 87]",null,"{""fills"": [{""type"": ""VARIABLE_ALIAS"", ""id"": ""VariableID:2:8""}]}",null,Structural inventory; findings and text review identify assessed defects
14:785,14:843,14:834,INSTANCE,Card / Audit area,"[0, 531, 342, 205]","[""VERTICAL"", ""FILL"", ""HUG"", ""NO_WRAP"", 32, 32, 32, 32, 16, false, ""AUTO"", {""horizontal"": ""MIN"", ""vertical"": ""MIN""}, null, null]","{""itemSpacing"": {""type"": ""VARIABLE_ALIAS"", ""id"": ""VariableID:2:12""}, ""paddingLeft"": {""type"": ""VARIABLE_ALIAS"", ""id"": ""VariableID:2:14""}, ""paddingTop"": {""type"": ""VARIABLE_ALIAS"", ""id"": ""VariableID:2:14""}, ""paddingRight"": {""type"": ""VARIABLE_ALIAS"", ""id"": ""VariableID:2:14""}, ""paddingBottom"": {""type"": ""VARIABLE_ALIAS"", ""id"": ""VariableID:2:14""}, ""fills"": [{""type"": ""VARIABLE_ALIAS"", ""id"": ""VariableID:2:5""}], ""strokes"": [{""type"": ""VARIABLE_ALIAS"", ""id"": ""VariableID:2:6""}]}",null,Structural inventory; findings and text review identify assessed defects
14:785,I14:843;3:10,14:843,TEXT,Index,"[33, 33, 276, 18]",null,null,null,Structural inventory; findings and text review identify assessed defects
14:785,I14:843;3:11,14:843,TEXT,Title,"[33, 67, 276, 31]",null,"{""fills"": [{""type"": ""VARIABLE_ALIAS"", ""id"": ""VariableID:2:7""}]}",null,Structural inventory; findings and text review identify assessed defects
14:785,I14:843;3:12,14:843,TEXT,Body,"[33, 114, 276, 58]",null,"{""fills"": [{""type"": ""VARIABLE_ALIAS"", ""id"": ""VariableID:2:8""}]}",null,Structural inventory; findings and text review identify assessed defects
14:785,14:847,14:834,INSTANCE,Card / Audit area,"[0, 752, 342, 265]","[""VERTICAL"", ""FILL"", ""HUG"", ""NO_WRAP"", 32, 32, 32, 32, 16, false, ""AUTO"", {""horizontal"": ""MIN"", ""vertical"": ""MIN""}, null, null]","{""itemSpacing"": {""type"": ""VARIABLE_ALIAS"", ""id"": ""VariableID:2:12""}, ""paddingLeft"": {""type"": ""VARIABLE_ALIAS"", ""id"": ""VariableID:2:14""}, ""paddingTop"": {""type"": ""VARIABLE_ALIAS"", ""id"": ""VariableID:2:14""}, ""paddingRight"": {""type"": ""VARIABLE_ALIAS"", ""id"": ""VariableID:2:14""}, ""paddingBottom"": {""type"": ""VARIABLE_ALIAS"", ""id"": ""VariableID:2:14""}, ""fills"": [{""type"": ""VARIABLE_ALIAS"", ""id"": ""VariableID:2:5""}], ""strokes"": [{""type"": ""VARIABLE_ALIAS"", ""id"": ""VariableID:2:6""}]}",null,Structural inventory; findings and text review identify assessed defects
14:785,I14:847;3:10,14:847,TEXT,Index,"[33, 33, 276, 18]",null,null,null,Structural inventory; findings and text review identify assessed defects
14:785,I14:847;3:11,14:847,TEXT,Title,"[33, 67, 276, 62]",null,"{""fills"": [{""type"": ""VARIABLE_ALIAS"", ""id"": ""VariableID:2:7""}]}",null,Structural inventory; findings and text review identify assessed defects
14:785,I14:847;3:12,14:847,TEXT,Body,"[33, 145, 276, 87]",null,"{""fills"": [{""type"": ""VARIABLE_ALIAS"", ""id"": ""VariableID:2:8""}]}",null,Structural inventory; findings and text review identify assessed defects
14:785,14:851,14:803,FRAME,Restrictions and Close,"[24, 2879, 342, 191]","[""VERTICAL"", ""FILL"", ""HUG"", ""NO_WRAP"", 0, 0, 0, 0, 24, false, ""AUTO"", {""horizontal"": ""MIN"", ""vertical"": ""MIN""}, null, null]",null,null,Structural inventory; findings and text review identify assessed defects
14:785,14:852,14:851,RECTANGLE,Rectangle,"[0, 0, 342, 1]",null,"{""fills"": [{""type"": ""VARIABLE_ALIAS"", ""id"": ""VariableID:2:6""}]}",null,Structural inventory; findings and text review identify assessed defects
14:785,14:853,14:851,TEXT,Decisions Note,"[0, 25, 342, 88]",null,"{""fills"": [{""type"": ""VARIABLE_ALIAS"", ""id"": ""VariableID:2:8""}]}",null,Structural inventory; findings and text review identify assessed defects
14:785,14:854,14:851,INSTANCE,Button / Primary,"[0, 137, 342, 54]","[""VERTICAL"", ""FILL"", ""HUG"", ""NO_WRAP"", 16, 16, 16, 16, 16, false, ""AUTO"", {""horizontal"": ""MIN"", ""vertical"": ""MIN""}, null, null]","{""itemSpacing"": {""type"": ""VARIABLE_ALIAS"", ""id"": ""VariableID:2:12""}, ""paddingLeft"": {""type"": ""VARIABLE_ALIAS"", ""id"": ""VariableID:2:12""}, ""paddingTop"": {""type"": ""VARIABLE_ALIAS"", ""id"": ""VariableID:2:12""}, ""paddingRight"": {""type"": ""VARIABLE_ALIAS"", ""id"": ""VariableID:2:12""}, ""paddingBottom"": {""type"": ""VARIABLE_ALIAS"", ""id"": ""VariableID:2:12""}, ""fills"": [{""type"": ""VARIABLE_ALIAS"", ""id"": ""VariableID:2:9""}]}","[{""action"": {""type"": ""NODE"", ""destinationId"": ""14:266"", ""navigation"": ""NAVIGATE"", ""transition"": null, ""resetVideoPosition"": false}, ""actions"": [{""type"": ""NODE"", ""destinationId"": ""14:266"", ""navigation"": ""NAVIGATE"", ""transition"": null, ""resetVideoPosition"": false}], ""trigger"": {""type"": ""ON_CLICK""}}]",Structural inventory; findings and text review identify assessed defects
14:785,I14:854;3:8,14:854,TEXT,Label,"[16, 16, 310, 22]",null,"{""fills"": [{""type"": ""VARIABLE_ALIAS"", ""id"": ""VariableID:2:3""}]}",null,Structural inventory; findings and text review identify assessed defects
14:785,14:856,14:785,INSTANCE,Footer / Mobile,"[0, 3214, 390, 557]","[""VERTICAL"", ""FIXED"", ""FIXED"", ""NO_WRAP"", 48, 24, 48, 24, 32, false, ""AUTO"", {""horizontal"": ""MIN"", ""vertical"": ""MIN""}, null, null]","{""paddingLeft"": {""type"": ""VARIABLE_ALIAS"", ""id"": ""VariableID:2:13""}, ""paddingTop"": {""type"": ""VARIABLE_ALIAS"", ""id"": ""VariableID:2:15""}, ""paddingRight"": {""type"": ""VARIABLE_ALIAS"", ""id"": ""VariableID:2:13""}, ""paddingBottom"": {""type"": ""VARIABLE_ALIAS"", ""id"": ""VariableID:2:15""}, ""strokes"": [{""type"": ""VARIABLE_ALIAS"", ""id"": ""VariableID:2:6""}]}",null,Structural inventory; findings and text review identify assessed defects
14:785,I14:856;13:451,14:856,FRAME,Frame,"[24, 48, 342, 86]","[""VERTICAL"", ""FILL"", ""HUG"", ""NO_WRAP"", 0, 0, 0, 0, 12, false, ""AUTO"", {""horizontal"": ""MIN"", ""vertical"": ""MIN""}, null, null]",null,null,Structural inventory; findings and text review identify assessed defects
14:785,I14:856;13:452,I14:856;13:451,TEXT,MindLeverX.,"[0, 0, 135, 30]",null,"{""fills"": [{""type"": ""VARIABLE_ALIAS"", ""id"": ""VariableID:2:7""}]}",null,Structural inventory; findings and text review identify assessed defects
14:785,I14:856;13:453,I14:856;13:451,TEXT,A proposed evidence-led Generative Engine Optimization review concept.,"[0, 42, 342, 44]",null,"{""fills"": [{""type"": ""VARIABLE_ALIAS"", ""id"": ""VariableID:2:8""}]}",null,Structural inventory; findings and text review identify assessed defects
14:785,I14:856;13:454,14:856,FRAME,Frame,"[24, 166, 342, 212]","[""VERTICAL"", ""FILL"", ""HUG"", ""NO_WRAP"", 0, 0, 0, 0, 16, false, ""AUTO"", {""horizontal"": ""MIN"", ""vertical"": ""MIN""}, null, null]",null,null,Structural inventory; findings and text review identify assessed defects
14:785,I14:856;13:455,I14:856;13:454,TEXT,Home,"[0, 0, 39, 22]",null,"{""fills"": [{""type"": ""VARIABLE_ALIAS"", ""id"": ""VariableID:2:8""}]}","[{""action"": {""type"": ""NODE"", ""destinationId"": ""13:322"", ""navigation"": ""NAVIGATE"", ""transition"": null, ""resetVideoPosition"": false}, ""actions"": [{""type"": ""NODE"", ""destinationId"": ""13:322"", ""navigation"": ""NAVIGATE"", ""transition"": null, ""resetVideoPosition"": false}], ""trigger"": {""type"": ""ON_CLICK""}}]",Structural inventory; findings and text review identify assessed defects
14:785,I14:856;13:456,I14:856;13:454,TEXT,Method,"[0, 38, 51, 22]",null,"{""fills"": [{""type"": ""VARIABLE_ALIAS"", ""id"": ""VariableID:2:8""}]}","[{""action"": {""type"": ""NODE"", ""destinationId"": ""14:266"", ""navigation"": ""NAVIGATE"", ""transition"": null, ""resetVideoPosition"": false}, ""actions"": [{""type"": ""NODE"", ""destinationId"": ""14:266"", ""navigation"": ""NAVIGATE"", ""transition"": null, ""resetVideoPosition"": false}], ""trigger"": {""type"": ""ON_CLICK""}}]",Structural inventory; findings and text review identify assessed defects
14:785,I14:856;13:457,I14:856;13:454,TEXT,What is GEO,"[0, 76, 82, 22]",null,"{""fills"": [{""type"": ""VARIABLE_ALIAS"", ""id"": ""VariableID:2:8""}]}","[{""action"": {""type"": ""NODE"", ""destinationId"": ""14:403"", ""navigation"": ""NAVIGATE"", ""transition"": null, ""resetVideoPosition"": false}, ""actions"": [{""type"": ""NODE"", ""destinationId"": ""14:403"", ""navigation"": ""NAVIGATE"", ""transition"": null, ""resetVideoPosition"": false}], ""trigger"": {""type"": ""ON_CLICK""}}]",Structural inventory; findings and text review identify assessed defects
14:785,I14:856;13:458,I14:856;13:454,TEXT,Example Report,"[0, 114, 103, 22]",null,"{""fills"": [{""type"": ""VARIABLE_ALIAS"", ""id"": ""VariableID:2:8""}]}","[{""action"": {""type"": ""NODE"", ""destinationId"": ""14:489"", ""navigation"": ""NAVIGATE"", ""transition"": null, ""resetVideoPosition"": false}, ""actions"": [{""type"": ""NODE"", ""destinationId"": ""14:489"", ""navigation"": ""NAVIGATE"", ""transition"": null, ""resetVideoPosition"": false}], ""trigger"": {""type"": ""ON_CLICK""}}]",Structural inventory; findings and text review identify assessed defects
14:785,I14:856;13:459,I14:856;13:454,TEXT,About,"[0, 152, 40, 22]",null,"{""fills"": [{""type"": ""VARIABLE_ALIAS"", ""id"": ""VariableID:2:8""}]}","[{""action"": {""type"": ""NODE"", ""destinationId"": ""14:701"", ""navigation"": ""NAVIGATE"", ""transition"": null, ""resetVideoPosition"": false}, ""actions"": [{""type"": ""NODE"", ""destinationId"": ""14:701"", ""navigation"": ""NAVIGATE"", ""transition"": null, ""resetVideoPosition"": false}], ""trigger"": {""type"": ""ON_CLICK""}}]",Structural inventory; findings and text review identify assessed defects
14:785,I14:856;13:460,I14:856;13:454,TEXT,Availability,"[0, 190, 70, 22]",null,"{""fills"": [{""type"": ""VARIABLE_ALIAS"", ""id"": ""VariableID:2:10""}]}","[{""action"": {""type"": ""NODE"", ""destinationId"": ""14:785"", ""navigation"": ""NAVIGATE"", ""transition"": null, ""resetVideoPosition"": false}, ""actions"": [{""type"": ""NODE"", ""destinationId"": ""14:785"", ""navigation"": ""NAVIGATE"", ""transition"": null, ""resetVideoPosition"": false}], ""trigger"": {""type"": ""ON_CLICK""}}]",Structural inventory; findings and text review identify assessed defects
14:785,I14:856;13:461,14:856,RECTANGLE,Rectangle,"[24, 410, 342, 1]",null,"{""fills"": [{""type"": ""VARIABLE_ALIAS"", ""id"": ""VariableID:2:6""}]}",null,Structural inventory; findings and text review identify assessed defects
14:785,I14:856;13:462,14:856,TEXT,"DESIGN CONCEPT · SEP 2026 — Offer, pricing, timing, collection, delivery, and availability remain subject to owner decisions.","[24, 443, 342, 66]",null,"{""fills"": [{""type"": ""VARIABLE_ALIAS"", ""id"": ""VariableID:2:8""}]}",null,Structural inventory; findings and text review identify assessed defects
14:785,14:869,14:785,FRAME,Home Indicator Bar,"[0, 3771, 390, 33]","[""VERTICAL"", ""FILL"", ""HUG"", ""NO_WRAP"", 20, 0, 8, 0, 0, false, ""AUTO"", {""horizontal"": ""MIN"", ""vertical"": ""MIN""}, null, null]",null,null,Structural inventory; findings and text review identify assessed defects
14:785,14:870,14:869,RECTANGLE,Rectangle,"[125, 20, 140, 5]",null,"{""fills"": [{""type"": ""VARIABLE_ALIAS"", ""id"": ""VariableID:2:6""}]}",null,Structural inventory; findings and text review identify assessed defects
13:167,13:167,0:1,FRAME,MindLeverX — Homepage Concept,"[4620, 876, 1440, 5204]","[""VERTICAL"", ""FIXED"", ""HUG"", ""NO_WRAP"", 0, 0, 0, 0, 0, true, ""AUTO"", {""horizontal"": ""MIN"", ""vertical"": ""MIN""}, null, null]",null,null,Structural inventory; findings and text review identify assessed defects
13:167,13:318,13:167,COMPONENT,Header / Desktop,"[0, 0, 1440, 80]","[""HORIZONTAL"", ""FILL"", ""HUG"", ""NO_WRAP"", 24, 96, 24, 96, 0, false, ""AUTO"", {""horizontal"": ""MIN"", ""vertical"": ""MIN""}, null, null]",null,null,Structural inventory; findings and text review identify assessed defects
13:167,13:169,13:318,FRAME,Brand Identity,"[96, 24, 179, 32]","[""HORIZONTAL"", ""HUG"", ""HUG"", ""NO_WRAP"", 0, 0, 0, 0, 12, false, ""AUTO"", {""horizontal"": ""MIN"", ""vertical"": ""MIN""}, null, null]",null,null,Structural inventory; findings and text review identify assessed defects
13:167,13:170,13:169,FRAME,Logo Mark,"[0, 0, 32, 32]","[""HORIZONTAL"", ""FIXED"", ""FIXED"", ""NO_WRAP"", 0, 0, 0, 0, 0, false, ""AUTO"", {""horizontal"": ""MIN"", ""vertical"": ""MIN""}, null, null]",null,null,Structural inventory; findings and text review identify assessed defects
13:167,13:171,13:170,FRAME,cross,"[7, 7, 18, 18]","[""NONE"", ""FIXED"", ""FIXED"", ""NO_WRAP"", 0, 0, 0, 0, 0, true, ""AUTO"", {""horizontal"": ""MIN"", ""vertical"": ""MIN""}, null, null]",null,null,Structural inventory; findings and text review identify assessed defects
13:167,13:172,13:171,VECTOR,Vector,"[1.499400019645691, 1.499400019645691, 15.001199722290039, 15.001199722290039]",null,null,null,Structural inventory; findings and text review identify assessed defects
13:167,13:173,13:169,TEXT,Wordmark,"[44, 2.5, 135, 27]",null,null,null,Structural inventory; findings and text review identify assessed defects
13:167,13:174,13:318,FRAME,Navigation Links,"[783, 29, 561, 22]","[""HORIZONTAL"", ""HUG"", ""HUG"", ""NO_WRAP"", 0, 0, 0, 0, 32, false, ""AUTO"", {""horizontal"": ""MIN"", ""vertical"": ""MIN""}, null, null]",null,null,Structural inventory; findings and text review identify assessed defects
13:167,13:175,13:174,TEXT,Nav Link 1,"[0, 0, 39, 22]",null,null,null,Structural inventory; findings and text review identify assessed defects
13:167,13:176,13:174,TEXT,Nav Link 2,"[71, 0, 51, 22]",null,null,"[{""action"": {""type"": ""NODE"", ""destinationId"": ""13:480"", ""navigation"": ""NAVIGATE"", ""transition"": null, ""resetVideoPosition"": false}, ""actions"": [{""type"": ""NODE"", ""destinationId"": ""13:480"", ""navigation"": ""NAVIGATE"", ""transition"": null, ""resetVideoPosition"": false}], ""trigger"": {""type"": ""ON_CLICK""}}]",Structural inventory; findings and text review identify assessed defects
13:167,13:177,13:174,TEXT,Nav Link 3,"[154, 0, 82, 22]",null,null,"[{""action"": {""type"": ""NODE"", ""destinationId"": ""13:602"", ""navigation"": ""NAVIGATE"", ""transition"": null, ""resetVideoPosition"": false}, ""actions"": [{""type"": ""NODE"", ""destinationId"": ""13:602"", ""navigation"": ""NAVIGATE"", ""transition"": null, ""resetVideoPosition"": false}], ""trigger"": {""type"": ""ON_CLICK""}}]",Structural inventory; findings and text review identify assessed defects
13:167,13:178,13:174,TEXT,Nav Link 4,"[268, 0, 103, 22]",null,null,"[{""action"": {""type"": ""NODE"", ""destinationId"": ""13:682"", ""navigation"": ""NAVIGATE"", ""transition"": null, ""resetVideoPosition"": false}, ""actions"": [{""type"": ""NODE"", ""destinationId"": ""13:682"", ""navigation"": ""NAVIGATE"", ""transition"": null, ""resetVideoPosition"": false}], ""trigger"": {""type"": ""ON_CLICK""}}]",Structural inventory; findings and text review identify assessed defects
13:167,13:179,13:174,TEXT,Nav Link 5,"[403, 0, 40, 22]",null,null,"[{""action"": {""type"": ""NODE"", ""destinationId"": ""13:893"", ""navigation"": ""NAVIGATE"", ""transition"": null, ""resetVideoPosition"": false}, ""actions"": [{""type"": ""NODE"", ""destinationId"": ""13:893"", ""navigation"": ""NAVIGATE"", ""transition"": null, ""resetVideoPosition"": false}], ""trigger"": {""type"": ""ON_CLICK""}}]",Structural inventory; findings and text review identify assessed defects
13:167,13:180,13:174,FRAME,Nav Link 6 Wrap,"[475, 0, 86, 22]","[""HORIZONTAL"", ""HUG"", ""HUG"", ""NO_WRAP"", 0, 0, 0, 0, 8, false, ""AUTO"", {""horizontal"": ""MIN"", ""vertical"": ""MIN""}, null, null]",null,"[{""action"": {""type"": ""NODE"", ""destinationId"": ""13:966"", ""navigation"": ""NAVIGATE"", ""transition"": null, ""resetVideoPosition"": false}, ""actions"": [{""type"": ""NODE"", ""destinationId"": ""13:966"", ""navigation"": ""NAVIGATE"", ""transition"": null, ""resetVideoPosition"": false}], ""trigger"": {""type"": ""ON_CLICK""}}]",Structural inventory; findings and text review identify assessed defects
13:167,13:181,13:180,ELLIPSE,Ellipse,"[0, 7, 8, 8]",null,null,null,Structural inventory; findings and text review identify assessed defects
13:167,13:182,13:180,TEXT,Nav Link 6,"[16, 0, 70, 22]",null,null,null,Structural inventory; findings and text review identify assessed defects
13:167,13:183,13:167,FRAME,Accessibility Alert,"[0, 80, 1440, 38]","[""HORIZONTAL"", ""FILL"", ""HUG"", ""NO_WRAP"", 8, 96, 8, 96, 0, false, ""AUTO"", {""horizontal"": ""MIN"", ""vertical"": ""MIN""}, null, null]",null,null,Structural inventory; findings and text review identify assessed defects
13:167,13:184,13:183,TEXT,"Design intent: strong contrast, visible keyboard focus, and semantic reading order; validate against WCAG 2.2 AA before release.","[96, 8, 828, 22]",null,null,null,Structural inventory; findings and text review identify assessed defects
13:167,13:185,13:183,TEXT,Mobile: single-column reading order.,"[1108, 8, 236, 22]",null,null,null,Structural inventory; findings and text review identify assessed defects
13:167,13:186,13:167,FRAME,Hero,"[0, 118, 1440, 975]","[""VERTICAL"", ""FILL"", ""HUG"", ""NO_WRAP"", 96, 96, 96, 96, 48, false, ""AUTO"", {""horizontal"": ""MIN"", ""vertical"": ""MIN""}, null, null]",null,null,Structural inventory; findings and text review identify assessed defects
13:167,13:187,13:186,FRAME,Hero Columns,"[96, 96, 1248, 783]","[""HORIZONTAL"", ""FILL"", ""HUG"", ""NO_WRAP"", 0, 0, 0, 0, 64, false, ""AUTO"", {""horizontal"": ""MIN"", ""vertical"": ""MIN""}, null, null]",null,null,Structural inventory; findings and text review identify assessed defects
13:167,13:188,13:187,FRAME,Hero Message,"[0, 0, 704, 783]","[""VERTICAL"", ""FILL"", ""HUG"", ""NO_WRAP"", 0, 0, 0, 0, 24, false, ""AUTO"", {""horizontal"": ""MIN"", ""vertical"": ""MIN""}, null, null]",null,null,Structural inventory; findings and text review identify assessed defects
13:167,13:189,13:188,TEXT,Eyebrow,"[0, 0, 228, 18]",null,null,null,Structural inventory; findings and text review identify assessed defects
13:167,13:190,13:188,TEXT,Hero Headline,"[0, 42, 704, 552]",null,null,null,Structural inventory; findings and text review identify assessed defects
13:167,13:191,13:188,TEXT,Hero Description,"[0, 618, 704, 87]",null,null,null,Structural inventory; findings and text review identify assessed defects
13:167,13:192,13:188,FRAME,Hero Actions,"[0, 729, 446, 54]","[""HORIZONTAL"", ""HUG"", ""HUG"", ""NO_WRAP"", 0, 0, 0, 0, 24, false, ""AUTO"", {""horizontal"": ""MIN"", ""vertical"": ""MIN""}, null, null]",null,null,Structural inventory; findings and text review identify assessed defects
13:167,13:193,13:192,INSTANCE,Button / Primary,"[0, 0, 252, 54]","[""VERTICAL"", ""FIXED"", ""HUG"", ""NO_WRAP"", 16, 16, 16, 16, 16, false, ""AUTO"", {""horizontal"": ""MIN"", ""vertical"": ""MIN""}, null, null]","{""itemSpacing"": {""type"": ""VARIABLE_ALIAS"", ""id"": ""VariableID:2:12""}, ""paddingLeft"": {""type"": ""VARIABLE_ALIAS"", ""id"": ""VariableID:2:12""}, ""paddingTop"": {""type"": ""VARIABLE_ALIAS"", ""id"": ""VariableID:2:12""}, ""paddingRight"": {""type"": ""VARIABLE_ALIAS"", ""id"": ""VariableID:2:12""}, ""paddingBottom"": {""type"": ""VARIABLE_ALIAS"", ""id"": ""VariableID:2:12""}, ""fills"": [{""type"": ""VARIABLE_ALIAS"", ""id"": ""VariableID:2:9""}]}","[{""action"": {""type"": ""NODE"", ""destinationId"": ""13:480"", ""navigation"": ""NAVIGATE"", ""transition"": null, ""resetVideoPosition"": false}, ""actions"": [{""type"": ""NODE"", ""destinationId"": ""13:480"", ""navigation"": ""NAVIGATE"", ""transition"": null, ""resetVideoPosition"": false}], ""trigger"": {""type"": ""ON_CLICK""}}]",Structural inventory; findings and text review identify assessed defects
13:167,I13:193;3:8,13:193,TEXT,Label,"[16, 16, 220, 22]",null,"{""fills"": [{""type"": ""VARIABLE_ALIAS"", ""id"": ""VariableID:2:3""}]}",null,Structural inventory; findings and text review identify assessed defects
13:167,13:195,13:192,FRAME,Secondary Link,"[276, 4, 170, 46]","[""HORIZONTAL"", ""HUG"", ""HUG"", ""NO_WRAP"", 12, 12, 12, 12, 4, false, ""AUTO"", {""horizontal"": ""MIN"", ""vertical"": ""MIN""}, null, null]",null,null,Structural inventory; findings and text review identify assessed defects
13:167,13:196,13:195,TEXT,View illustrative report,"[12, 12, 146, 22]",null,null,null,Structural inventory; findings and text review identify assessed defects
13:167,13:197,13:187,FRAME,Hero Card Preview,"[768, 238.5, 480, 306]","[""VERTICAL"", ""FIXED"", ""HUG"", ""NO_WRAP"", 32, 32, 32, 32, 24, false, ""AUTO"", {""horizontal"": ""MIN"", ""vertical"": ""MIN""}, null, null]",null,null,Structural inventory; findings and text review identify assessed defects
13:167,13:198,13:197,TEXT,Preview Eyebrow,"[32, 32, 197, 18]",null,null,null,Structural inventory; findings and text review identify assessed defects
13:167,13:199,13:197,TEXT,Preview Title,"[32, 74, 242, 31]",null,null,null,Structural inventory; findings and text review identify assessed defects
13:167,13:200,13:197,RECTANGLE,Rectangle,"[32, 129, 416, 1]",null,null,null,Structural inventory; findings and text review identify assessed defects
13:167,13:201,13:197,FRAME,Bullet 1,"[32, 154, 541, 48]","[""VERTICAL"", ""HUG"", ""HUG"", ""NO_WRAP"", 0, 0, 0, 0, 4, false, ""AUTO"", {""horizontal"": ""MIN"", ""vertical"": ""MIN""}, null, null]",null,null,Structural inventory; findings and text review identify assessed defects
13:167,13:202,13:201,TEXT,01 / Raw Search Readiness,"[0, 0, 171, 22]",null,null,null,Structural inventory; findings and text review identify assessed defects
13:167,13:203,13:201,TEXT,"Review crawlability, factual structure, and how clearly the site explains the business.","[0, 26, 541, 22]",null,null,null,Structural inventory; findings and text review identify assessed defects
13:167,13:204,13:197,FRAME,Bullet 2,"[32, 226, 427, 48]","[""VERTICAL"", ""HUG"", ""HUG"", ""NO_WRAP"", 0, 0, 0, 0, 4, false, ""AUTO"", {""horizontal"": ""MIN"", ""vertical"": ""MIN""}, null, null]",null,null,Structural inventory; findings and text review identify assessed defects
13:167,13:205,13:204,TEXT,02 / Observed LLM Answers,"[0, 0, 183, 22]",null,null,null,Structural inventory; findings and text review identify assessed defects
13:167,13:206,13:204,TEXT,Proposed ChatGPT answer collection for defined buyer questions.,"[0, 26, 427, 22]",null,null,null,Structural inventory; findings and text review identify assessed defects
13:167,13:207,13:167,FRAME,How It Works,"[0, 1093, 1440, 639]","[""VERTICAL"", ""FILL"", ""HUG"", ""NO_WRAP"", 96, 96, 96, 96, 48, false, ""AUTO"", {""horizontal"": ""MIN"", ""vertical"": ""MIN""}, null, null]",null,null,Structural inventory; findings and text review identify assessed defects
13:167,13:208,13:207,FRAME,Header Block,"[96, 96, 1138, 136]","[""VERTICAL"", ""HUG"", ""HUG"", ""NO_WRAP"", 0, 0, 0, 0, 16, false, ""AUTO"", {""horizontal"": ""MIN"", ""vertical"": ""MIN""}, null, null]",null,null,Structural inventory; findings and text review identify assessed defects
13:167,13:209,13:208,TEXT,Works Eyebrow,"[0, 0, 156, 18]",null,null,null,Structural inventory; findings and text review identify assessed defects
13:167,13:210,13:208,TEXT,Works Title,"[0, 34, 749, 57]",null,null,null,Structural inventory; findings and text review identify assessed defects
13:167,13:211,13:208,TEXT,Works Warning,"[0, 107, 1138, 29]",null,null,null,Structural inventory; findings and text review identify assessed defects
13:167,13:212,13:207,FRAME,Works Cards,"[96, 280, 1248, 263]","[""HORIZONTAL"", ""FILL"", ""HUG"", ""NO_WRAP"", 0, 0, 0, 0, 24, false, ""AUTO"", {""horizontal"": ""MIN"", ""vertical"": ""MIN""}, null, null]",null,null,Structural inventory; findings and text review identify assessed defects
13:167,13:213,13:212,INSTANCE,Card / Audit area,"[0, 0, 400, 234]","[""VERTICAL"", ""FIXED"", ""HUG"", ""NO_WRAP"", 32, 32, 32, 32, 16, false, ""AUTO"", {""horizontal"": ""MIN"", ""vertical"": ""MIN""}, null, null]","{""itemSpacing"": {""type"": ""VARIABLE_ALIAS"", ""id"": ""VariableID:2:12""}, ""paddingLeft"": {""type"": ""VARIABLE_ALIAS"", ""id"": ""VariableID:2:14""}, ""paddingTop"": {""type"": ""VARIABLE_ALIAS"", ""id"": ""VariableID:2:14""}, ""paddingRight"": {""type"": ""VARIABLE_ALIAS"", ""id"": ""VariableID:2:14""}, ""paddingBottom"": {""type"": ""VARIABLE_ALIAS"", ""id"": ""VariableID:2:14""}, ""fills"": [{""type"": ""VARIABLE_ALIAS"", ""id"": ""VariableID:2:4""}], ""strokes"": [{""type"": ""VARIABLE_ALIAS"", ""id"": ""VariableID:2:6""}]}",null,Structural inventory; findings and text review identify assessed defects
13:167,I13:213;3:10,13:213,TEXT,Index,"[33, 33, 334, 18]",null,"{""fills"": [{""type"": ""VARIABLE_ALIAS"", ""id"": ""VariableID:2:10""}]}",null,Structural inventory; findings and text review identify assessed defects
13:167,I13:213;3:11,13:213,TEXT,Title,"[33, 67, 334, 31]",null,"{""fills"": [{""type"": ""VARIABLE_ALIAS"", ""id"": ""VariableID:2:7""}]}",null,Structural inventory; findings and text review identify assessed defects
13:167,I13:213;3:12,13:213,TEXT,Body,"[33, 114, 334, 87]",null,"{""fills"": [{""type"": ""VARIABLE_ALIAS"", ""id"": ""VariableID:2:8""}]}",null,Structural inventory; findings and text review identify assessed defects
13:167,13:217,13:212,INSTANCE,Card / Audit area,"[424, 0, 400, 263]","[""VERTICAL"", ""FIXED"", ""HUG"", ""NO_WRAP"", 32, 32, 32, 32, 16, false, ""AUTO"", {""horizontal"": ""MIN"", ""vertical"": ""MIN""}, null, null]","{""itemSpacing"": {""type"": ""VARIABLE_ALIAS"", ""id"": ""VariableID:2:12""}, ""paddingLeft"": {""type"": ""VARIABLE_ALIAS"", ""id"": ""VariableID:2:14""}, ""paddingTop"": {""type"": ""VARIABLE_ALIAS"", ""id"": ""VariableID:2:14""}, ""paddingRight"": {""type"": ""VARIABLE_ALIAS"", ""id"": ""VariableID:2:14""}, ""paddingBottom"": {""type"": ""VARIABLE_ALIAS"", ""id"": ""VariableID:2:14""}, ""fills"": [{""type"": ""VARIABLE_ALIAS"", ""id"": ""VariableID:2:4""}], ""strokes"": [{""type"": ""VARIABLE_ALIAS"", ""id"": ""VariableID:2:6""}]}",null,Structural inventory; findings and text review identify assessed defects
13:167,I13:217;3:10,13:217,TEXT,Index,"[33, 33, 334, 18]",null,"{""fills"": [{""type"": ""VARIABLE_ALIAS"", ""id"": ""VariableID:2:10""}]}",null,Structural inventory; findings and text review identify assessed defects
13:167,I13:217;3:11,13:217,TEXT,Title,"[33, 67, 334, 31]",null,"{""fills"": [{""type"": ""VARIABLE_ALIAS"", ""id"": ""VariableID:2:7""}]}",null,Structural inventory; findings and text review identify assessed defects
13:167,I13:217;3:12,13:217,TEXT,Body,"[33, 114, 334, 116]",null,"{""fills"": [{""type"": ""VARIABLE_ALIAS"", ""id"": ""VariableID:2:8""}]}",null,Structural inventory; findings and text review identify assessed defects
13:167,13:221,13:212,INSTANCE,Card / Audit area,"[848, 0, 400, 234]","[""VERTICAL"", ""FIXED"", ""HUG"", ""NO_WRAP"", 32, 32, 32, 32, 16, false, ""AUTO"", {""horizontal"": ""MIN"", ""vertical"": ""MIN""}, null, null]","{""itemSpacing"": {""type"": ""VARIABLE_ALIAS"", ""id"": ""VariableID:2:12""}, ""paddingLeft"": {""type"": ""VARIABLE_ALIAS"", ""id"": ""VariableID:2:14""}, ""paddingTop"": {""type"": ""VARIABLE_ALIAS"", ""id"": ""VariableID:2:14""}, ""paddingRight"": {""type"": ""VARIABLE_ALIAS"", ""id"": ""VariableID:2:14""}, ""paddingBottom"": {""type"": ""VARIABLE_ALIAS"", ""id"": ""VariableID:2:14""}, ""fills"": [{""type"": ""VARIABLE_ALIAS"", ""id"": ""VariableID:2:4""}], ""strokes"": [{""type"": ""VARIABLE_ALIAS"", ""id"": ""VariableID:2:6""}]}",null,Structural inventory; findings and text review identify assessed defects
13:167,I13:221;3:10,13:221,TEXT,Index,"[33, 33, 334, 18]",null,"{""fills"": [{""type"": ""VARIABLE_ALIAS"", ""id"": ""VariableID:2:10""}]}",null,Structural inventory; findings and text review identify assessed defects
13:167,I13:221;3:11,13:221,TEXT,Title,"[33, 67, 334, 31]",null,"{""fills"": [{""type"": ""VARIABLE_ALIAS"", ""id"": ""VariableID:2:7""}]}",null,Structural inventory; findings and text review identify assessed defects
13:167,I13:221;3:12,13:221,TEXT,Body,"[33, 114, 334, 87]",null,"{""fills"": [{""type"": ""VARIABLE_ALIAS"", ""id"": ""VariableID:2:8""}]}",null,Structural inventory; findings and text review identify assessed defects
13:167,13:225,13:167,FRAME,Client Deliverables,"[0, 1732, 1440, 636]","[""VERTICAL"", ""FILL"", ""HUG"", ""NO_WRAP"", 96, 96, 96, 96, 48, false, ""AUTO"", {""horizontal"": ""MIN"", ""vertical"": ""MIN""}, null, null]",null,null,Structural inventory; findings and text review identify assessed defects
13:167,13:226,13:225,FRAME,Deliverables Columns,"[96, 96, 1248, 444]","[""HORIZONTAL"", ""FILL"", ""HUG"", ""NO_WRAP"", 0, 0, 0, 0, 64, false, ""AUTO"", {""horizontal"": ""MIN"", ""vertical"": ""MIN""}, null, null]",null,null,Structural inventory; findings and text review identify assessed defects
13:167,13:227,13:226,FRAME,Left Info,"[0, 0, 704, 444]","[""VERTICAL"", ""FILL"", ""HUG"", ""NO_WRAP"", 0, 0, 0, 0, 24, false, ""AUTO"", {""horizontal"": ""MIN"", ""vertical"": ""MIN""}, null, null]",null,null,Structural inventory; findings and text review identify assessed defects
13:167,13:228,13:227,TEXT,Deliverables Eyebrow,"[0, 0, 170, 18]",null,null,null,Structural inventory; findings and text review identify assessed defects
13:167,13:229,13:227,TEXT,Deliverables Title,"[0, 42, 626, 57]",null,null,null,Structural inventory; findings and text review identify assessed defects
13:167,13:230,13:227,TEXT,Deliverables Sub,"[0, 123, 704, 58]",null,null,null,Structural inventory; findings and text review identify assessed defects
13:167,13:231,13:227,FRAME,List Items,"[0, 205, 727, 239]","[""VERTICAL"", ""HUG"", ""HUG"", ""NO_WRAP"", 0, 0, 0, 0, 16, false, ""AUTO"", {""horizontal"": ""MIN"", ""vertical"": ""MIN""}, null, null]",null,null,Structural inventory; findings and text review identify assessed defects
13:167,13:232,13:231,TEXT,• Readiness Findings,"[0, 0, 236, 31]",null,null,null,Structural inventory; findings and text review identify assessed defects
13:167,13:233,13:231,TEXT,"A proposed review of crawlability, factual structure, and how clearly the site explains the business.","[0, 47, 635, 22]",null,null,null,Structural inventory; findings and text review identify assessed defects
13:167,13:234,13:231,TEXT,• Observed-Answer Evidence,"[0, 85, 326, 31]",null,null,null,Structural inventory; findings and text review identify assessed defects
13:167,13:235,13:231,TEXT,"Proposed snapshots of ChatGPT answers for agreed buyer questions, with prompts, dates, sources, and context.","[0, 132, 727, 22]",null,null,null,Structural inventory; findings and text review identify assessed defects
13:167,13:236,13:231,TEXT,• Prioritized Recommendations,"[0, 170, 352, 31]",null,null,null,Structural inventory; findings and text review identify assessed defects
13:167,13:237,13:231,TEXT,"A proposed priority list addressing clarity, evidence gaps, content structure, and search-readiness findings.","[0, 217, 695, 22]",null,null,null,Structural inventory; findings and text review identify assessed defects
13:167,13:238,13:226,FRAME,Right Report Simulation,"[768, 0, 480, 240]","[""VERTICAL"", ""FIXED"", ""HUG"", ""NO_WRAP"", 32, 32, 32, 32, 20, false, ""AUTO"", {""horizontal"": ""MIN"", ""vertical"": ""MIN""}, null, null]",null,null,Structural inventory; findings and text review identify assessed defects
13:167,13:239,13:238,TEXT,DELIVERABLE SPECIMEN,"[32, 32, 142, 18]",null,null,null,Structural inventory; findings and text review identify assessed defects
13:167,13:240,13:238,TEXT,Proposed Report Anatomy,"[32, 70, 292, 31]",null,null,null,Structural inventory; findings and text review identify assessed defects
13:167,13:241,13:238,RECTANGLE,Rectangle,"[32, 121, 416, 1]",null,null,null,Structural inventory; findings and text review identify assessed defects
13:167,13:242,13:238,TEXT,"- Prompt wording, date, and relevant context - Source and reference links captured with context - Proposed next actions, clearly separated from findings","[32, 142, 365, 66]",null,null,null,Structural inventory; findings and text review identify assessed defects
13:167,13:243,13:167,FRAME,Why Evidence Matters,"[0, 2368, 1440, 470]","[""VERTICAL"", ""FILL"", ""HUG"", ""NO_WRAP"", 96, 96, 96, 96, 32, false, ""AUTO"", {""horizontal"": ""MIN"", ""vertical"": ""MIN""}, null, null]",null,null,Structural inventory; findings and text review identify assessed defects
13:167,13:244,13:243,TEXT,PROVABLE TRUTH VS. METRIC HYPE,"[96, 96, 206, 18]",null,null,null,Structural inventory; findings and text review identify assessed defects
13:167,13:245,13:243,FRAME,Split Columns,"[96, 146, 1248, 228]","[""HORIZONTAL"", ""FILL"", ""HUG"", ""NO_WRAP"", 0, 0, 0, 0, 48, false, ""AUTO"", {""horizontal"": ""MIN"", ""vertical"": ""MIN""}, null, null]",null,null,Structural inventory; findings and text review identify assessed defects
13:167,13:246,13:245,TEXT,"Prompts, screenshots, and context are more useful than unprovable scores.","[0, 0, 600, 228]",null,null,null,Structural inventory; findings and text review identify assessed defects
13:167,13:247,13:245,FRAME,Evidence Description Block,"[648, 0, 600, 147]","[""VERTICAL"", ""FILL"", ""HUG"", ""NO_WRAP"", 0, 0, 0, 0, 16, false, ""AUTO"", {""horizontal"": ""MIN"", ""vertical"": ""MIN""}, null, null]",null,null,Structural inventory; findings and text review identify assessed defects
13:167,13:248,13:247,TEXT,Observed LLM answers and general website search readiness answer entirely different questions. A high site speed score does not guarantee ChatGPT knows your product lines.,"[0, 0, 600, 87]",null,null,null,Structural inventory; findings and text review identify assessed defects
13:167,13:249,13:247,TEXT,"The proposed evidence record preserves prompt wording, answer captures, dates, sources, and context so each observation can be reviewed.","[0, 103, 600, 44]",null,null,null,Structural inventory; findings and text review identify assessed defects
13:167,13:250,13:167,FRAME,Illustrative Example Report,"[0, 2838, 1440, 748]","[""VERTICAL"", ""FILL"", ""HUG"", ""NO_WRAP"", 96, 96, 96, 96, 48, false, ""AUTO"", {""horizontal"": ""MIN"", ""vertical"": ""MIN""}, null, null]",null,null,Structural inventory; findings and text review identify assessed defects
13:167,13:251,13:250,FRAME,Report Header Bar,"[96, 96, 1248, 83]","[""HORIZONTAL"", ""FILL"", ""HUG"", ""NO_WRAP"", 0, 0, 0, 0, 0, false, ""AUTO"", {""horizontal"": ""MIN"", ""vertical"": ""MIN""}, null, null]",null,null,Structural inventory; findings and text review identify assessed defects
13:167,13:252,13:251,FRAME,Header Titles,"[0, 0, 472, 83]","[""VERTICAL"", ""HUG"", ""HUG"", ""NO_WRAP"", 0, 0, 0, 0, 8, false, ""AUTO"", {""horizontal"": ""MIN"", ""vertical"": ""MIN""}, null, null]",null,null,Structural inventory; findings and text review identify assessed defects
13:167,13:253,13:252,TEXT,ILLUSTRATIVE REPORT STRUCTURE,"[0, 0, 202, 18]",null,null,null,Structural inventory; findings and text review identify assessed defects
13:167,13:254,13:252,TEXT,The Interactive Brief,"[0, 26, 472, 57]",null,null,null,Structural inventory; findings and text review identify assessed defects
13:167,13:255,13:251,FRAME,Illustrative Tag,"[1043, 24.5, 205, 34]","[""HORIZONTAL"", ""HUG"", ""HUG"", ""NO_WRAP"", 8, 16, 8, 16, 0, false, ""AUTO"", {""horizontal"": ""MIN"", ""vertical"": ""MIN""}, null, null]",null,null,Structural inventory; findings and text review identify assessed defects
13:167,13:256,13:255,TEXT,ILLUSTRATIVE EXAMPLE ONLY,"[16, 8, 173, 18]",null,null,null,Structural inventory; findings and text review identify assessed defects
13:167,13:257,13:250,FRAME,Mock Dashboard,"[96, 227, 1248, 425]","[""VERTICAL"", ""FILL"", ""HUG"", ""NO_WRAP"", 32, 32, 32, 32, 24, false, ""AUTO"", {""horizontal"": ""MIN"", ""vertical"": ""MIN""}, null, null]",null,null,Structural inventory; findings and text review identify assessed defects
13:167,13:258,13:257,FRAME,Mock Top,"[32, 32, 1184, 57]","[""HORIZONTAL"", ""FILL"", ""HUG"", ""NO_WRAP"", 0, 0, 0, 0, 0, false, ""AUTO"", {""horizontal"": ""MIN"", ""vertical"": ""MIN""}, null, null]",null,null,Structural inventory; findings and text review identify assessed defects
13:167,13:259,13:258,FRAME,Metadata,"[0, 0, 411, 57]","[""VERTICAL"", ""HUG"", ""HUG"", ""NO_WRAP"", 0, 0, 0, 0, 4, false, ""AUTO"", {""horizontal"": ""MIN"", ""vertical"": ""MIN""}, null, null]",null,null,Structural inventory; findings and text review identify assessed defects
13:167,13:260,13:259,TEXT,Illustrative profile: example business,"[0, 0, 411, 31]",null,null,null,Structural inventory; findings and text review identify assessed defects
13:167,13:261,13:259,TEXT,Illustrative scope: defined buyer questions — not yet collected,"[0, 35, 404, 22]",null,null,null,Structural inventory; findings and text review identify assessed defects
13:167,13:262,13:258,FRAME,Status Badge,"[1022, 0, 162, 30]","[""HORIZONTAL"", ""HUG"", ""HUG"", ""NO_WRAP"", 4, 12, 4, 12, 0, false, ""AUTO"", {""horizontal"": ""MIN"", ""vertical"": ""MIN""}, null, null]",null,null,Structural inventory; findings and text review identify assessed defects
13:167,13:263,13:262,TEXT,NOT YET COLLECTED,"[12, 4, 138, 22]",null,null,null,Structural inventory; findings and text review identify assessed defects
13:167,13:264,13:257,RECTANGLE,Rectangle,"[32, 113, 1184, 1]",null,null,null,Structural inventory; findings and text review identify assessed defects
13:167,13:265,13:257,FRAME,Mock Metrics Grid,"[32, 138, 1184, 161]","[""HORIZONTAL"", ""FILL"", ""HUG"", ""NO_WRAP"", 0, 0, 0, 0, 24, false, ""AUTO"", {""horizontal"": ""MIN"", ""vertical"": ""MIN""}, null, null]",null,null,Structural inventory; findings and text review identify assessed defects
13:167,13:266,13:265,FRAME,Metric Box 1,"[0, 0, 378.6666564941406, 161]","[""VERTICAL"", ""FILL"", ""HUG"", ""NO_WRAP"", 24, 24, 24, 24, 8, false, ""AUTO"", {""horizontal"": ""MIN"", ""vertical"": ""MIN""}, null, null]",null,null,Structural inventory; findings and text review identify assessed defects
13:167,13:267,13:266,TEXT,CITATION PRESENCE,"[24, 24, 119, 18]",null,null,null,Structural inventory; findings and text review identify assessed defects
13:167,13:268,13:266,TEXT,Illustrative,"[24, 50, 253, 57]",null,null,null,Structural inventory; findings and text review identify assessed defects
13:167,13:269,13:266,TEXT,Awaiting real query stream,"[24, 115, 173, 22]",null,null,null,Structural inventory; findings and text review identify assessed defects
13:167,13:270,13:265,FRAME,Metric Box 2,"[402.6666564941406, 0, 378.66668701171875, 161]","[""VERTICAL"", ""FILL"", ""HUG"", ""NO_WRAP"", 24, 24, 24, 24, 8, false, ""AUTO"", {""horizontal"": ""MIN"", ""vertical"": ""MIN""}, null, null]",null,null,Structural inventory; findings and text review identify assessed defects
13:167,13:271,13:270,TEXT,CHATGPT ANSWER ACCURACY,"[24, 24, 179, 18]",null,null,null,Structural inventory; findings and text review identify assessed defects
13:167,13:272,13:270,TEXT,Unmeasured,"[24, 50, 297, 57]",null,null,null,Structural inventory; findings and text review identify assessed defects
13:167,13:273,13:270,TEXT,No automated state implied,"[24, 115, 181, 22]",null,null,null,Structural inventory; findings and text review identify assessed defects
13:167,13:274,13:265,FRAME,Metric Box 3,"[805.3333740234375, 0, 378.66668701171875, 161]","[""VERTICAL"", ""FILL"", ""HUG"", ""NO_WRAP"", 24, 24, 24, 24, 8, false, ""AUTO"", {""horizontal"": ""MIN"", ""vertical"": ""MIN""}, null, null]",null,null,Structural inventory; findings and text review identify assessed defects
13:167,13:275,13:274,TEXT,SOURCE REFERENCES,"[24, 24, 127, 18]",null,null,null,Structural inventory; findings and text review identify assessed defects
13:167,13:276,13:274,TEXT,Not Collected,"[24, 50, 321, 57]",null,null,null,Structural inventory; findings and text review identify assessed defects
13:167,13:277,13:274,TEXT,Awaiting active run parameters,"[24, 115, 202, 22]",null,null,null,Structural inventory; findings and text review identify assessed defects
13:167,13:278,13:257,FRAME,Action Block,"[32, 323, 1184, 70]","[""HORIZONTAL"", ""FILL"", ""HUG"", ""NO_WRAP"", 16, 0, 0, 0, 24, false, ""AUTO"", {""horizontal"": ""MIN"", ""vertical"": ""MIN""}, null, null]",null,null,Structural inventory; findings and text review identify assessed defects
13:167,13:279,13:278,INSTANCE,Button / Primary,"[0, 16, 252, 54]","[""VERTICAL"", ""FIXED"", ""HUG"", ""NO_WRAP"", 16, 16, 16, 16, 16, false, ""AUTO"", {""horizontal"": ""MIN"", ""vertical"": ""MIN""}, null, null]","{""itemSpacing"": {""type"": ""VARIABLE_ALIAS"", ""id"": ""VariableID:2:12""}, ""paddingLeft"": {""type"": ""VARIABLE_ALIAS"", ""id"": ""VariableID:2:12""}, ""paddingTop"": {""type"": ""VARIABLE_ALIAS"", ""id"": ""VariableID:2:12""}, ""paddingRight"": {""type"": ""VARIABLE_ALIAS"", ""id"": ""VariableID:2:12""}, ""paddingBottom"": {""type"": ""VARIABLE_ALIAS"", ""id"": ""VariableID:2:12""}, ""fills"": [{""type"": ""VARIABLE_ALIAS"", ""id"": ""VariableID:2:9""}]}","[{""action"": {""type"": ""NODE"", ""destinationId"": ""13:682"", ""navigation"": ""NAVIGATE"", ""transition"": null, ""resetVideoPosition"": false}, ""actions"": [{""type"": ""NODE"", ""destinationId"": ""13:682"", ""navigation"": ""NAVIGATE"", ""transition"": null, ""resetVideoPosition"": false}], ""trigger"": {""type"": ""ON_CLICK""}}]",Structural inventory; findings and text review identify assessed defects
13:167,I13:279;3:8,13:279,TEXT,Label,"[16, 16, 220, 22]",null,"{""fills"": [{""type"": ""VARIABLE_ALIAS"", ""id"": ""VariableID:2:3""}]}",null,Structural inventory; findings and text review identify assessed defects
13:167,13:281,13:278,TEXT,"All states above are illustrative or unmeasured. The report product is local only; qualified collection, payment, and private delivery are unfinished.","[276, 32, 935, 22]",null,null,null,Structural inventory; findings and text review identify assessed defects
13:167,13:282,13:167,FRAME,What is GEO,"[0, 3586, 1440, 415]","[""VERTICAL"", ""FILL"", ""HUG"", ""NO_WRAP"", 96, 96, 96, 96, 32, false, ""AUTO"", {""horizontal"": ""MIN"", ""vertical"": ""MIN""}, null, null]",null,null,Structural inventory; findings and text review identify assessed defects
13:167,13:283,13:282,TEXT,PLAIN-LANGUAGE BASICS,"[96, 96, 154, 18]",null,null,null,Structural inventory; findings and text review identify assessed defects
13:167,13:284,13:282,FRAME,GEO explanation split,"[96, 146, 1248, 173]","[""HORIZONTAL"", ""FILL"", ""HUG"", ""NO_WRAP"", 0, 0, 0, 0, 64, false, ""AUTO"", {""horizontal"": ""MIN"", ""vertical"": ""MIN""}, null, null]",null,null,Structural inventory; findings and text review identify assessed defects
13:167,13:285,13:284,TEXT,What is Generative Engine Optimization?,"[0, 0, 592, 114]",null,null,null,Structural inventory; findings and text review identify assessed defects
13:167,13:286,13:284,FRAME,GEO Detail,"[656, 0, 592, 173]","[""VERTICAL"", ""FILL"", ""HUG"", ""NO_WRAP"", 0, 0, 0, 0, 20, false, ""AUTO"", {""horizontal"": ""MIN"", ""vertical"": ""MIN""}, null, null]",null,null,Structural inventory; findings and text review identify assessed defects
13:167,13:287,13:286,TEXT,"GEO refers to the structured work of making your brand’s original insights, technical data, and platform offerings readable and indexable for large language models.","[0, 0, 592, 87]",null,null,null,Structural inventory; findings and text review identify assessed defects
13:167,13:288,13:286,TEXT,"Google’s current guidance for generative Search favors helpful original content and clear structure. It does not establish special GEO hacks for every AI system. MindLeverX does not guarantee rankings, citations, leads, revenue, or visibility lift.","[0, 107, 592, 66]",null,null,null,Structural inventory; findings and text review identify assessed defects
13:167,13:289,13:167,FRAME,About,"[0, 4001, 1440, 415]","[""VERTICAL"", ""FILL"", ""HUG"", ""NO_WRAP"", 96, 96, 96, 96, 32, false, ""AUTO"", {""horizontal"": ""MIN"", ""vertical"": ""MIN""}, null, null]",null,null,Structural inventory; findings and text review identify assessed defects
13:167,13:290,13:289,TEXT,OUR CORE PERSPECTIVE,"[96, 96, 143, 18]",null,null,null,Structural inventory; findings and text review identify assessed defects
13:167,13:291,13:289,FRAME,About Split,"[96, 146, 1248, 173]","[""HORIZONTAL"", ""FILL"", ""HUG"", ""NO_WRAP"", 0, 0, 0, 0, 64, false, ""AUTO"", {""horizontal"": ""MIN"", ""vertical"": ""MIN""}, null, null]",null,null,Structural inventory; findings and text review identify assessed defects
13:167,13:292,13:291,TEXT,Clear evidence before confident recommendations.,"[0, 0, 592, 171]",null,null,null,Structural inventory; findings and text review identify assessed defects
13:167,13:293,13:291,FRAME,About Column,"[656, 0, 592, 173]","[""VERTICAL"", ""FILL"", ""HUG"", ""NO_WRAP"", 0, 0, 0, 0, 20, false, ""AUTO"", {""horizontal"": ""MIN"", ""vertical"": ""MIN""}, null, null]",null,null,Structural inventory; findings and text review identify assessed defects
13:167,13:294,13:293,TEXT,"MindLeverX is a developing concept built around practical clarity over hype: observe answers carefully, preserve context, and separate evidence from recommendations.","[0, 0, 592, 87]",null,null,null,Structural inventory; findings and text review identify assessed defects
13:167,13:295,13:293,TEXT,"We publish no invented client testimonials, fake partner logos, or automated result claims. We are committed to showing the actual limits and boundaries of modern AI search platforms.","[0, 107, 592, 66]",null,null,null,Structural inventory; findings and text review identify assessed defects
13:167,13:296,13:167,FRAME,Availability Section,"[0, 4416, 1440, 516]","[""VERTICAL"", ""FILL"", ""HUG"", ""NO_WRAP"", 96, 96, 96, 96, 32, false, ""AUTO"", {""horizontal"": ""MIN"", ""vertical"": ""MIN""}, null, null]",null,null,Structural inventory; findings and text review identify assessed defects
13:167,13:297,13:296,TEXT,SERVICE STATUS UPDATE,"[96, 96, 145, 18]",null,null,null,Structural inventory; findings and text review identify assessed defects
13:167,13:298,13:296,FRAME,Availability message box,"[96, 146, 1248, 274]","[""VERTICAL"", ""FILL"", ""HUG"", ""NO_WRAP"", 0, 0, 0, 0, 24, false, ""AUTO"", {""horizontal"": ""MIN"", ""vertical"": ""MIN""}, null, null]",null,null,Structural inventory; findings and text review identify assessed defects
13:167,13:299,13:298,TEXT,New audit requests and subscriptions are not currently open.,"[0, 0, 1248, 114]",null,null,null,Structural inventory; findings and text review identify assessed defects
13:167,13:300,13:298,TEXT,"The product and operating process are still being developed. No booking flow, public waitlist, email list, checkout, or public contact address is configured.","[0, 138, 800, 58]",null,null,null,Structural inventory; findings and text review identify assessed defects
13:167,13:301,13:298,FRAME,Availability Actions,"[0, 220, 252, 54]","[""HORIZONTAL"", ""HUG"", ""HUG"", ""NO_WRAP"", 0, 0, 0, 0, 24, false, ""AUTO"", {""horizontal"": ""MIN"", ""vertical"": ""MIN""}, null, null]",null,null,Structural inventory; findings and text review identify assessed defects
13:167,13:302,13:301,INSTANCE,Button / Primary,"[0, 0, 252, 54]","[""VERTICAL"", ""FIXED"", ""HUG"", ""NO_WRAP"", 16, 16, 16, 16, 16, false, ""AUTO"", {""horizontal"": ""MIN"", ""vertical"": ""MIN""}, null, null]","{""itemSpacing"": {""type"": ""VARIABLE_ALIAS"", ""id"": ""VariableID:2:12""}, ""paddingLeft"": {""type"": ""VARIABLE_ALIAS"", ""id"": ""VariableID:2:12""}, ""paddingTop"": {""type"": ""VARIABLE_ALIAS"", ""id"": ""VariableID:2:12""}, ""paddingRight"": {""type"": ""VARIABLE_ALIAS"", ""id"": ""VariableID:2:12""}, ""paddingBottom"": {""type"": ""VARIABLE_ALIAS"", ""id"": ""VariableID:2:12""}, ""fills"": [{""type"": ""VARIABLE_ALIAS"", ""id"": ""VariableID:2:9""}]}","[{""action"": {""type"": ""NODE"", ""destinationId"": ""13:480"", ""navigation"": ""NAVIGATE"", ""transition"": null, ""resetVideoPosition"": false}, ""actions"": [{""type"": ""NODE"", ""destinationId"": ""13:480"", ""navigation"": ""NAVIGATE"", ""transition"": null, ""resetVideoPosition"": false}], ""trigger"": {""type"": ""ON_CLICK""}}]",Structural inventory; findings and text review identify assessed defects
13:167,I13:302;3:8,13:302,TEXT,Label,"[16, 16, 220, 22]",null,"{""fills"": [{""type"": ""VARIABLE_ALIAS"", ""id"": ""VariableID:2:3""}]}",null,Structural inventory; findings and text review identify assessed defects
13:167,13:319,13:167,COMPONENT,Footer / Desktop,"[0, 4932, 1440, 272]","[""VERTICAL"", ""FILL"", ""HUG"", ""NO_WRAP"", 64, 96, 64, 96, 48, false, ""AUTO"", {""horizontal"": ""MIN"", ""vertical"": ""MIN""}, null, null]",null,null,Structural inventory; findings and text review identify assessed defects
13:167,13:305,13:319,FRAME,Footer Top,"[96, 64, 1248, 57]","[""HORIZONTAL"", ""FILL"", ""HUG"", ""NO_WRAP"", 0, 0, 0, 0, 0, false, ""AUTO"", {""horizontal"": ""MIN"", ""vertical"": ""MIN""}, null, null]",null,null,Structural inventory; findings and text review identify assessed defects
13:167,13:306,13:305,FRAME,Footer Brand,"[0, 0, 481, 57]","[""VERTICAL"", ""HUG"", ""HUG"", ""NO_WRAP"", 0, 0, 0, 0, 8, false, ""AUTO"", {""horizontal"": ""MIN"", ""vertical"": ""MIN""}, null, null]",null,null,Structural inventory; findings and text review identify assessed defects
13:167,13:307,13:306,TEXT,Footer Wordmark,"[0, 0, 122, 27]",null,null,null,Structural inventory; findings and text review identify assessed defects
13:167,13:308,13:306,TEXT,A proposed evidence-led Generative Engine Optimization review concept.,"[0, 35, 481, 22]",null,null,null,Structural inventory; findings and text review identify assessed defects
13:167,13:309,13:305,FRAME,Footer Links,"[837, 0, 411, 22]","[""HORIZONTAL"", ""HUG"", ""HUG"", ""NO_WRAP"", 0, 0, 0, 0, 24, false, ""AUTO"", {""horizontal"": ""MIN"", ""vertical"": ""MIN""}, null, null]",null,null,Structural inventory; findings and text review identify assessed defects
13:167,13:310,13:309,TEXT,Home,"[0, 0, 39, 22]",null,null,null,Structural inventory; findings and text review identify assessed defects
13:167,13:311,13:309,TEXT,Method,"[63, 0, 51, 22]",null,null,"[{""action"": {""type"": ""NODE"", ""destinationId"": ""13:480"", ""navigation"": ""NAVIGATE"", ""transition"": null, ""resetVideoPosition"": false}, ""actions"": [{""type"": ""NODE"", ""destinationId"": ""13:480"", ""navigation"": ""NAVIGATE"", ""transition"": null, ""resetVideoPosition"": false}], ""trigger"": {""type"": ""ON_CLICK""}}]",Structural inventory; findings and text review identify assessed defects
13:167,13:312,13:309,TEXT,What is GEO,"[138, 0, 82, 22]",null,null,"[{""action"": {""type"": ""NODE"", ""destinationId"": ""13:602"", ""navigation"": ""NAVIGATE"", ""transition"": null, ""resetVideoPosition"": false}, ""actions"": [{""type"": ""NODE"", ""destinationId"": ""13:602"", ""navigation"": ""NAVIGATE"", ""transition"": null, ""resetVideoPosition"": false}], ""trigger"": {""type"": ""ON_CLICK""}}]",Structural inventory; findings and text review identify assessed defects
13:167,13:313,13:309,TEXT,Example Report,"[244, 0, 103, 22]",null,null,"[{""action"": {""type"": ""NODE"", ""destinationId"": ""13:682"", ""navigation"": ""NAVIGATE"", ""transition"": null, ""resetVideoPosition"": false}, ""actions"": [{""type"": ""NODE"", ""destinationId"": ""13:682"", ""navigation"": ""NAVIGATE"", ""transition"": null, ""resetVideoPosition"": false}], ""trigger"": {""type"": ""ON_CLICK""}}]",Structural inventory; findings and text review identify assessed defects
13:167,13:314,13:309,TEXT,About,"[371, 0, 40, 22]",null,null,"[{""action"": {""type"": ""NODE"", ""destinationId"": ""13:893"", ""navigation"": ""NAVIGATE"", ""transition"": null, ""resetVideoPosition"": false}, ""actions"": [{""type"": ""NODE"", ""destinationId"": ""13:893"", ""navigation"": ""NAVIGATE"", ""transition"": null, ""resetVideoPosition"": false}], ""trigger"": {""type"": ""ON_CLICK""}}]",Structural inventory; findings and text review identify assessed defects
13:167,13:315,13:319,FRAME,Footer Bottom,"[96, 169, 1248, 39]","[""VERTICAL"", ""FILL"", ""HUG"", ""NO_WRAP"", 0, 0, 0, 0, 16, false, ""AUTO"", {""horizontal"": ""MIN"", ""vertical"": ""MIN""}, null, null]",null,null,Structural inventory; findings and text review identify assessed defects
13:167,13:316,13:315,RECTANGLE,Rectangle,"[0, 0, 1248, 1]",null,null,null,Structural inventory; findings and text review identify assessed defects
13:167,13:317,13:315,TEXT,"DESIGN CONCEPT · SEP 2026 — Offer, pricing, timing, collection, delivery, and availability remain subject to owner decisions.","[0, 17, 1248, 22]",null,null,null,Structural inventory; findings and text review identify assessed defects
14:403,14:403,0:1,FRAME,MindLeverX — What is GEO / Mobile,"[10200, 876, 390, 4384]","[""VERTICAL"", ""FIXED"", ""HUG"", ""NO_WRAP"", 0, 0, 0, 0, 0, true, ""AUTO"", {""horizontal"": ""MIN"", ""vertical"": ""MIN""}, null, null]","{""fills"": [{""type"": ""VARIABLE_ALIAS"", ""id"": ""VariableID:2:3""}]}",null,Structural inventory; findings and text review identify assessed defects
14:403,14:404,14:403,FRAME,Mobile Status Bar Simulator,"[0, 0, 390, 34]","[""HORIZONTAL"", ""FILL"", ""HUG"", ""NO_WRAP"", 12, 24, 4, 24, 0, false, ""AUTO"", {""horizontal"": ""MIN"", ""vertical"": ""MIN""}, null, null]",null,null,Structural inventory; findings and text review identify assessed defects
14:403,14:405,14:404,TEXT,9:41,"[24, 12, 27, 18]",null,"{""fills"": [{""type"": ""VARIABLE_ALIAS"", ""id"": ""VariableID:2:7""}]}",null,Structural inventory; findings and text review identify assessed defects
14:403,14:406,14:404,FRAME,Frame,"[297, 12, 69, 11]","[""HORIZONTAL"", ""HUG"", ""HUG"", ""NO_WRAP"", 0, 0, 0, 0, 6, false, ""AUTO"", {""horizontal"": ""MIN"", ""vertical"": ""MIN""}, null, null]",null,null,Structural inventory; findings and text review identify assessed defects
14:403,14:407,14:406,FRAME,ios-signal,"[0, 0, 17, 11]","[""NONE"", ""FIXED"", ""FIXED"", ""NO_WRAP"", 0, 0, 0, 0, 0, true, ""AUTO"", {""horizontal"": ""MIN"", ""vertical"": ""MIN""}, null, null]",null,null,Structural inventory; findings and text review identify assessed defects
14:403,14:408,14:407,VECTOR,Vector,"[0, 2.4123001098632812, 16.31999969482422, 6.725399971008301]",null,"{""fills"": [{""type"": ""VARIABLE_ALIAS"", ""id"": ""VariableID:2:7""}]}",null,Structural inventory; findings and text review identify assessed defects
14:403,14:409,14:406,FRAME,ios-wifi-signal,"[23, 0, 15, 11]","[""NONE"", ""FIXED"", ""FIXED"", ""NO_WRAP"", 0, 0, 0, 0, 0, true, ""AUTO"", {""horizontal"": ""MIN"", ""vertical"": ""MIN""}, null, null]",null,null,Structural inventory; findings and text review identify assessed defects
14:403,14:410,14:409,VECTOR,Vector,"[0.75, 1.8348000049591064, 12.856277465820312, 6.780544281005859]",null,"{""fills"": [{""type"": ""VARIABLE_ALIAS"", ""id"": ""VariableID:2:7""}]}",null,Structural inventory; findings and text review identify assessed defects
14:403,14:411,14:406,FRAME,ios-battery-full,"[44, 0, 25, 11]","[""NONE"", ""FIXED"", ""FIXED"", ""NO_WRAP"", 0, 0, 0, 0, 0, true, ""AUTO"", {""horizontal"": ""MIN"", ""vertical"": ""MIN""}, null, null]",null,null,Structural inventory; findings and text review identify assessed defects
14:403,14:412,14:411,VECTOR,Vector,"[0, 2.200000047683716, 24.400089263916016, 7.150000095367432]",null,"{""fills"": [{""type"": ""VARIABLE_ALIAS"", ""id"": ""VariableID:2:7""}]}",null,Structural inventory; findings and text review identify assessed defects
14:403,14:413,14:403,INSTANCE,Header / Mobile,"[0, 34, 390, 62]","[""HORIZONTAL"", ""FIXED"", ""HUG"", ""NO_WRAP"", 16, 24, 16, 24, 0, false, ""AUTO"", {""horizontal"": ""MIN"", ""vertical"": ""MIN""}, null, null]","{""strokes"": [{""type"": ""VARIABLE_ALIAS"", ""id"": ""VariableID:2:6""}]}",null,Structural inventory; findings and text review identify assessed defects
14:403,I14:413;13:330,14:413,FRAME,Brand Identity,"[24, 17, 146, 28]","[""HORIZONTAL"", ""HUG"", ""HUG"", ""NO_WRAP"", 0, 0, 0, 0, 10, false, ""AUTO"", {""horizontal"": ""MIN"", ""vertical"": ""MIN""}, null, null]",null,null,Structural inventory; findings and text review identify assessed defects
14:403,I14:413;13:331,I14:413;13:330,FRAME,Logo Mark,"[0, 0, 28, 28]","[""HORIZONTAL"", ""FIXED"", ""FIXED"", ""NO_WRAP"", 0, 0, 0, 0, 0, false, ""AUTO"", {""horizontal"": ""MIN"", ""vertical"": ""MIN""}, null, null]",null,null,Structural inventory; findings and text review identify assessed defects
14:403,I14:413;13:332,I14:413;13:331,FRAME,cross,"[6, 5, 16, 18]","[""HORIZONTAL"", ""FIXED"", ""FIXED"", ""NO_WRAP"", 0, 0, 0, 0, 0, true, ""AUTO"", {""horizontal"": ""MIN"", ""vertical"": ""MIN""}, null, null]",null,null,Structural inventory; findings and text review identify assessed defects
14:403,I14:413;13:333,I14:413;13:332,VECTOR,Vector,"[2, 3, 12, 12]",null,null,null,Structural inventory; findings and text review identify assessed defects
14:403,I14:413;13:334,I14:413;13:330,TEXT,Wordmark,"[38, 3, 108, 22]",null,"{""fills"": [{""type"": ""VARIABLE_ALIAS"", ""id"": ""VariableID:2:7""}]}",null,Structural inventory; findings and text review identify assessed defects
14:403,I14:413;13:335,14:413,FRAME,Menu Control,"[307, 16, 59, 30]","[""HORIZONTAL"", ""HUG"", ""HUG"", ""NO_WRAP"", 6, 12, 6, 12, 0, false, ""AUTO"", {""horizontal"": ""MIN"", ""vertical"": ""MIN""}, null, null]","{""strokes"": [{""type"": ""VARIABLE_ALIAS"", ""id"": ""VariableID:2:6""}]}","[{""action"": {""type"": ""NODE"", ""destinationId"": ""14:873"", ""navigation"": ""NAVIGATE"", ""transition"": null, ""resetVideoPosition"": false}, ""actions"": [{""type"": ""NODE"", ""destinationId"": ""14:873"", ""navigation"": ""NAVIGATE"", ""transition"": null, ""resetVideoPosition"": false}], ""trigger"": {""type"": ""ON_CLICK""}}]",Structural inventory; findings and text review identify assessed defects
14:403,I14:413;13:336,I14:413;13:335,TEXT,MENU,"[12, 6, 35, 18]",null,"{""fills"": [{""type"": ""VARIABLE_ALIAS"", ""id"": ""VariableID:2:8""}]}",null,Structural inventory; findings and text review identify assessed defects
14:403,14:421,14:403,FRAME,Hero Section,"[0, 96, 390, 579]","[""VERTICAL"", ""FILL"", ""HUG"", ""NO_WRAP"", 48, 24, 48, 24, 24, false, ""AUTO"", {""horizontal"": ""MIN"", ""vertical"": ""MIN""}, null, null]","{""itemSpacing"": {""type"": ""VARIABLE_ALIAS"", ""id"": ""VariableID:2:13""}, ""paddingLeft"": {""type"": ""VARIABLE_ALIAS"", ""id"": ""VariableID:2:13""}, ""paddingTop"": {""type"": ""VARIABLE_ALIAS"", ""id"": ""VariableID:2:15""}, ""paddingRight"": {""type"": ""VARIABLE_ALIAS"", ""id"": ""VariableID:2:13""}, ""paddingBottom"": {""type"": ""VARIABLE_ALIAS"", ""id"": ""VariableID:2:15""}}",null,Structural inventory; findings and text review identify assessed defects
14:403,14:422,14:421,TEXT,PLAIN-LANGUAGE EDUCATION,"[24, 48, 342, 18]",null,"{""fills"": [{""type"": ""VARIABLE_ALIAS"", ""id"": ""VariableID:2:10""}]}",null,Structural inventory; findings and text review identify assessed defects
14:403,14:423,14:421,TEXT,What is Generative Engine Optimization?,"[24, 90, 342, 80]",null,"{""fills"": [{""type"": ""VARIABLE_ALIAS"", ""id"": ""VariableID:2:7""}]}",null,Structural inventory; findings and text review identify assessed defects
14:403,14:424,14:421,TEXT,"Generative Engine Optimization (GEO) is the systematic work of helping your brand’s original insights, technical data, and platform offerings remain clear, accessible, and correctly indexable as search patterns transition toward AI-driven answer retrieval.","[24, 194, 342, 203]",null,"{""fills"": [{""type"": ""VARIABLE_ALIAS"", ""id"": ""VariableID:2:8""}]}",null,Structural inventory; findings and text review identify assessed defects
14:403,14:425,14:421,TEXT,"It focuses on structuring helpful, original business information to be understandable when search and AI systems retrieve or summarize it. It does not imply manipulating systems or using unprovable shortcuts.","[24, 421, 342, 110]",null,"{""fills"": [{""type"": ""VARIABLE_ALIAS"", ""id"": ""VariableID:2:8""}]}",null,Structural inventory; findings and text review identify assessed defects
14:403,14:426,14:403,FRAME,Questions Section,"[0, 675, 390, 1935]","[""VERTICAL"", ""FILL"", ""HUG"", ""NO_WRAP"", 48, 24, 48, 24, 32, false, ""AUTO"", {""horizontal"": ""MIN"", ""vertical"": ""MIN""}, null, null]","{""itemSpacing"": {""type"": ""VARIABLE_ALIAS"", ""id"": ""VariableID:2:14""}, ""paddingLeft"": {""type"": ""VARIABLE_ALIAS"", ""id"": ""VariableID:2:13""}, ""paddingTop"": {""type"": ""VARIABLE_ALIAS"", ""id"": ""VariableID:2:15""}, ""paddingRight"": {""type"": ""VARIABLE_ALIAS"", ""id"": ""VariableID:2:13""}, ""paddingBottom"": {""type"": ""VARIABLE_ALIAS"", ""id"": ""VariableID:2:15""}, ""fills"": [{""type"": ""VARIABLE_ALIAS"", ""id"": ""VariableID:2:4""}], ""strokes"": [{""type"": ""VARIABLE_ALIAS"", ""id"": ""VariableID:2:6""}]}",null,Structural inventory; findings and text review identify assessed defects
14:403,14:427,14:426,TEXT,FREQUENTLY EXAMINED CORE IDEAS,"[24, 48, 342, 18]",null,"{""fills"": [{""type"": ""VARIABLE_ALIAS"", ""id"": ""VariableID:2:10""}]}",null,Structural inventory; findings and text review identify assessed defects
14:403,14:428,14:426,FRAME,Frame,"[24, 98, 342, 1789]","[""VERTICAL"", ""FILL"", ""HUG"", ""NO_WRAP"", 0, 0, 0, 0, 20, false, ""AUTO"", {""horizontal"": ""MIN"", ""vertical"": ""MIN""}, null, null]",null,null,Structural inventory; findings and text review identify assessed defects
14:403,14:429,14:428,INSTANCE,Card / Audit area,"[0, 0, 342, 468]","[""VERTICAL"", ""FILL"", ""HUG"", ""NO_WRAP"", 32, 32, 32, 32, 16, false, ""AUTO"", {""horizontal"": ""MIN"", ""vertical"": ""MIN""}, null, null]","{""itemSpacing"": {""type"": ""VARIABLE_ALIAS"", ""id"": ""VariableID:2:12""}, ""paddingLeft"": {""type"": ""VARIABLE_ALIAS"", ""id"": ""VariableID:2:14""}, ""paddingTop"": {""type"": ""VARIABLE_ALIAS"", ""id"": ""VariableID:2:14""}, ""paddingRight"": {""type"": ""VARIABLE_ALIAS"", ""id"": ""VariableID:2:14""}, ""paddingBottom"": {""type"": ""VARIABLE_ALIAS"", ""id"": ""VariableID:2:14""}, ""fills"": [{""type"": ""VARIABLE_ALIAS"", ""id"": ""VariableID:2:4""}], ""strokes"": [{""type"": ""VARIABLE_ALIAS"", ""id"": ""VariableID:2:6""}]}",null,Structural inventory; findings and text review identify assessed defects
14:403,I14:429;3:10,14:429,TEXT,Index,"[33, 33, 276, 18]",null,"{""fills"": [{""type"": ""VARIABLE_ALIAS"", ""id"": ""VariableID:2:10""}]}",null,Structural inventory; findings and text review identify assessed defects
14:403,I14:429;3:11,14:429,TEXT,Title,"[33, 67, 276, 62]",null,"{""fills"": [{""type"": ""VARIABLE_ALIAS"", ""id"": ""VariableID:2:7""}]}",null,Structural inventory; findings and text review identify assessed defects
14:403,I14:429;3:12,14:429,TEXT,Body,"[33, 145, 276, 290]",null,"{""fills"": [{""type"": ""VARIABLE_ALIAS"", ""id"": ""VariableID:2:8""}]}",null,Structural inventory; findings and text review identify assessed defects
14:403,14:433,14:428,INSTANCE,Card / Audit area,"[0, 488, 342, 410]","[""VERTICAL"", ""FILL"", ""HUG"", ""NO_WRAP"", 32, 32, 32, 32, 16, false, ""AUTO"", {""horizontal"": ""MIN"", ""vertical"": ""MIN""}, null, null]","{""itemSpacing"": {""type"": ""VARIABLE_ALIAS"", ""id"": ""VariableID:2:12""}, ""paddingLeft"": {""type"": ""VARIABLE_ALIAS"", ""id"": ""VariableID:2:14""}, ""paddingTop"": {""type"": ""VARIABLE_ALIAS"", ""id"": ""VariableID:2:14""}, ""paddingRight"": {""type"": ""VARIABLE_ALIAS"", ""id"": ""VariableID:2:14""}, ""paddingBottom"": {""type"": ""VARIABLE_ALIAS"", ""id"": ""VariableID:2:14""}, ""fills"": [{""type"": ""VARIABLE_ALIAS"", ""id"": ""VariableID:2:4""}], ""strokes"": [{""type"": ""VARIABLE_ALIAS"", ""id"": ""VariableID:2:6""}]}",null,Structural inventory; findings and text review identify assessed defects
14:403,I14:433;3:10,14:433,TEXT,Index,"[33, 33, 276, 18]",null,"{""fills"": [{""type"": ""VARIABLE_ALIAS"", ""id"": ""VariableID:2:10""}]}",null,Structural inventory; findings and text review identify assessed defects
14:403,I14:433;3:11,14:433,TEXT,Title,"[33, 67, 276, 62]",null,"{""fills"": [{""type"": ""VARIABLE_ALIAS"", ""id"": ""VariableID:2:7""}]}",null,Structural inventory; findings and text review identify assessed defects
14:403,I14:433;3:12,14:433,TEXT,Body,"[33, 145, 276, 232]",null,"{""fills"": [{""type"": ""VARIABLE_ALIAS"", ""id"": ""VariableID:2:8""}]}",null,Structural inventory; findings and text review identify assessed defects
14:403,14:437,14:428,INSTANCE,Card / Audit area,"[0, 918, 342, 441]","[""VERTICAL"", ""FILL"", ""HUG"", ""NO_WRAP"", 32, 32, 32, 32, 16, false, ""AUTO"", {""horizontal"": ""MIN"", ""vertical"": ""MIN""}, null, null]","{""itemSpacing"": {""type"": ""VARIABLE_ALIAS"", ""id"": ""VariableID:2:12""}, ""paddingLeft"": {""type"": ""VARIABLE_ALIAS"", ""id"": ""VariableID:2:14""}, ""paddingTop"": {""type"": ""VARIABLE_ALIAS"", ""id"": ""VariableID:2:14""}, ""paddingRight"": {""type"": ""VARIABLE_ALIAS"", ""id"": ""VariableID:2:14""}, ""paddingBottom"": {""type"": ""VARIABLE_ALIAS"", ""id"": ""VariableID:2:14""}, ""fills"": [{""type"": ""VARIABLE_ALIAS"", ""id"": ""VariableID:2:4""}], ""strokes"": [{""type"": ""VARIABLE_ALIAS"", ""id"": ""VariableID:2:6""}]}",null,Structural inventory; findings and text review identify assessed defects
14:403,I14:437;3:10,14:437,TEXT,Index,"[33, 33, 276, 18]",null,"{""fills"": [{""type"": ""VARIABLE_ALIAS"", ""id"": ""VariableID:2:10""}]}",null,Structural inventory; findings and text review identify assessed defects
14:403,I14:437;3:11,14:437,TEXT,Title,"[33, 67, 276, 93]",null,"{""fills"": [{""type"": ""VARIABLE_ALIAS"", ""id"": ""VariableID:2:7""}]}",null,Structural inventory; findings and text review identify assessed defects
14:403,I14:437;3:12,14:437,TEXT,Body,"[33, 176, 276, 232]",null,"{""fills"": [{""type"": ""VARIABLE_ALIAS"", ""id"": ""VariableID:2:8""}]}",null,Structural inventory; findings and text review identify assessed defects
14:403,14:441,14:428,INSTANCE,Card / Audit area,"[0, 1379, 342, 410]","[""VERTICAL"", ""FILL"", ""HUG"", ""NO_WRAP"", 32, 32, 32, 32, 16, false, ""AUTO"", {""horizontal"": ""MIN"", ""vertical"": ""MIN""}, null, null]","{""itemSpacing"": {""type"": ""VARIABLE_ALIAS"", ""id"": ""VariableID:2:12""}, ""paddingLeft"": {""type"": ""VARIABLE_ALIAS"", ""id"": ""VariableID:2:14""}, ""paddingTop"": {""type"": ""VARIABLE_ALIAS"", ""id"": ""VariableID:2:14""}, ""paddingRight"": {""type"": ""VARIABLE_ALIAS"", ""id"": ""VariableID:2:14""}, ""paddingBottom"": {""type"": ""VARIABLE_ALIAS"", ""id"": ""VariableID:2:14""}, ""fills"": [{""type"": ""VARIABLE_ALIAS"", ""id"": ""VariableID:2:4""}], ""strokes"": [{""type"": ""VARIABLE_ALIAS"", ""id"": ""VariableID:2:6""}]}",null,Structural inventory; findings and text review identify assessed defects
14:403,I14:441;3:10,14:441,TEXT,Index,"[33, 33, 276, 18]",null,"{""fills"": [{""type"": ""VARIABLE_ALIAS"", ""id"": ""VariableID:2:10""}]}",null,Structural inventory; findings and text review identify assessed defects
14:403,I14:441;3:11,14:441,TEXT,Title,"[33, 67, 276, 62]",null,"{""fills"": [{""type"": ""VARIABLE_ALIAS"", ""id"": ""VariableID:2:7""}]}",null,Structural inventory; findings and text review identify assessed defects
14:403,I14:441;3:12,14:441,TEXT,Body,"[33, 145, 276, 232]",null,"{""fills"": [{""type"": ""VARIABLE_ALIAS"", ""id"": ""VariableID:2:8""}]}",null,Structural inventory; findings and text review identify assessed defects
14:403,14:445,14:403,FRAME,Conceptual Flow Section,"[0, 2610, 390, 882]","[""VERTICAL"", ""FILL"", ""HUG"", ""NO_WRAP"", 48, 24, 48, 24, 32, false, ""AUTO"", {""horizontal"": ""MIN"", ""vertical"": ""MIN""}, null, null]","{""itemSpacing"": {""type"": ""VARIABLE_ALIAS"", ""id"": ""VariableID:2:14""}, ""paddingLeft"": {""type"": ""VARIABLE_ALIAS"", ""id"": ""VariableID:2:13""}, ""paddingTop"": {""type"": ""VARIABLE_ALIAS"", ""id"": ""VariableID:2:15""}, ""paddingRight"": {""type"": ""VARIABLE_ALIAS"", ""id"": ""VariableID:2:13""}, ""paddingBottom"": {""type"": ""VARIABLE_ALIAS"", ""id"": ""VariableID:2:15""}}",null,Structural inventory; findings and text review identify assessed defects
14:403,14:446,14:445,FRAME,Frame,"[24, 48, 342, 110]","[""VERTICAL"", ""FILL"", ""HUG"", ""NO_WRAP"", 0, 0, 0, 0, 12, false, ""AUTO"", {""horizontal"": ""MIN"", ""vertical"": ""MIN""}, null, null]",null,null,Structural inventory; findings and text review identify assessed defects
14:403,14:447,14:446,TEXT,CONCEPTUAL ARCHITECTURE,"[0, 0, 342, 18]",null,"{""fills"": [{""type"": ""VARIABLE_ALIAS"", ""id"": ""VariableID:2:10""}]}",null,Structural inventory; findings and text review identify assessed defects
14:403,14:448,14:446,TEXT,Proposed Information Flow Model,"[0, 30, 342, 80]",null,"{""fills"": [{""type"": ""VARIABLE_ALIAS"", ""id"": ""VariableID:2:7""}]}",null,Structural inventory; findings and text review identify assessed defects
14:403,14:449,14:445,FRAME,Diagram Sequence,"[24, 190, 342, 546]","[""VERTICAL"", ""FILL"", ""HUG"", ""NO_WRAP"", 24, 24, 24, 24, 24, false, ""AUTO"", {""horizontal"": ""MIN"", ""vertical"": ""MIN""}, null, null]","{""paddingLeft"": {""type"": ""VARIABLE_ALIAS"", ""id"": ""VariableID:2:13""}, ""paddingTop"": {""type"": ""VARIABLE_ALIAS"", ""id"": ""VariableID:2:13""}, ""paddingRight"": {""type"": ""VARIABLE_ALIAS"", ""id"": ""VariableID:2:13""}, ""paddingBottom"": {""type"": ""VARIABLE_ALIAS"", ""id"": ""VariableID:2:13""}, ""fills"": [{""type"": ""VARIABLE_ALIAS"", ""id"": ""VariableID:2:5""}], ""strokes"": [{""type"": ""VARIABLE_ALIAS"", ""id"": ""VariableID:2:6""}]}",null,Structural inventory; findings and text review identify assessed defects
14:403,14:450,14:449,FRAME,Frame,"[24, 24, 294, 109]","[""VERTICAL"", ""FILL"", ""HUG"", ""NO_WRAP"", 0, 0, 0, 0, 8, false, ""AUTO"", {""horizontal"": ""MIN"", ""vertical"": ""MIN""}, null, null]",null,null,Structural inventory; findings and text review identify assessed defects
14:403,14:451,14:450,TEXT,PHASE 01,"[0, 0, 294, 18]",null,"{""fills"": [{""type"": ""VARIABLE_ALIAS"", ""id"": ""VariableID:2:10""}]}",null,Structural inventory; findings and text review identify assessed defects
14:403,14:452,14:450,TEXT,SEO Foundations,"[0, 26, 294, 31]",null,"{""fills"": [{""type"": ""VARIABLE_ALIAS"", ""id"": ""VariableID:2:7""}]}",null,Structural inventory; findings and text review identify assessed defects
14:403,14:453,14:450,TEXT,"Technical crawlability, clean schema structure, and high site-accessibility metrics.","[0, 65, 294, 44]",null,"{""fills"": [{""type"": ""VARIABLE_ALIAS"", ""id"": ""VariableID:2:8""}]}",null,Structural inventory; findings and text review identify assessed defects
14:403,14:454,14:449,LINE,Line,"[24, 157, 294, 0]",null,"{""strokes"": [{""type"": ""VARIABLE_ALIAS"", ""id"": ""VariableID:2:6""}]}",null,Structural inventory; findings and text review identify assessed defects
14:403,14:455,14:449,FRAME,Frame,"[24, 181, 294, 131]","[""VERTICAL"", ""FILL"", ""HUG"", ""NO_WRAP"", 0, 0, 0, 0, 8, false, ""AUTO"", {""horizontal"": ""MIN"", ""vertical"": ""MIN""}, null, null]",null,null,Structural inventory; findings and text review identify assessed defects
14:403,14:456,14:455,TEXT,PHASE 02,"[0, 0, 294, 18]",null,"{""fills"": [{""type"": ""VARIABLE_ALIAS"", ""id"": ""VariableID:2:10""}]}",null,Structural inventory; findings and text review identify assessed defects
14:403,14:457,14:455,TEXT,Clear Source Content,"[0, 26, 294, 31]",null,"{""fills"": [{""type"": ""VARIABLE_ALIAS"", ""id"": ""VariableID:2:7""}]}",null,Structural inventory; findings and text review identify assessed defects
14:403,14:458,14:455,TEXT,"Factual, authoritative brand copy, documented claims, and clear structural relationships.","[0, 65, 294, 66]",null,"{""fills"": [{""type"": ""VARIABLE_ALIAS"", ""id"": ""VariableID:2:8""}]}",null,Structural inventory; findings and text review identify assessed defects
14:403,14:459,14:449,LINE,Line,"[24, 336, 294, 0]",null,"{""strokes"": [{""type"": ""VARIABLE_ALIAS"", ""id"": ""VariableID:2:6""}]}",null,Structural inventory; findings and text review identify assessed defects
14:403,14:460,14:449,FRAME,Frame,"[24, 360, 294, 162]","[""VERTICAL"", ""FILL"", ""HUG"", ""NO_WRAP"", 0, 0, 0, 0, 8, false, ""AUTO"", {""horizontal"": ""MIN"", ""vertical"": ""MIN""}, null, null]",null,null,Structural inventory; findings and text review identify assessed defects
14:403,14:461,14:460,TEXT,PHASE 03,"[0, 0, 294, 18]",null,null,null,Structural inventory; findings and text review identify assessed defects
14:403,14:462,14:460,TEXT,System-Specific Observation,"[0, 26, 294, 62]",null,"{""fills"": [{""type"": ""VARIABLE_ALIAS"", ""id"": ""VariableID:2:7""}]}",null,Structural inventory; findings and text review identify assessed defects
14:403,14:463,14:460,TEXT,"Documenting actual engine responses, capturing prompt variables, and preserving context over time.","[0, 96, 294, 66]",null,"{""fills"": [{""type"": ""VARIABLE_ALIAS"", ""id"": ""VariableID:2:8""}]}",null,Structural inventory; findings and text review identify assessed defects
14:403,14:464,14:445,TEXT,Note: This diagram is a conceptual framework for proposed service tracking and education; it is not a representation of any private ranking formula.,"[24, 768, 342, 66]",null,"{""fills"": [{""type"": ""VARIABLE_ALIAS"", ""id"": ""VariableID:2:8""}]}",null,Structural inventory; findings and text review identify assessed defects
14:403,14:465,14:403,FRAME,Action Area,"[0, 3492, 390, 302]","[""VERTICAL"", ""FILL"", ""HUG"", ""NO_WRAP"", 48, 24, 48, 24, 24, false, ""AUTO"", {""horizontal"": ""MIN"", ""vertical"": ""MIN""}, null, null]","{""paddingLeft"": {""type"": ""VARIABLE_ALIAS"", ""id"": ""VariableID:2:13""}, ""paddingTop"": {""type"": ""VARIABLE_ALIAS"", ""id"": ""VariableID:2:15""}, ""paddingRight"": {""type"": ""VARIABLE_ALIAS"", ""id"": ""VariableID:2:13""}, ""paddingBottom"": {""type"": ""VARIABLE_ALIAS"", ""id"": ""VariableID:2:15""}, ""fills"": [{""type"": ""VARIABLE_ALIAS"", ""id"": ""VariableID:2:5""}], ""strokes"": [{""type"": ""VARIABLE_ALIAS"", ""id"": ""VariableID:2:6""}]}",null,Structural inventory; findings and text review identify assessed defects
14:403,14:466,14:465,TEXT,Continue exploring the proposed framework,"[24, 48, 342, 62]",null,"{""fills"": [{""type"": ""VARIABLE_ALIAS"", ""id"": ""VariableID:2:7""}]}",null,Structural inventory; findings and text review identify assessed defects
14:403,14:467,14:465,FRAME,Frame,"[24, 134, 342, 120]","[""VERTICAL"", ""FILL"", ""HUG"", ""NO_WRAP"", 0, 0, 0, 0, 16, false, ""AUTO"", {""horizontal"": ""MIN"", ""vertical"": ""MIN""}, null, null]",null,null,Structural inventory; findings and text review identify assessed defects
14:403,14:468,14:467,INSTANCE,Button / Primary,"[0, 0, 342, 54]","[""VERTICAL"", ""FILL"", ""HUG"", ""NO_WRAP"", 16, 16, 16, 16, 16, false, ""AUTO"", {""horizontal"": ""MIN"", ""vertical"": ""MIN""}, null, null]","{""itemSpacing"": {""type"": ""VARIABLE_ALIAS"", ""id"": ""VariableID:2:12""}, ""paddingLeft"": {""type"": ""VARIABLE_ALIAS"", ""id"": ""VariableID:2:12""}, ""paddingTop"": {""type"": ""VARIABLE_ALIAS"", ""id"": ""VariableID:2:12""}, ""paddingRight"": {""type"": ""VARIABLE_ALIAS"", ""id"": ""VariableID:2:12""}, ""paddingBottom"": {""type"": ""VARIABLE_ALIAS"", ""id"": ""VariableID:2:12""}, ""fills"": [{""type"": ""VARIABLE_ALIAS"", ""id"": ""VariableID:2:9""}]}","[{""action"": {""type"": ""NODE"", ""destinationId"": ""14:266"", ""navigation"": ""NAVIGATE"", ""transition"": null, ""resetVideoPosition"": false}, ""actions"": [{""type"": ""NODE"", ""destinationId"": ""14:266"", ""navigation"": ""NAVIGATE"", ""transition"": null, ""resetVideoPosition"": false}], ""trigger"": {""type"": ""ON_CLICK""}}]",Structural inventory; findings and text review identify assessed defects
14:403,I14:468;3:8,14:468,TEXT,Label,"[16, 16, 310, 22]",null,"{""fills"": [{""type"": ""VARIABLE_ALIAS"", ""id"": ""VariableID:2:3""}]}",null,Structural inventory; findings and text review identify assessed defects
14:403,14:470,14:467,FRAME,Research / Evidence Route,"[0, 70, 342, 50]","[""HORIZONTAL"", ""FILL"", ""HUG"", ""NO_WRAP"", 16, 16, 16, 16, 0, false, ""AUTO"", {""horizontal"": ""MIN"", ""vertical"": ""MIN""}, null, null]","{""paddingLeft"": {""type"": ""VARIABLE_ALIAS"", ""id"": ""VariableID:2:12""}, ""paddingTop"": {""type"": ""VARIABLE_ALIAS"", ""id"": ""VariableID:2:12""}, ""paddingRight"": {""type"": ""VARIABLE_ALIAS"", ""id"": ""VariableID:2:12""}, ""paddingBottom"": {""type"": ""VARIABLE_ALIAS"", ""id"": ""VariableID:2:12""}, ""strokes"": [{""type"": ""VARIABLE_ALIAS"", ""id"": ""VariableID:2:6""}]}","[{""action"": {""type"": ""NODE"", ""destinationId"": ""14:592"", ""navigation"": ""NAVIGATE"", ""transition"": null, ""resetVideoPosition"": false}, ""actions"": [{""type"": ""NODE"", ""destinationId"": ""14:592"", ""navigation"": ""NAVIGATE"", ""transition"": null, ""resetVideoPosition"": false}], ""trigger"": {""type"": ""ON_CLICK""}}]",Structural inventory; findings and text review identify assessed defects
14:403,14:471,14:470,TEXT,Research / Evidence (Concept Page),"[64, 16, 214, 18]",null,"{""fills"": [{""type"": ""VARIABLE_ALIAS"", ""id"": ""VariableID:2:10""}]}",null,Structural inventory; findings and text review identify assessed defects
14:403,14:472,14:403,INSTANCE,Footer / Mobile,"[0, 3794, 390, 557]","[""VERTICAL"", ""FIXED"", ""FIXED"", ""NO_WRAP"", 48, 24, 48, 24, 32, false, ""AUTO"", {""horizontal"": ""MIN"", ""vertical"": ""MIN""}, null, null]","{""paddingLeft"": {""type"": ""VARIABLE_ALIAS"", ""id"": ""VariableID:2:13""}, ""paddingTop"": {""type"": ""VARIABLE_ALIAS"", ""id"": ""VariableID:2:15""}, ""paddingRight"": {""type"": ""VARIABLE_ALIAS"", ""id"": ""VariableID:2:13""}, ""paddingBottom"": {""type"": ""VARIABLE_ALIAS"", ""id"": ""VariableID:2:15""}, ""strokes"": [{""type"": ""VARIABLE_ALIAS"", ""id"": ""VariableID:2:6""}]}",null,Structural inventory; findings and text review identify assessed defects
14:403,I14:472;13:451,14:472,FRAME,Frame,"[24, 48, 342, 86]","[""VERTICAL"", ""FILL"", ""HUG"", ""NO_WRAP"", 0, 0, 0, 0, 12, false, ""AUTO"", {""horizontal"": ""MIN"", ""vertical"": ""MIN""}, null, null]",null,null,Structural inventory; findings and text review identify assessed defects
14:403,I14:472;13:452,I14:472;13:451,TEXT,MindLeverX.,"[0, 0, 135, 30]",null,"{""fills"": [{""type"": ""VARIABLE_ALIAS"", ""id"": ""VariableID:2:7""}]}",null,Structural inventory; findings and text review identify assessed defects
14:403,I14:472;13:453,I14:472;13:451,TEXT,A proposed evidence-led Generative Engine Optimization review concept.,"[0, 42, 342, 44]",null,"{""fills"": [{""type"": ""VARIABLE_ALIAS"", ""id"": ""VariableID:2:8""}]}",null,Structural inventory; findings and text review identify assessed defects
14:403,I14:472;13:454,14:472,FRAME,Frame,"[24, 166, 342, 212]","[""VERTICAL"", ""FILL"", ""HUG"", ""NO_WRAP"", 0, 0, 0, 0, 16, false, ""AUTO"", {""horizontal"": ""MIN"", ""vertical"": ""MIN""}, null, null]",null,null,Structural inventory; findings and text review identify assessed defects
14:403,I14:472;13:455,I14:472;13:454,TEXT,Home,"[0, 0, 39, 22]",null,"{""fills"": [{""type"": ""VARIABLE_ALIAS"", ""id"": ""VariableID:2:8""}]}","[{""action"": {""type"": ""NODE"", ""destinationId"": ""13:322"", ""navigation"": ""NAVIGATE"", ""transition"": null, ""resetVideoPosition"": false}, ""actions"": [{""type"": ""NODE"", ""destinationId"": ""13:322"", ""navigation"": ""NAVIGATE"", ""transition"": null, ""resetVideoPosition"": false}], ""trigger"": {""type"": ""ON_CLICK""}}]",Structural inventory; findings and text review identify assessed defects
14:403,I14:472;13:456,I14:472;13:454,TEXT,Method,"[0, 38, 51, 22]",null,"{""fills"": [{""type"": ""VARIABLE_ALIAS"", ""id"": ""VariableID:2:8""}]}","[{""action"": {""type"": ""NODE"", ""destinationId"": ""14:266"", ""navigation"": ""NAVIGATE"", ""transition"": null, ""resetVideoPosition"": false}, ""actions"": [{""type"": ""NODE"", ""destinationId"": ""14:266"", ""navigation"": ""NAVIGATE"", ""transition"": null, ""resetVideoPosition"": false}], ""trigger"": {""type"": ""ON_CLICK""}}]",Structural inventory; findings and text review identify assessed defects
14:403,I14:472;13:457,I14:472;13:454,TEXT,What is GEO,"[0, 76, 82, 22]",null,"{""fills"": [{""type"": ""VARIABLE_ALIAS"", ""id"": ""VariableID:2:8""}]}","[{""action"": {""type"": ""NODE"", ""destinationId"": ""14:403"", ""navigation"": ""NAVIGATE"", ""transition"": null, ""resetVideoPosition"": false}, ""actions"": [{""type"": ""NODE"", ""destinationId"": ""14:403"", ""navigation"": ""NAVIGATE"", ""transition"": null, ""resetVideoPosition"": false}], ""trigger"": {""type"": ""ON_CLICK""}}]",Structural inventory; findings and text review identify assessed defects
14:403,I14:472;13:458,I14:472;13:454,TEXT,Example Report,"[0, 114, 103, 22]",null,"{""fills"": [{""type"": ""VARIABLE_ALIAS"", ""id"": ""VariableID:2:8""}]}","[{""action"": {""type"": ""NODE"", ""destinationId"": ""14:489"", ""navigation"": ""NAVIGATE"", ""transition"": null, ""resetVideoPosition"": false}, ""actions"": [{""type"": ""NODE"", ""destinationId"": ""14:489"", ""navigation"": ""NAVIGATE"", ""transition"": null, ""resetVideoPosition"": false}], ""trigger"": {""type"": ""ON_CLICK""}}]",Structural inventory; findings and text review identify assessed defects
14:403,I14:472;13:459,I14:472;13:454,TEXT,About,"[0, 152, 40, 22]",null,"{""fills"": [{""type"": ""VARIABLE_ALIAS"", ""id"": ""VariableID:2:8""}]}","[{""action"": {""type"": ""NODE"", ""destinationId"": ""14:701"", ""navigation"": ""NAVIGATE"", ""transition"": null, ""resetVideoPosition"": false}, ""actions"": [{""type"": ""NODE"", ""destinationId"": ""14:701"", ""navigation"": ""NAVIGATE"", ""transition"": null, ""resetVideoPosition"": false}], ""trigger"": {""type"": ""ON_CLICK""}}]",Structural inventory; findings and text review identify assessed defects
14:403,I14:472;13:460,I14:472;13:454,TEXT,Availability,"[0, 190, 70, 22]",null,"{""fills"": [{""type"": ""VARIABLE_ALIAS"", ""id"": ""VariableID:2:10""}]}","[{""action"": {""type"": ""NODE"", ""destinationId"": ""14:785"", ""navigation"": ""NAVIGATE"", ""transition"": null, ""resetVideoPosition"": false}, ""actions"": [{""type"": ""NODE"", ""destinationId"": ""14:785"", ""navigation"": ""NAVIGATE"", ""transition"": null, ""resetVideoPosition"": false}], ""trigger"": {""type"": ""ON_CLICK""}}]",Structural inventory; findings and text review identify assessed defects
14:403,I14:472;13:461,14:472,RECTANGLE,Rectangle,"[24, 410, 342, 1]",null,"{""fills"": [{""type"": ""VARIABLE_ALIAS"", ""id"": ""VariableID:2:6""}]}",null,Structural inventory; findings and text review identify assessed defects
14:403,I14:472;13:462,14:472,TEXT,"DESIGN CONCEPT · SEP 2026 — Offer, pricing, timing, collection, delivery, and availability remain subject to owner decisions.","[24, 443, 342, 66]",null,"{""fills"": [{""type"": ""VARIABLE_ALIAS"", ""id"": ""VariableID:2:8""}]}",null,Structural inventory; findings and text review identify assessed defects
14:403,14:485,14:403,FRAME,Home Indicator Bar,"[0, 4351, 390, 33]","[""VERTICAL"", ""FILL"", ""HUG"", ""NO_WRAP"", 20, 0, 8, 0, 0, false, ""AUTO"", {""horizontal"": ""MIN"", ""vertical"": ""MIN""}, null, null]",null,null,Structural inventory; findings and text review identify assessed defects
14:403,14:486,14:485,RECTANGLE,Rectangle,"[125, 20, 140, 5]",null,"{""fills"": [{""type"": ""VARIABLE_ALIAS"", ""id"": ""VariableID:2:6""}]}",null,Structural inventory; findings and text review identify assessed defects
13:43,13:43,0:1,FRAME,site-plan,"[3140, 876, 1440, 2445]","[""VERTICAL"", ""FIXED"", ""HUG"", ""NO_WRAP"", 64, 80, 96, 80, 48, false, ""AUTO"", {""horizontal"": ""MIN"", ""vertical"": ""MIN""}, null, null]","{""fills"": [{""type"": ""VARIABLE_ALIAS"", ""id"": ""VariableID:2:3""}]}",null,Structural inventory; findings and text review identify assessed defects
13:43,13:44,13:43,FRAME,Frame,"[80, 64, 1280, 198]","[""VERTICAL"", ""FILL"", ""HUG"", ""NO_WRAP"", 0, 0, 0, 0, 24, false, ""AUTO"", {""horizontal"": ""MIN"", ""vertical"": ""MIN""}, null, null]",null,null,Structural inventory; findings and text review identify assessed defects
13:43,13:45,13:44,FRAME,Frame,"[0, 0, 1280, 47]","[""HORIZONTAL"", ""FILL"", ""HUG"", ""NO_WRAP"", 0, 0, 0, 0, 0, false, ""AUTO"", {""horizontal"": ""MIN"", ""vertical"": ""MIN""}, null, null]",null,null,Structural inventory; findings and text review identify assessed defects
13:43,13:46,13:45,FRAME,Frame,"[0, 0, 172, 47]","[""HORIZONTAL"", ""HUG"", ""HUG"", ""NO_WRAP"", 0, 0, 0, 0, 16, false, ""AUTO"", {""horizontal"": ""MIN"", ""vertical"": ""MIN""}, null, null]",null,null,Structural inventory; findings and text review identify assessed defects
13:43,13:47,13:46,FRAME,Frame,"[0, 3.5, 40, 40]","[""HORIZONTAL"", ""FIXED"", ""FIXED"", ""NO_WRAP"", 0, 0, 0, 0, 0, false, ""AUTO"", {""horizontal"": ""MIN"", ""vertical"": ""MIN""}, null, null]","{""fills"": [{""type"": ""VARIABLE_ALIAS"", ""id"": ""VariableID:2:4""}], ""strokes"": [{""type"": ""VARIABLE_ALIAS"", ""id"": ""VariableID:2:6""}]}",null,Structural inventory; findings and text review identify assessed defects
13:43,13:48,13:47,TEXT,X,"[12.5, 5, 15, 30]",null,null,null,Structural inventory; findings and text review identify assessed defects
13:43,13:49,13:46,FRAME,Frame,"[56, 0, 116, 47]","[""VERTICAL"", ""HUG"", ""HUG"", ""NO_WRAP"", 0, 0, 0, 0, 4, false, ""AUTO"", {""horizontal"": ""MIN"", ""vertical"": ""MIN""}, null, null]",null,null,Structural inventory; findings and text review identify assessed defects
13:43,13:50,13:49,TEXT,MindLeverX,"[0, 0, 116, 27]",null,"{""fills"": [{""type"": ""VARIABLE_ALIAS"", ""id"": ""VariableID:2:7""}]}",null,Structural inventory; findings and text review identify assessed defects
13:43,13:51,13:49,TEXT,PLANNING ARTIFACT,"[0, 31, 115, 16]",null,"{""fills"": [{""type"": ""VARIABLE_ALIAS"", ""id"": ""VariableID:2:8""}]}",null,Structural inventory; findings and text review identify assessed defects
13:43,13:52,13:45,FRAME,Frame,"[1180, 12.5, 100, 22]","[""HORIZONTAL"", ""HUG"", ""HUG"", ""NO_WRAP"", 4, 10, 4, 10, 0, false, ""AUTO"", {""horizontal"": ""MIN"", ""vertical"": ""MIN""}, null, null]",null,null,Structural inventory; findings and text review identify assessed defects
13:43,13:53,13:52,TEXT,Review Draft,"[10, 4, 80, 14]",null,null,null,Structural inventory; findings and text review identify assessed defects
13:43,13:54,13:44,FRAME,Frame,"[0, 71, 1280, 127]","[""VERTICAL"", ""FILL"", ""HUG"", ""NO_WRAP"", 0, 0, 0, 0, 12, false, ""AUTO"", {""horizontal"": ""MIN"", ""vertical"": ""MIN""}, null, null]",null,null,Structural inventory; findings and text review identify assessed defects
13:43,13:55,13:54,TEXT,Site Structure & Content Architecture,"[0, 0, 1280, 57]",null,"{""fills"": [{""type"": ""VARIABLE_ALIAS"", ""id"": ""VariableID:2:7""}]}",null,Structural inventory; findings and text review identify assessed defects
13:43,13:56,13:54,TEXT,"A structured plan for the proposed MindLeverX website concept. This mapping defines the site flow, sitemap hierarchy, and section intent, ensuring all content aligns with absolute truthfulness guidelines and product capabilities.","[0, 69, 1280, 58]",null,"{""fills"": [{""type"": ""VARIABLE_ALIAS"", ""id"": ""VariableID:2:8""}]}",null,Structural inventory; findings and text review identify assessed defects
13:43,13:57,13:43,LINE,Line,"[80, 310, 1280, 0]",null,"{""strokes"": [{""type"": ""VARIABLE_ALIAS"", ""id"": ""VariableID:2:6""}]}",null,Structural inventory; findings and text review identify assessed defects
13:43,13:58,13:43,FRAME,Frame,"[80, 358, 1280, 671]","[""VERTICAL"", ""FILL"", ""HUG"", ""NO_WRAP"", 0, 0, 0, 0, 32, false, ""AUTO"", {""horizontal"": ""MIN"", ""vertical"": ""MIN""}, null, null]",null,null,Structural inventory; findings and text review identify assessed defects
13:43,13:59,13:58,FRAME,Frame,"[0, 0, 1280, 87]","[""VERTICAL"", ""FILL"", ""HUG"", ""NO_WRAP"", 0, 0, 0, 0, 8, false, ""AUTO"", {""horizontal"": ""MIN"", ""vertical"": ""MIN""}, null, null]",null,null,Structural inventory; findings and text review identify assessed defects
13:43,13:60,13:59,TEXT,Section 1,"[0, 0, 1280, 18]",null,"{""fills"": [{""type"": ""VARIABLE_ALIAS"", ""id"": ""VariableID:2:9""}]}",null,Structural inventory; findings and text review identify assessed defects
13:43,13:61,13:59,TEXT,Proposed Sitemap (Navigation Structure),"[0, 26, 1280, 31]",null,"{""fills"": [{""type"": ""VARIABLE_ALIAS"", ""id"": ""VariableID:2:7""}]}",null,Structural inventory; findings and text review identify assessed defects
13:43,13:62,13:59,TEXT,Our recommended structure emphasizes high-scannability and strict honesty regarding availability.,"[0, 65, 1280, 22]",null,"{""fills"": [{""type"": ""VARIABLE_ALIAS"", ""id"": ""VariableID:2:8""}]}",null,Structural inventory; findings and text review identify assessed defects
13:43,13:63,13:58,FRAME,Frame,"[0, 119, 1280, 552]","[""HORIZONTAL"", ""FILL"", ""HUG"", ""WRAP"", 0, 0, 0, 0, 24, false, ""AUTO"", {""horizontal"": ""MIN"", ""vertical"": ""MIN""}, null, null]",null,null,Structural inventory; findings and text review identify assessed defects
13:43,13:64,13:63,INSTANCE,Card / Audit area,"[0, 0, 400, 263]","[""VERTICAL"", ""FIXED"", ""HUG"", ""NO_WRAP"", 32, 32, 32, 32, 16, false, ""AUTO"", {""horizontal"": ""MIN"", ""vertical"": ""MIN""}, null, null]","{""itemSpacing"": {""type"": ""VARIABLE_ALIAS"", ""id"": ""VariableID:2:12""}, ""paddingLeft"": {""type"": ""VARIABLE_ALIAS"", ""id"": ""VariableID:2:14""}, ""paddingTop"": {""type"": ""VARIABLE_ALIAS"", ""id"": ""VariableID:2:14""}, ""paddingRight"": {""type"": ""VARIABLE_ALIAS"", ""id"": ""VariableID:2:14""}, ""paddingBottom"": {""type"": ""VARIABLE_ALIAS"", ""id"": ""VariableID:2:14""}, ""fills"": [{""type"": ""VARIABLE_ALIAS"", ""id"": ""VariableID:2:4""}], ""strokes"": [{""type"": ""VARIABLE_ALIAS"", ""id"": ""VariableID:2:6""}]}",null,Structural inventory; findings and text review identify assessed defects
13:43,I13:64;3:10,13:64,TEXT,Index,"[33, 33, 334, 18]",null,"{""fills"": [{""type"": ""VARIABLE_ALIAS"", ""id"": ""VariableID:2:10""}]}",null,Structural inventory; findings and text review identify assessed defects
13:43,I13:64;3:11,13:64,TEXT,Title,"[33, 67, 334, 31]",null,"{""fills"": [{""type"": ""VARIABLE_ALIAS"", ""id"": ""VariableID:2:7""}]}",null,Structural inventory; findings and text review identify assessed defects
13:43,I13:64;3:12,13:64,TEXT,Body,"[33, 114, 334, 116]",null,"{""fills"": [{""type"": ""VARIABLE_ALIAS"", ""id"": ""VariableID:2:8""}]}",null,Structural inventory; findings and text review identify assessed defects
13:43,13:68,13:63,INSTANCE,Card / Audit area,"[424, 0, 400, 263]","[""VERTICAL"", ""FIXED"", ""HUG"", ""NO_WRAP"", 32, 32, 32, 32, 16, false, ""AUTO"", {""horizontal"": ""MIN"", ""vertical"": ""MIN""}, null, null]","{""itemSpacing"": {""type"": ""VARIABLE_ALIAS"", ""id"": ""VariableID:2:12""}, ""paddingLeft"": {""type"": ""VARIABLE_ALIAS"", ""id"": ""VariableID:2:14""}, ""paddingTop"": {""type"": ""VARIABLE_ALIAS"", ""id"": ""VariableID:2:14""}, ""paddingRight"": {""type"": ""VARIABLE_ALIAS"", ""id"": ""VariableID:2:14""}, ""paddingBottom"": {""type"": ""VARIABLE_ALIAS"", ""id"": ""VariableID:2:14""}, ""fills"": [{""type"": ""VARIABLE_ALIAS"", ""id"": ""VariableID:2:4""}], ""strokes"": [{""type"": ""VARIABLE_ALIAS"", ""id"": ""VariableID:2:6""}]}",null,Structural inventory; findings and text review identify assessed defects
13:43,I13:68;3:10,13:68,TEXT,Index,"[33, 33, 334, 18]",null,"{""fills"": [{""type"": ""VARIABLE_ALIAS"", ""id"": ""VariableID:2:10""}]}",null,Structural inventory; findings and text review identify assessed defects
13:43,I13:68;3:11,13:68,TEXT,Title,"[33, 67, 334, 31]",null,"{""fills"": [{""type"": ""VARIABLE_ALIAS"", ""id"": ""VariableID:2:7""}]}",null,Structural inventory; findings and text review identify assessed defects
13:43,I13:68;3:12,13:68,TEXT,Body,"[33, 114, 334, 116]",null,"{""fills"": [{""type"": ""VARIABLE_ALIAS"", ""id"": ""VariableID:2:8""}]}",null,Structural inventory; findings and text review identify assessed defects
13:43,13:72,13:63,INSTANCE,Card / Audit area,"[848, 0, 400, 263]","[""VERTICAL"", ""FIXED"", ""HUG"", ""NO_WRAP"", 32, 32, 32, 32, 16, false, ""AUTO"", {""horizontal"": ""MIN"", ""vertical"": ""MIN""}, null, null]","{""itemSpacing"": {""type"": ""VARIABLE_ALIAS"", ""id"": ""VariableID:2:12""}, ""paddingLeft"": {""type"": ""VARIABLE_ALIAS"", ""id"": ""VariableID:2:14""}, ""paddingTop"": {""type"": ""VARIABLE_ALIAS"", ""id"": ""VariableID:2:14""}, ""paddingRight"": {""type"": ""VARIABLE_ALIAS"", ""id"": ""VariableID:2:14""}, ""paddingBottom"": {""type"": ""VARIABLE_ALIAS"", ""id"": ""VariableID:2:14""}, ""fills"": [{""type"": ""VARIABLE_ALIAS"", ""id"": ""VariableID:2:4""}], ""strokes"": [{""type"": ""VARIABLE_ALIAS"", ""id"": ""VariableID:2:6""}]}",null,Structural inventory; findings and text review identify assessed defects
13:43,I13:72;3:10,13:72,TEXT,Index,"[33, 33, 334, 18]",null,"{""fills"": [{""type"": ""VARIABLE_ALIAS"", ""id"": ""VariableID:2:10""}]}",null,Structural inventory; findings and text review identify assessed defects
13:43,I13:72;3:11,13:72,TEXT,Title,"[33, 67, 334, 31]",null,"{""fills"": [{""type"": ""VARIABLE_ALIAS"", ""id"": ""VariableID:2:7""}]}",null,Structural inventory; findings and text review identify assessed defects
13:43,I13:72;3:12,13:72,TEXT,Body,"[33, 114, 334, 116]",null,"{""fills"": [{""type"": ""VARIABLE_ALIAS"", ""id"": ""VariableID:2:8""}]}",null,Structural inventory; findings and text review identify assessed defects
13:43,13:76,13:63,INSTANCE,Card / Audit area,"[0, 287, 400, 263]","[""VERTICAL"", ""FIXED"", ""HUG"", ""NO_WRAP"", 32, 32, 32, 32, 16, false, ""AUTO"", {""horizontal"": ""MIN"", ""vertical"": ""MIN""}, null, null]","{""itemSpacing"": {""type"": ""VARIABLE_ALIAS"", ""id"": ""VariableID:2:12""}, ""paddingLeft"": {""type"": ""VARIABLE_ALIAS"", ""id"": ""VariableID:2:14""}, ""paddingTop"": {""type"": ""VARIABLE_ALIAS"", ""id"": ""VariableID:2:14""}, ""paddingRight"": {""type"": ""VARIABLE_ALIAS"", ""id"": ""VariableID:2:14""}, ""paddingBottom"": {""type"": ""VARIABLE_ALIAS"", ""id"": ""VariableID:2:14""}, ""fills"": [{""type"": ""VARIABLE_ALIAS"", ""id"": ""VariableID:2:4""}], ""strokes"": [{""type"": ""VARIABLE_ALIAS"", ""id"": ""VariableID:2:6""}]}",null,Structural inventory; findings and text review identify assessed defects
13:43,I13:76;3:10,13:76,TEXT,Index,"[33, 33, 334, 18]",null,"{""fills"": [{""type"": ""VARIABLE_ALIAS"", ""id"": ""VariableID:2:10""}]}",null,Structural inventory; findings and text review identify assessed defects
13:43,I13:76;3:11,13:76,TEXT,Title,"[33, 67, 334, 31]",null,"{""fills"": [{""type"": ""VARIABLE_ALIAS"", ""id"": ""VariableID:2:7""}]}",null,Structural inventory; findings and text review identify assessed defects
13:43,I13:76;3:12,13:76,TEXT,Body,"[33, 114, 334, 116]",null,"{""fills"": [{""type"": ""VARIABLE_ALIAS"", ""id"": ""VariableID:2:8""}]}",null,Structural inventory; findings and text review identify assessed defects
13:43,13:80,13:63,INSTANCE,Card / Audit area,"[424, 287, 400, 263]","[""VERTICAL"", ""FIXED"", ""HUG"", ""NO_WRAP"", 32, 32, 32, 32, 16, false, ""AUTO"", {""horizontal"": ""MIN"", ""vertical"": ""MIN""}, null, null]","{""itemSpacing"": {""type"": ""VARIABLE_ALIAS"", ""id"": ""VariableID:2:12""}, ""paddingLeft"": {""type"": ""VARIABLE_ALIAS"", ""id"": ""VariableID:2:14""}, ""paddingTop"": {""type"": ""VARIABLE_ALIAS"", ""id"": ""VariableID:2:14""}, ""paddingRight"": {""type"": ""VARIABLE_ALIAS"", ""id"": ""VariableID:2:14""}, ""paddingBottom"": {""type"": ""VARIABLE_ALIAS"", ""id"": ""VariableID:2:14""}, ""fills"": [{""type"": ""VARIABLE_ALIAS"", ""id"": ""VariableID:2:4""}], ""strokes"": [{""type"": ""VARIABLE_ALIAS"", ""id"": ""VariableID:2:6""}]}",null,Structural inventory; findings and text review identify assessed defects
13:43,I13:80;3:10,13:80,TEXT,Index,"[33, 33, 334, 18]",null,"{""fills"": [{""type"": ""VARIABLE_ALIAS"", ""id"": ""VariableID:2:10""}]}",null,Structural inventory; findings and text review identify assessed defects
13:43,I13:80;3:11,13:80,TEXT,Title,"[33, 67, 334, 31]",null,"{""fills"": [{""type"": ""VARIABLE_ALIAS"", ""id"": ""VariableID:2:7""}]}",null,Structural inventory; findings and text review identify assessed defects
13:43,I13:80;3:12,13:80,TEXT,Body,"[33, 114, 334, 116]",null,"{""fills"": [{""type"": ""VARIABLE_ALIAS"", ""id"": ""VariableID:2:8""}]}",null,Structural inventory; findings and text review identify assessed defects
13:43,13:84,13:63,FRAME,Frame,"[848, 287, 400, 265]","[""VERTICAL"", ""FIXED"", ""FILL"", ""NO_WRAP"", 32, 32, 32, 32, 16, false, ""AUTO"", {""horizontal"": ""MIN"", ""vertical"": ""MIN""}, null, null]","{""itemSpacing"": {""type"": ""VARIABLE_ALIAS"", ""id"": ""VariableID:2:12""}, ""paddingLeft"": {""type"": ""VARIABLE_ALIAS"", ""id"": ""VariableID:2:14""}, ""paddingTop"": {""type"": ""VARIABLE_ALIAS"", ""id"": ""VariableID:2:14""}, ""paddingRight"": {""type"": ""VARIABLE_ALIAS"", ""id"": ""VariableID:2:14""}, ""paddingBottom"": {""type"": ""VARIABLE_ALIAS"", ""id"": ""VariableID:2:14""}, ""fills"": [{""type"": ""VARIABLE_ALIAS"", ""id"": ""VariableID:2:4""}]}",null,Structural inventory; findings and text review identify assessed defects
13:43,13:85,13:84,FRAME,Frame,"[32, 32, 336, 22]","[""HORIZONTAL"", ""FILL"", ""HUG"", ""NO_WRAP"", 0, 0, 0, 0, 0, false, ""AUTO"", {""horizontal"": ""MIN"", ""vertical"": ""MIN""}, null, null]",null,null,Structural inventory; findings and text review identify assessed defects
13:43,13:86,13:85,TEXT,06 / DIRECTIVE,"[0, 2, 88, 18]",null,null,null,Structural inventory; findings and text review identify assessed defects
13:43,13:87,13:85,FRAME,Frame,"[265, 0, 71, 22]","[""HORIZONTAL"", ""HUG"", ""HUG"", ""NO_WRAP"", 4, 10, 4, 10, 0, false, ""AUTO"", {""horizontal"": ""MIN"", ""vertical"": ""MIN""}, null, null]",null,null,Structural inventory; findings and text review identify assessed defects
13:43,13:88,13:87,TEXT,Inactive,"[10, 4, 51, 14]",null,null,null,Structural inventory; findings and text review identify assessed defects
13:43,13:89,13:84,TEXT,Availability,"[32, 70, 122, 31]",null,"{""fills"": [{""type"": ""VARIABLE_ALIAS"", ""id"": ""VariableID:2:7""}]}",null,Structural inventory; findings and text review identify assessed defects
13:43,13:90,13:84,TEXT,Truthful landing page explaining that audits are not currently booking or open for immediate sign-ups. No checkout or booking forms.,"[32, 117, 336, 116]",null,"{""fills"": [{""type"": ""VARIABLE_ALIAS"", ""id"": ""VariableID:2:8""}]}",null,Structural inventory; findings and text review identify assessed defects
13:43,13:91,13:43,LINE,Line,"[80, 1077, 1280, 0]",null,"{""strokes"": [{""type"": ""VARIABLE_ALIAS"", ""id"": ""VariableID:2:6""}]}",null,Structural inventory; findings and text review identify assessed defects
13:43,13:92,13:43,FRAME,Frame,"[80, 1125, 1280, 1050]","[""VERTICAL"", ""FILL"", ""HUG"", ""NO_WRAP"", 0, 0, 0, 0, 32, false, ""AUTO"", {""horizontal"": ""MIN"", ""vertical"": ""MIN""}, null, null]",null,null,Structural inventory; findings and text review identify assessed defects
13:43,13:93,13:92,FRAME,Frame,"[0, 0, 1280, 87]","[""VERTICAL"", ""FILL"", ""HUG"", ""NO_WRAP"", 0, 0, 0, 0, 8, false, ""AUTO"", {""horizontal"": ""MIN"", ""vertical"": ""MIN""}, null, null]",null,null,Structural inventory; findings and text review identify assessed defects
13:43,13:94,13:93,TEXT,Section 2,"[0, 0, 1280, 18]",null,"{""fills"": [{""type"": ""VARIABLE_ALIAS"", ""id"": ""VariableID:2:9""}]}",null,Structural inventory; findings and text review identify assessed defects
13:43,13:95,13:93,TEXT,Homepage Section Order & Intent,"[0, 26, 1280, 31]",null,"{""fills"": [{""type"": ""VARIABLE_ALIAS"", ""id"": ""VariableID:2:7""}]}",null,Structural inventory; findings and text review identify assessed defects
13:43,13:96,13:93,TEXT,"Detailed step-by-step layout of the homepage modules, specifying primary CTAs and underlying editorial rationale.","[0, 65, 1280, 22]",null,"{""fills"": [{""type"": ""VARIABLE_ALIAS"", ""id"": ""VariableID:2:8""}]}",null,Structural inventory; findings and text review identify assessed defects
13:43,13:97,13:92,FRAME,Frame,"[0, 119, 1280, 931]","[""VERTICAL"", ""FILL"", ""HUG"", ""NO_WRAP"", 0, 0, 0, 0, 0, true, ""AUTO"", {""horizontal"": ""MIN"", ""vertical"": ""MIN""}, null, null]","{""fills"": [{""type"": ""VARIABLE_ALIAS"", ""id"": ""VariableID:2:4""}], ""strokes"": [{""type"": ""VARIABLE_ALIAS"", ""id"": ""VariableID:2:6""}]}",null,Structural inventory; findings and text review identify assessed defects
13:43,13:98,13:97,FRAME,Frame,"[0, 0, 1280, 67]","[""HORIZONTAL"", ""FILL"", ""HUG"", ""NO_WRAP"", 24, 24, 24, 24, 24, false, ""AUTO"", {""horizontal"": ""MIN"", ""vertical"": ""MIN""}, null, null]","{""fills"": [{""type"": ""VARIABLE_ALIAS"", ""id"": ""VariableID:2:5""}]}",null,Structural inventory; findings and text review identify assessed defects
13:43,13:99,13:98,TEXT,Row,"[24, 24, 48, 19]",null,"{""fills"": [{""type"": ""VARIABLE_ALIAS"", ""id"": ""VariableID:2:7""}]}",null,Structural inventory; findings and text review identify assessed defects
13:43,13:100,13:98,TEXT,Section,"[96, 24, 200, 19]",null,"{""fills"": [{""type"": ""VARIABLE_ALIAS"", ""id"": ""VariableID:2:7""}]}",null,Structural inventory; findings and text review identify assessed defects
13:43,13:101,13:98,TEXT,Purpose & Rationale,"[320, 24, 652, 19]",null,"{""fills"": [{""type"": ""VARIABLE_ALIAS"", ""id"": ""VariableID:2:7""}]}",null,Structural inventory; findings and text review identify assessed defects
13:43,13:102,13:98,TEXT,Proposed Action / CTA,"[996, 24, 260, 19]",null,"{""fills"": [{""type"": ""VARIABLE_ALIAS"", ""id"": ""VariableID:2:7""}]}",null,Structural inventory; findings and text review identify assessed defects
13:43,13:103,13:97,FRAME,Frame,"[0, 67, 1280, 102]","[""HORIZONTAL"", ""FILL"", ""HUG"", ""NO_WRAP"", 24, 24, 24, 24, 24, false, ""AUTO"", {""horizontal"": ""MIN"", ""vertical"": ""MIN""}, null, null]","{""strokes"": [{""type"": ""VARIABLE_ALIAS"", ""id"": ""VariableID:2:6""}]}",null,Structural inventory; findings and text review identify assessed defects
13:43,13:104,13:103,TEXT,01,"[24, 40, 48, 22]",null,"{""fills"": [{""type"": ""VARIABLE_ALIAS"", ""id"": ""VariableID:2:10""}]}",null,Structural inventory; findings and text review identify assessed defects
13:43,13:105,13:103,TEXT,Hero Section,"[96, 35.5, 200, 31]",null,"{""fills"": [{""type"": ""VARIABLE_ALIAS"", ""id"": ""VariableID:2:7""}]}",null,Structural inventory; findings and text review identify assessed defects
13:43,13:106,13:103,TEXT,Explain the offer clearly: MindLeverX reviews search-readiness versus actual observed answers. Focus on ChatGPT observations of what buyers ask.,"[320, 29, 652, 44]",null,"{""fills"": [{""type"": ""VARIABLE_ALIAS"", ""id"": ""VariableID:2:8""}]}",null,Structural inventory; findings and text review identify assessed defects
13:43,13:107,13:103,FRAME,Frame,"[996, 24, 260, 54]","[""HORIZONTAL"", ""FIXED"", ""HUG"", ""NO_WRAP"", 0, 0, 0, 0, 0, false, ""AUTO"", {""horizontal"": ""MIN"", ""vertical"": ""MIN""}, null, null]",null,null,Structural inventory; findings and text review identify assessed defects
13:43,13:108,13:107,INSTANCE,Button / Primary,"[0, 0, 252, 54]","[""VERTICAL"", ""FIXED"", ""HUG"", ""NO_WRAP"", 16, 16, 16, 16, 16, false, ""AUTO"", {""horizontal"": ""MIN"", ""vertical"": ""MIN""}, null, null]","{""itemSpacing"": {""type"": ""VARIABLE_ALIAS"", ""id"": ""VariableID:2:12""}, ""paddingLeft"": {""type"": ""VARIABLE_ALIAS"", ""id"": ""VariableID:2:12""}, ""paddingTop"": {""type"": ""VARIABLE_ALIAS"", ""id"": ""VariableID:2:12""}, ""paddingRight"": {""type"": ""VARIABLE_ALIAS"", ""id"": ""VariableID:2:12""}, ""paddingBottom"": {""type"": ""VARIABLE_ALIAS"", ""id"": ""VariableID:2:12""}, ""fills"": [{""type"": ""VARIABLE_ALIAS"", ""id"": ""VariableID:2:9""}]}",null,Structural inventory; findings and text review identify assessed defects
13:43,I13:108;3:8,13:108,TEXT,Label,"[16, 16, 220, 22]",null,"{""fills"": [{""type"": ""VARIABLE_ALIAS"", ""id"": ""VariableID:2:3""}]}",null,Structural inventory; findings and text review identify assessed defects
13:43,13:110,13:97,FRAME,Frame,"[0, 169, 1280, 110]","[""HORIZONTAL"", ""FILL"", ""HUG"", ""NO_WRAP"", 24, 24, 24, 24, 24, false, ""AUTO"", {""horizontal"": ""MIN"", ""vertical"": ""MIN""}, null, null]","{""strokes"": [{""type"": ""VARIABLE_ALIAS"", ""id"": ""VariableID:2:6""}]}",null,Structural inventory; findings and text review identify assessed defects
13:43,13:111,13:110,TEXT,02,"[24, 44, 48, 22]",null,"{""fills"": [{""type"": ""VARIABLE_ALIAS"", ""id"": ""VariableID:2:10""}]}",null,Structural inventory; findings and text review identify assessed defects
13:43,13:112,13:110,TEXT,How the service works,"[96, 24, 200, 62]",null,"{""fills"": [{""type"": ""VARIABLE_ALIAS"", ""id"": ""VariableID:2:7""}]}",null,Structural inventory; findings and text review identify assessed defects
13:43,13:113,13:110,TEXT,"Map the proposed method: search-readiness audit, qualified collection of observed answers, and final synthesis of actionable recommendations.","[320, 33, 652, 44]",null,"{""fills"": [{""type"": ""VARIABLE_ALIAS"", ""id"": ""VariableID:2:8""}]}",null,Structural inventory; findings and text review identify assessed defects
13:43,13:114,13:110,FRAME,Frame,"[996, 28, 260, 54]","[""HORIZONTAL"", ""FIXED"", ""HUG"", ""NO_WRAP"", 0, 0, 0, 0, 0, false, ""AUTO"", {""horizontal"": ""MIN"", ""vertical"": ""MIN""}, null, null]",null,null,Structural inventory; findings and text review identify assessed defects
13:43,13:115,13:114,INSTANCE,Button / Primary,"[0, 0, 252, 54]","[""VERTICAL"", ""FIXED"", ""HUG"", ""NO_WRAP"", 16, 16, 16, 16, 16, false, ""AUTO"", {""horizontal"": ""MIN"", ""vertical"": ""MIN""}, null, null]","{""itemSpacing"": {""type"": ""VARIABLE_ALIAS"", ""id"": ""VariableID:2:12""}, ""paddingLeft"": {""type"": ""VARIABLE_ALIAS"", ""id"": ""VariableID:2:12""}, ""paddingTop"": {""type"": ""VARIABLE_ALIAS"", ""id"": ""VariableID:2:12""}, ""paddingRight"": {""type"": ""VARIABLE_ALIAS"", ""id"": ""VariableID:2:12""}, ""paddingBottom"": {""type"": ""VARIABLE_ALIAS"", ""id"": ""VariableID:2:12""}, ""fills"": [{""type"": ""VARIABLE_ALIAS"", ""id"": ""VariableID:2:9""}]}",null,Structural inventory; findings and text review identify assessed defects
13:43,I13:115;3:8,13:115,TEXT,Label,"[16, 16, 220, 22]",null,"{""fills"": [{""type"": ""VARIABLE_ALIAS"", ""id"": ""VariableID:2:3""}]}",null,Structural inventory; findings and text review identify assessed defects
13:43,13:117,13:97,FRAME,Frame,"[0, 279, 1280, 110]","[""HORIZONTAL"", ""FILL"", ""HUG"", ""NO_WRAP"", 24, 24, 24, 24, 24, false, ""AUTO"", {""horizontal"": ""MIN"", ""vertical"": ""MIN""}, null, null]","{""strokes"": [{""type"": ""VARIABLE_ALIAS"", ""id"": ""VariableID:2:6""}]}",null,Structural inventory; findings and text review identify assessed defects
13:43,13:118,13:117,TEXT,03,"[24, 44, 48, 22]",null,"{""fills"": [{""type"": ""VARIABLE_ALIAS"", ""id"": ""VariableID:2:10""}]}",null,Structural inventory; findings and text review identify assessed defects
13:43,13:119,13:117,TEXT,Proposed deliverables,"[96, 24, 200, 62]",null,"{""fills"": [{""type"": ""VARIABLE_ALIAS"", ""id"": ""VariableID:2:7""}]}",null,Structural inventory; findings and text review identify assessed defects
13:43,13:120,13:117,TEXT,Outline what the client receives. Focus on illustrative outputs without implying private delivery or completed recurring infrastructure.,"[320, 33, 652, 44]",null,"{""fills"": [{""type"": ""VARIABLE_ALIAS"", ""id"": ""VariableID:2:8""}]}",null,Structural inventory; findings and text review identify assessed defects
13:43,13:121,13:117,FRAME,Frame,"[996, 28, 260, 54]","[""HORIZONTAL"", ""FIXED"", ""HUG"", ""NO_WRAP"", 0, 0, 0, 0, 0, false, ""AUTO"", {""horizontal"": ""MIN"", ""vertical"": ""MIN""}, null, null]",null,null,Structural inventory; findings and text review identify assessed defects
13:43,13:122,13:121,INSTANCE,Button / Primary,"[0, 0, 252, 54]","[""VERTICAL"", ""FIXED"", ""HUG"", ""NO_WRAP"", 16, 16, 16, 16, 16, false, ""AUTO"", {""horizontal"": ""MIN"", ""vertical"": ""MIN""}, null, null]","{""itemSpacing"": {""type"": ""VARIABLE_ALIAS"", ""id"": ""VariableID:2:12""}, ""paddingLeft"": {""type"": ""VARIABLE_ALIAS"", ""id"": ""VariableID:2:12""}, ""paddingTop"": {""type"": ""VARIABLE_ALIAS"", ""id"": ""VariableID:2:12""}, ""paddingRight"": {""type"": ""VARIABLE_ALIAS"", ""id"": ""VariableID:2:12""}, ""paddingBottom"": {""type"": ""VARIABLE_ALIAS"", ""id"": ""VariableID:2:12""}, ""fills"": [{""type"": ""VARIABLE_ALIAS"", ""id"": ""VariableID:2:9""}]}",null,Structural inventory; findings and text review identify assessed defects
13:43,I13:122;3:8,13:122,TEXT,Label,"[16, 16, 220, 22]",null,"{""fills"": [{""type"": ""VARIABLE_ALIAS"", ""id"": ""VariableID:2:3""}]}",null,Structural inventory; findings and text review identify assessed defects
13:43,13:124,13:97,FRAME,Frame,"[0, 389, 1280, 110]","[""HORIZONTAL"", ""FILL"", ""HUG"", ""NO_WRAP"", 24, 24, 24, 24, 24, false, ""AUTO"", {""horizontal"": ""MIN"", ""vertical"": ""MIN""}, null, null]","{""strokes"": [{""type"": ""VARIABLE_ALIAS"", ""id"": ""VariableID:2:6""}]}",null,Structural inventory; findings and text review identify assessed defects
13:43,13:125,13:124,TEXT,04,"[24, 44, 48, 22]",null,"{""fills"": [{""type"": ""VARIABLE_ALIAS"", ""id"": ""VariableID:2:10""}]}",null,Structural inventory; findings and text review identify assessed defects
13:43,13:126,13:124,TEXT,Why evidence matters,"[96, 24, 200, 62]",null,"{""fills"": [{""type"": ""VARIABLE_ALIAS"", ""id"": ""VariableID:2:7""}]}",null,Structural inventory; findings and text review identify assessed defects
13:43,13:127,13:124,TEXT,"Demonstrate why prompt dates, screenshots, and exact context override unsupported 'score' metrics or generic AI visibility claims.","[320, 33, 652, 44]",null,"{""fills"": [{""type"": ""VARIABLE_ALIAS"", ""id"": ""VariableID:2:8""}]}",null,Structural inventory; findings and text review identify assessed defects
13:43,13:128,13:124,FRAME,Frame,"[996, 28, 260, 54]","[""HORIZONTAL"", ""FIXED"", ""HUG"", ""NO_WRAP"", 0, 0, 0, 0, 0, false, ""AUTO"", {""horizontal"": ""MIN"", ""vertical"": ""MIN""}, null, null]",null,null,Structural inventory; findings and text review identify assessed defects
13:43,13:129,13:128,INSTANCE,Button / Primary,"[0, 0, 252, 54]","[""VERTICAL"", ""FIXED"", ""HUG"", ""NO_WRAP"", 16, 16, 16, 16, 16, false, ""AUTO"", {""horizontal"": ""MIN"", ""vertical"": ""MIN""}, null, null]","{""itemSpacing"": {""type"": ""VARIABLE_ALIAS"", ""id"": ""VariableID:2:12""}, ""paddingLeft"": {""type"": ""VARIABLE_ALIAS"", ""id"": ""VariableID:2:12""}, ""paddingTop"": {""type"": ""VARIABLE_ALIAS"", ""id"": ""VariableID:2:12""}, ""paddingRight"": {""type"": ""VARIABLE_ALIAS"", ""id"": ""VariableID:2:12""}, ""paddingBottom"": {""type"": ""VARIABLE_ALIAS"", ""id"": ""VariableID:2:12""}, ""fills"": [{""type"": ""VARIABLE_ALIAS"", ""id"": ""VariableID:2:9""}]}",null,Structural inventory; findings and text review identify assessed defects
13:43,I13:129;3:8,13:129,TEXT,Label,"[16, 16, 220, 22]",null,"{""fills"": [{""type"": ""VARIABLE_ALIAS"", ""id"": ""VariableID:2:3""}]}",null,Structural inventory; findings and text review identify assessed defects
13:43,13:131,13:97,FRAME,Frame,"[0, 499, 1280, 110]","[""HORIZONTAL"", ""FILL"", ""HUG"", ""NO_WRAP"", 24, 24, 24, 24, 24, false, ""AUTO"", {""horizontal"": ""MIN"", ""vertical"": ""MIN""}, null, null]","{""strokes"": [{""type"": ""VARIABLE_ALIAS"", ""id"": ""VariableID:2:6""}]}",null,Structural inventory; findings and text review identify assessed defects
13:43,13:132,13:131,TEXT,05,"[24, 44, 48, 22]",null,"{""fills"": [{""type"": ""VARIABLE_ALIAS"", ""id"": ""VariableID:2:10""}]}",null,Structural inventory; findings and text review identify assessed defects
13:43,13:133,13:131,TEXT,Illustrative example,"[96, 24, 200, 62]",null,"{""fills"": [{""type"": ""VARIABLE_ALIAS"", ""id"": ""VariableID:2:7""}]}",null,Structural inventory; findings and text review identify assessed defects
13:43,13:134,13:131,TEXT,Show an interactive mock-up report organizing observed answers. Labeled 'ILLUSTRATIVE' at point of use to remain strictly clear on current capability.,"[320, 33, 652, 44]",null,"{""fills"": [{""type"": ""VARIABLE_ALIAS"", ""id"": ""VariableID:2:8""}]}",null,Structural inventory; findings and text review identify assessed defects
13:43,13:135,13:131,FRAME,Frame,"[996, 28, 260, 54]","[""HORIZONTAL"", ""FIXED"", ""HUG"", ""NO_WRAP"", 0, 0, 0, 0, 0, false, ""AUTO"", {""horizontal"": ""MIN"", ""vertical"": ""MIN""}, null, null]",null,null,Structural inventory; findings and text review identify assessed defects
13:43,13:136,13:135,INSTANCE,Button / Primary,"[0, 0, 252, 54]","[""VERTICAL"", ""FIXED"", ""HUG"", ""NO_WRAP"", 16, 16, 16, 16, 16, false, ""AUTO"", {""horizontal"": ""MIN"", ""vertical"": ""MIN""}, null, null]","{""itemSpacing"": {""type"": ""VARIABLE_ALIAS"", ""id"": ""VariableID:2:12""}, ""paddingLeft"": {""type"": ""VARIABLE_ALIAS"", ""id"": ""VariableID:2:12""}, ""paddingTop"": {""type"": ""VARIABLE_ALIAS"", ""id"": ""VariableID:2:12""}, ""paddingRight"": {""type"": ""VARIABLE_ALIAS"", ""id"": ""VariableID:2:12""}, ""paddingBottom"": {""type"": ""VARIABLE_ALIAS"", ""id"": ""VariableID:2:12""}, ""fills"": [{""type"": ""VARIABLE_ALIAS"", ""id"": ""VariableID:2:9""}]}",null,Structural inventory; findings and text review identify assessed defects
13:43,I13:136;3:8,13:136,TEXT,Label,"[16, 16, 220, 22]",null,"{""fills"": [{""type"": ""VARIABLE_ALIAS"", ""id"": ""VariableID:2:3""}]}",null,Structural inventory; findings and text review identify assessed defects
13:43,13:138,13:97,FRAME,Frame,"[0, 609, 1280, 102]","[""HORIZONTAL"", ""FILL"", ""HUG"", ""NO_WRAP"", 24, 24, 24, 24, 24, false, ""AUTO"", {""horizontal"": ""MIN"", ""vertical"": ""MIN""}, null, null]","{""strokes"": [{""type"": ""VARIABLE_ALIAS"", ""id"": ""VariableID:2:6""}]}",null,Structural inventory; findings and text review identify assessed defects
13:43,13:139,13:138,TEXT,06,"[24, 40, 48, 22]",null,"{""fills"": [{""type"": ""VARIABLE_ALIAS"", ""id"": ""VariableID:2:10""}]}",null,Structural inventory; findings and text review identify assessed defects
13:43,13:140,13:138,TEXT,What is GEO?,"[96, 35.5, 200, 31]",null,"{""fills"": [{""type"": ""VARIABLE_ALIAS"", ""id"": ""VariableID:2:7""}]}",null,Structural inventory; findings and text review identify assessed defects
13:43,13:141,13:138,TEXT,"Plain-language education on Generative Engine Optimization. Avoid guarantees of rankings, leads, citations, or synthetic lift.","[320, 29, 652, 44]",null,"{""fills"": [{""type"": ""VARIABLE_ALIAS"", ""id"": ""VariableID:2:8""}]}",null,Structural inventory; findings and text review identify assessed defects
13:43,13:142,13:138,FRAME,Frame,"[996, 24, 260, 54]","[""HORIZONTAL"", ""FIXED"", ""HUG"", ""NO_WRAP"", 0, 0, 0, 0, 0, false, ""AUTO"", {""horizontal"": ""MIN"", ""vertical"": ""MIN""}, null, null]",null,null,Structural inventory; findings and text review identify assessed defects
13:43,13:143,13:142,INSTANCE,Button / Primary,"[0, 0, 252, 54]","[""VERTICAL"", ""FIXED"", ""HUG"", ""NO_WRAP"", 16, 16, 16, 16, 16, false, ""AUTO"", {""horizontal"": ""MIN"", ""vertical"": ""MIN""}, null, null]","{""itemSpacing"": {""type"": ""VARIABLE_ALIAS"", ""id"": ""VariableID:2:12""}, ""paddingLeft"": {""type"": ""VARIABLE_ALIAS"", ""id"": ""VariableID:2:12""}, ""paddingTop"": {""type"": ""VARIABLE_ALIAS"", ""id"": ""VariableID:2:12""}, ""paddingRight"": {""type"": ""VARIABLE_ALIAS"", ""id"": ""VariableID:2:12""}, ""paddingBottom"": {""type"": ""VARIABLE_ALIAS"", ""id"": ""VariableID:2:12""}, ""fills"": [{""type"": ""VARIABLE_ALIAS"", ""id"": ""VariableID:2:9""}]}",null,Structural inventory; findings and text review identify assessed defects
13:43,I13:143;3:8,13:143,TEXT,Label,"[16, 16, 220, 22]",null,"{""fills"": [{""type"": ""VARIABLE_ALIAS"", ""id"": ""VariableID:2:3""}]}",null,Structural inventory; findings and text review identify assessed defects
13:43,13:145,13:97,FRAME,Frame,"[0, 711, 1280, 110]","[""HORIZONTAL"", ""FILL"", ""HUG"", ""NO_WRAP"", 24, 24, 24, 24, 24, false, ""AUTO"", {""horizontal"": ""MIN"", ""vertical"": ""MIN""}, null, null]","{""strokes"": [{""type"": ""VARIABLE_ALIAS"", ""id"": ""VariableID:2:6""}]}",null,Structural inventory; findings and text review identify assessed defects
13:43,13:146,13:145,TEXT,07,"[24, 44, 48, 22]",null,"{""fills"": [{""type"": ""VARIABLE_ALIAS"", ""id"": ""VariableID:2:10""}]}",null,Structural inventory; findings and text review identify assessed defects
13:43,13:147,13:145,TEXT,About MindLeverX,"[96, 24, 200, 62]",null,"{""fills"": [{""type"": ""VARIABLE_ALIAS"", ""id"": ""VariableID:2:7""}]}",null,Structural inventory; findings and text review identify assessed defects
13:43,13:148,13:145,TEXT,"A clear statement of perspective and current product stage. No client result claims, completed testimonials, or partner logos.","[320, 33, 652, 44]",null,"{""fills"": [{""type"": ""VARIABLE_ALIAS"", ""id"": ""VariableID:2:8""}]}",null,Structural inventory; findings and text review identify assessed defects
13:43,13:149,13:145,FRAME,Frame,"[996, 28, 260, 54]","[""HORIZONTAL"", ""FIXED"", ""HUG"", ""NO_WRAP"", 0, 0, 0, 0, 0, false, ""AUTO"", {""horizontal"": ""MIN"", ""vertical"": ""MIN""}, null, null]",null,null,Structural inventory; findings and text review identify assessed defects
13:43,13:150,13:149,INSTANCE,Button / Primary,"[0, 0, 252, 54]","[""VERTICAL"", ""FIXED"", ""HUG"", ""NO_WRAP"", 16, 16, 16, 16, 16, false, ""AUTO"", {""horizontal"": ""MIN"", ""vertical"": ""MIN""}, null, null]","{""itemSpacing"": {""type"": ""VARIABLE_ALIAS"", ""id"": ""VariableID:2:12""}, ""paddingLeft"": {""type"": ""VARIABLE_ALIAS"", ""id"": ""VariableID:2:12""}, ""paddingTop"": {""type"": ""VARIABLE_ALIAS"", ""id"": ""VariableID:2:12""}, ""paddingRight"": {""type"": ""VARIABLE_ALIAS"", ""id"": ""VariableID:2:12""}, ""paddingBottom"": {""type"": ""VARIABLE_ALIAS"", ""id"": ""VariableID:2:12""}, ""fills"": [{""type"": ""VARIABLE_ALIAS"", ""id"": ""VariableID:2:9""}]}",null,Structural inventory; findings and text review identify assessed defects
13:43,I13:150;3:8,13:150,TEXT,Label,"[16, 16, 220, 22]",null,"{""fills"": [{""type"": ""VARIABLE_ALIAS"", ""id"": ""VariableID:2:3""}]}",null,Structural inventory; findings and text review identify assessed defects
13:43,13:152,13:97,FRAME,Frame,"[0, 821, 1280, 110]","[""HORIZONTAL"", ""FILL"", ""HUG"", ""NO_WRAP"", 24, 24, 24, 24, 24, false, ""AUTO"", {""horizontal"": ""MIN"", ""vertical"": ""MIN""}, null, null]","{""strokes"": [{""type"": ""VARIABLE_ALIAS"", ""id"": ""VariableID:2:6""}]}",null,Structural inventory; findings and text review identify assessed defects
13:43,13:153,13:152,TEXT,08,"[24, 44, 48, 22]",null,"{""fills"": [{""type"": ""VARIABLE_ALIAS"", ""id"": ""VariableID:2:10""}]}",null,Structural inventory; findings and text review identify assessed defects
13:43,13:154,13:152,TEXT,Availability & Outlook,"[96, 24, 200, 62]",null,"{""fills"": [{""type"": ""VARIABLE_ALIAS"", ""id"": ""VariableID:2:7""}]}",null,Structural inventory; findings and text review identify assessed defects
13:43,13:155,13:152,TEXT,State that public audit requests and subscriptions are closed. No mailbox or waitlist is configured; link to resources visitors can explore now.,"[320, 33, 652, 44]",null,"{""fills"": [{""type"": ""VARIABLE_ALIAS"", ""id"": ""VariableID:2:8""}]}",null,Structural inventory; findings and text review identify assessed defects
13:43,13:156,13:152,FRAME,Frame,"[996, 28, 260, 54]","[""HORIZONTAL"", ""FIXED"", ""HUG"", ""NO_WRAP"", 0, 0, 0, 0, 0, false, ""AUTO"", {""horizontal"": ""MIN"", ""vertical"": ""MIN""}, null, null]",null,null,Structural inventory; findings and text review identify assessed defects
13:43,13:157,13:156,INSTANCE,Button / Primary,"[0, 0, 252, 54]","[""VERTICAL"", ""FIXED"", ""HUG"", ""NO_WRAP"", 16, 16, 16, 16, 16, false, ""AUTO"", {""horizontal"": ""MIN"", ""vertical"": ""MIN""}, null, null]","{""itemSpacing"": {""type"": ""VARIABLE_ALIAS"", ""id"": ""VariableID:2:12""}, ""paddingLeft"": {""type"": ""VARIABLE_ALIAS"", ""id"": ""VariableID:2:12""}, ""paddingTop"": {""type"": ""VARIABLE_ALIAS"", ""id"": ""VariableID:2:12""}, ""paddingRight"": {""type"": ""VARIABLE_ALIAS"", ""id"": ""VariableID:2:12""}, ""paddingBottom"": {""type"": ""VARIABLE_ALIAS"", ""id"": ""VariableID:2:12""}, ""fills"": [{""type"": ""VARIABLE_ALIAS"", ""id"": ""VariableID:2:9""}]}",null,Structural inventory; findings and text review identify assessed defects
13:43,I13:157;3:8,13:157,TEXT,Label,"[16, 16, 220, 22]",null,"{""fills"": [{""type"": ""VARIABLE_ALIAS"", ""id"": ""VariableID:2:3""}]}",null,Structural inventory; findings and text review identify assessed defects
13:43,13:159,13:43,FRAME,Frame,"[80, 2223, 1280, 126]","[""VERTICAL"", ""FILL"", ""HUG"", ""NO_WRAP"", 24, 24, 24, 24, 12, false, ""AUTO"", {""horizontal"": ""MIN"", ""vertical"": ""MIN""}, null, null]","{""fills"": [{""type"": ""VARIABLE_ALIAS"", ""id"": ""VariableID:2:5""}]}",null,Structural inventory; findings and text review identify assessed defects
13:43,13:160,13:159,FRAME,Frame,"[24, 24, 427, 22]","[""HORIZONTAL"", ""HUG"", ""HUG"", ""NO_WRAP"", 0, 0, 0, 0, 8, false, ""AUTO"", {""horizontal"": ""MIN"", ""vertical"": ""MIN""}, null, null]",null,null,Structural inventory; findings and text review identify assessed defects
13:43,13:161,13:160,FRAME,Frame,"[0, 0, 152, 22]","[""HORIZONTAL"", ""HUG"", ""HUG"", ""NO_WRAP"", 4, 10, 4, 10, 0, false, ""AUTO"", {""horizontal"": ""MIN"", ""vertical"": ""MIN""}, null, null]",null,null,Structural inventory; findings and text review identify assessed defects
13:43,13:162,13:161,TEXT,Compliance Directive,"[10, 4, 132, 14]",null,null,null,Structural inventory; findings and text review identify assessed defects
13:43,13:163,13:160,TEXT,Content Guardrails & Honesty Standard,"[160, 1.5, 267, 19]",null,"{""fills"": [{""type"": ""VARIABLE_ALIAS"", ""id"": ""VariableID:2:7""}]}",null,Structural inventory; findings and text review identify assessed defects
13:43,13:164,13:159,TEXT,"Buyer segments, exact parameters, pricing, and launch dates remain owner decisions. This blueprint must not imply live real-time monitoring, completed customer dashboards, automated client result claims, outcomes, mock guarantees, external testimonials, client logos, or booking flows. All sample metrics/reports must explicitly state ""ILLUSTRATIVE"" on final mockups.","[24, 58, 1232, 44]",null,"{""fills"": [{""type"": ""VARIABLE_ALIAS"", ""id"": ""VariableID:2:8""}]}",null,Structural inventory; findings and text review identify assessed defects
